
--
-- Grados
--
  INSERT INTO public.grado(id, nombre, image_src)
    VALUES (0, 'Preescolar', '/assets/images/preescolar.png');

  
  INSERT INTO public.grado(id, nombre, image_src)
    VALUES (1, 'Primer grado', '/assets/images/primer-grado.png');

  
  INSERT INTO public.grado(id, nombre, image_src)
    VALUES (2, 'Segundo grado', '/assets/images/segundo-grado.png');

  
  INSERT INTO public.grado(id, nombre, image_src)
    VALUES (3, 'Tercer Grado', '/assets/images/tercer-grado.png');

  
  INSERT INTO public.grado(id, nombre, image_src)
    VALUES (4, 'Cuarto Grado', '/assets/images/cuarto-grado.png');

  
  INSERT INTO public.grado(id, nombre, image_src)
    VALUES (5, 'Quinto Grado', '/assets/images/quinto-grado.png');

  
  INSERT INTO public.grado(id, nombre, image_src)
    VALUES (6, 'Sexto Grado', '/assets/images/sexto-grado.png');

  


--
-- Temas
--
  INSERT INTO public.tema(id, nombre, image_src, es_categoria)
    VALUES (0, 'Alimentos', '/assets/images/alimentos.png', true);
  
  
  INSERT INTO public.tema(id, nombre, image_src, es_categoria)
    VALUES (1, 'Animales', '/assets/images/animales.png', true);
  
  
  INSERT INTO public.tema(id, nombre, image_src, es_categoria)
    VALUES (2, 'Arboles', '/assets/images/arboles.png', true);
  
  
  INSERT INTO public.tema(id, nombre, image_src, es_categoria)
    VALUES (3, 'Articulos de uso Personal', '/assets/images/articulos-de-uso-personal.png', true);
  
  
  INSERT INTO public.tema(id, nombre, image_src, es_categoria)
    VALUES (4, 'Colores', '/assets/images/colores.png', true);
  
  
  INSERT INTO public.tema(id, nombre, image_src, es_categoria)
    VALUES (5, 'Días de la semana', '/assets/images/días-de-la-semana.png', true);
  
  
  INSERT INTO public.tema(id, nombre, image_src, es_categoria)
    VALUES (6, 'Dulces/Postres/Golosinas', '/assets/images/dulces-postres-golosinas.png', true);
  
  
  INSERT INTO public.tema(id, nombre, image_src, es_categoria)
    VALUES (7, 'Enfermedades', '/assets/images/enfermedades.png', true);
  
  
  INSERT INTO public.tema(id, nombre, image_src, es_categoria)
    VALUES (8, 'Figuras geométricas', '/assets/images/figuras.png', true);
  
  
  INSERT INTO public.tema(id, nombre, image_src, es_categoria)
    VALUES (9, 'Frutas', '/assets/images/frutas.png', true);
  
  
  INSERT INTO public.tema(id, nombre, image_src, es_categoria)
    VALUES (10, 'Flores', '/assets/images/flores.png', true);
  
  
  INSERT INTO public.tema(id, nombre, image_src, es_categoria)
    VALUES (11, 'Juguetes/Juegos/Deportes', '/assets/images/juegos.png', true);
  
  
  INSERT INTO public.tema(id, nombre, image_src, es_categoria)
    VALUES (12, 'Lugares', '/assets/images/lugares.png', true);
  
  
  INSERT INTO public.tema(id, nombre, image_src, es_categoria)
    VALUES (13, 'Lugares de Mérida', '/assets/images/lugares-de-merida.png', true);
  
  
  INSERT INTO public.tema(id, nombre, image_src, es_categoria)
    VALUES (14, 'Medios de transporte', '/assets/images/medios-de-transporte.png', true);
  
  
  INSERT INTO public.tema(id, nombre, image_src, es_categoria)
    VALUES (15, 'Meses del año', '/assets/images/meses-del-ano.png', true);
  
  
  INSERT INTO public.tema(id, nombre, image_src, es_categoria)
    VALUES (16, 'Noción de cantidad', '/assets/images/nocion-de-cantidad.png', true);
  
  
  INSERT INTO public.tema(id, nombre, image_src, es_categoria)
    VALUES (17, 'Noción de tamaño', '/assets/images/nocion-de-tamano.png', true);
  
  
  INSERT INTO public.tema(id, nombre, image_src, es_categoria)
    VALUES (18, 'Noción espacial', '/assets/images/nocion-espacial.png', true);
  
  
  INSERT INTO public.tema(id, nombre, image_src, es_categoria)
    VALUES (19, 'Noción temporal', '/assets/images/nocion-temporal.png', true);
  
  
  INSERT INTO public.tema(id, nombre, image_src, es_categoria)
    VALUES (20, 'Numeros', '/assets/images/numeros.png', true);
  
  
  INSERT INTO public.tema(id, nombre, image_src, es_categoria)
    VALUES (21, 'Objetos del hogar', '/assets/images/objetos-del-hogar.png', true);
  
  
  INSERT INTO public.tema(id, nombre, image_src, es_categoria)
    VALUES (22, 'Oficios y Profesiones', '/assets/images/oficios-y-profesiones.png', true);
  
  
  INSERT INTO public.tema(id, nombre, image_src, es_categoria)
    VALUES (23, 'Partes del cuerpo', '/assets/images/partes-del-cuerpo.png', true);
  
  
  INSERT INTO public.tema(id, nombre, image_src, es_categoria)
    VALUES (24, 'Personajes historicos', '/assets/images/personajes-historicos.png', true);
  
  
  INSERT INTO public.tema(id, nombre, image_src, es_categoria)
    VALUES (25, 'Personas', '/assets/images/personas.png', true);
  
  
  INSERT INTO public.tema(id, nombre, image_src, es_categoria)
    VALUES (26, 'Ropa', '/assets/images/ropa.png', true);
  
  
  INSERT INTO public.tema(id, nombre, image_src, es_categoria)
    VALUES (27, 'Simbolos', '/assets/images/simbolos.png', true);
  
  
  INSERT INTO public.tema(id, nombre, image_src, es_categoria)
    VALUES (28, 'Sintomas', '/assets/images/sintomas.png', true);
  
  
  INSERT INTO public.tema(id, nombre, image_src, es_categoria)
    VALUES (29, 'Utensilios de cocina', '/assets/images/utensilios-de-cocina.png', true);
  
  
  INSERT INTO public.tema(id, nombre, image_src, es_categoria)
    VALUES (30, 'Utiles escolares', '/assets/images/utiles-escolares.png', true);
  
  
  INSERT INTO public.tema(id, nombre, image_src, es_categoria)
    VALUES (31, 'Verduras y hortalizas', '/assets/images/verduras-y-hortalizas.png', true);
  
  
  INSERT INTO public.tema(id, nombre, image_src, es_categoria)
    VALUES (32, 'Prueba Exploratoria - Preescolar', '/assets/images/prueba-exploratoria.png', false);
  
  
  INSERT INTO public.tema(id, nombre, image_src, es_categoria)
    VALUES (33, 'Prueba Exploratoria - Primer Grado', '/assets/images/prueba-exploratoria.png', false);
  
  
  INSERT INTO public.tema(id, nombre, image_src, es_categoria)
    VALUES (34, 'Prueba Exploratoria - Segundo Grado', '/assets/images/prueba-exploratoria.png', false);
  
  
  INSERT INTO public.tema(id, nombre, image_src, es_categoria)
    VALUES (35, 'Prueba Exploratoria - Tercer Grado', '/assets/images/prueba-exploratoria.png', false);
  
  
  INSERT INTO public.tema(id, nombre, image_src, es_categoria)
    VALUES (36, 'Prueba Exploratoria - Cuarto Grado', '/assets/images/prueba-exploratoria.png', false);
  
  
  INSERT INTO public.tema(id, nombre, image_src, es_categoria)
    VALUES (37, 'Prueba Exploratoria - Quinto Grado', '/assets/images/prueba-exploratoria.png', false);
  
  
  INSERT INTO public.tema(id, nombre, image_src, es_categoria)
    VALUES (38, 'Prueba Exploratoria - Sexto Grado', '/assets/images/prueba-exploratoria.png', false);
  
  


--
-- Vocablos
--
    INSERT INTO public.vocablo(id, palabra, tema_id)
      VALUES (0, 'a', 32);
    
    INSERT INTO public.recurso(id, tipo, enlace, vocablo_id)
      VALUES (0, 'image', '/assets/images/a.png', 0);

    INSERT INTO public.recurso(id, tipo, enlace, vocablo_id)
      VALUES (1, 'video', 'https://www.youtube.com/watch?v=7Fo3VTzCjt4', 0);
    
    INSERT INTO public.vocablo(id, palabra, tema_id)
      VALUES (1, 'e', 32);
    
    INSERT INTO public.recurso(id, tipo, enlace, vocablo_id)
      VALUES (2, 'image', '/assets/images/e.png', 1);

    INSERT INTO public.recurso(id, tipo, enlace, vocablo_id)
      VALUES (3, 'video', 'https://www.youtube.com/watch?v=HWSgmDNz4ig', 1);
    
    INSERT INTO public.vocablo(id, palabra, tema_id)
      VALUES (2, 'i', 32);
    
    INSERT INTO public.recurso(id, tipo, enlace, vocablo_id)
      VALUES (4, 'image', '/assets/images/i.png', 2);

    INSERT INTO public.recurso(id, tipo, enlace, vocablo_id)
      VALUES (5, 'video', 'https://www.youtube.com/watch?v=Vhuke-sbzTg', 2);
    
    INSERT INTO public.vocablo(id, palabra, tema_id)
      VALUES (3, 'o', 32);
    
    INSERT INTO public.recurso(id, tipo, enlace, vocablo_id)
      VALUES (6, 'image', '/assets/images/o.png', 3);

    INSERT INTO public.recurso(id, tipo, enlace, vocablo_id)
      VALUES (7, 'video', 'https://www.youtube.com/watch?v=XP3ChMThcCs', 3);
    
    INSERT INTO public.vocablo(id, palabra, tema_id)
      VALUES (4, 'u', 32);
    
    INSERT INTO public.recurso(id, tipo, enlace, vocablo_id)
      VALUES (8, 'image', '/assets/images/u.png', 4);

    INSERT INTO public.recurso(id, tipo, enlace, vocablo_id)
      VALUES (9, 'video', 'https://www.youtube.com/watch?v=3vDvzMSYODY', 4);
    
    INSERT INTO public.vocablo(id, palabra, tema_id)
      VALUES (5, 'Uno', 32);
    
    INSERT INTO public.recurso(id, tipo, enlace, vocablo_id)
      VALUES (10, 'image', '/assets/images/uno.png', 5);

    INSERT INTO public.recurso(id, tipo, enlace, vocablo_id)
      VALUES (11, 'video', 'https://www.youtube.com/watch?v=tY1J669yyps', 5);
    
    INSERT INTO public.vocablo(id, palabra, tema_id)
      VALUES (6, 'Dos', 32);
    
    INSERT INTO public.recurso(id, tipo, enlace, vocablo_id)
      VALUES (12, 'image', '/assets/images/dos.png', 6);

    INSERT INTO public.recurso(id, tipo, enlace, vocablo_id)
      VALUES (13, 'video', 'https://www.youtube.com/watch?v=ue-n3mSGziE', 6);
    
    INSERT INTO public.vocablo(id, palabra, tema_id)
      VALUES (7, 'Tres', 32);
    
    INSERT INTO public.recurso(id, tipo, enlace, vocablo_id)
      VALUES (14, 'image', '/assets/images/tres.png', 7);

    INSERT INTO public.recurso(id, tipo, enlace, vocablo_id)
      VALUES (15, 'video', 'https://www.youtube.com/watch?v=k2kHfWCrSpw', 7);
    
    INSERT INTO public.vocablo(id, palabra, tema_id)
      VALUES (8, 'Amarillo', 32);
    
    INSERT INTO public.recurso(id, tipo, enlace, vocablo_id)
      VALUES (16, 'image', '/assets/images/amarillo.png', 8);

    INSERT INTO public.recurso(id, tipo, enlace, vocablo_id)
      VALUES (17, 'video', 'https://www.youtube.com/watch?v=w6mNcISiSmg', 8);
    
    INSERT INTO public.vocablo(id, palabra, tema_id)
      VALUES (9, 'Azul', 32);
    
    INSERT INTO public.recurso(id, tipo, enlace, vocablo_id)
      VALUES (18, 'image', '/assets/images/azul.png', 9);

    INSERT INTO public.recurso(id, tipo, enlace, vocablo_id)
      VALUES (19, 'video', 'https://www.youtube.com/watch?v=sQP0UeO_ta8', 9);
    
    INSERT INTO public.vocablo(id, palabra, tema_id)
      VALUES (10, 'Rojo', 32);
    
    INSERT INTO public.recurso(id, tipo, enlace, vocablo_id)
      VALUES (20, 'image', '/assets/images/rojo.png', 10);

    INSERT INTO public.recurso(id, tipo, enlace, vocablo_id)
      VALUES (21, 'video', 'https://www.youtube.com/watch?v=x-Ttb-CPypc', 10);
    
    INSERT INTO public.vocablo(id, palabra, tema_id)
      VALUES (11, 'Gato', 32);
    
    INSERT INTO public.recurso(id, tipo, enlace, vocablo_id)
      VALUES (22, 'image', '/assets/images/gato.png', 11);

    INSERT INTO public.recurso(id, tipo, enlace, vocablo_id)
      VALUES (23, 'video', 'https://www.youtube.com/watch?v=2hBoxLU1_1I', 11);
    
    INSERT INTO public.vocablo(id, palabra, tema_id)
      VALUES (12, 'Perro', 32);
    
    INSERT INTO public.recurso(id, tipo, enlace, vocablo_id)
      VALUES (24, 'image', '/assets/images/perro.png', 12);

    INSERT INTO public.recurso(id, tipo, enlace, vocablo_id)
      VALUES (25, 'video', 'https://www.youtube.com/watch?v=uTgwELMxecs', 12);
    
    INSERT INTO public.vocablo(id, palabra, tema_id)
      VALUES (13, 'Pato', 32);
    
    INSERT INTO public.recurso(id, tipo, enlace, vocablo_id)
      VALUES (26, 'image', '/assets/images/pato.png', 13);

    INSERT INTO public.recurso(id, tipo, enlace, vocablo_id)
      VALUES (27, 'video', 'https://www.youtube.com/watch?v=8R5uVmA_E8c', 13);
    
    INSERT INTO public.vocablo(id, palabra, tema_id)
      VALUES (14, 'Oso', 32);
    
    INSERT INTO public.recurso(id, tipo, enlace, vocablo_id)
      VALUES (28, 'image', '/assets/images/oso.png', 14);

    INSERT INTO public.recurso(id, tipo, enlace, vocablo_id)
      VALUES (29, 'video', 'https://www.youtube.com/watch?v=dJld698PqNA', 14);
    
    INSERT INTO public.vocablo(id, palabra, tema_id)
      VALUES (15, 'Carne', 33);
    
    INSERT INTO public.recurso(id, tipo, enlace, vocablo_id)
      VALUES (30, 'image', '/assets/images/carne.png', 15);

    INSERT INTO public.recurso(id, tipo, enlace, vocablo_id)
      VALUES (31, 'video', 'https://www.youtube.com/watch?v=tZ7mMMWYJYA', 15);
    
    INSERT INTO public.vocablo(id, palabra, tema_id)
      VALUES (16, 'pasta', 33);
    
    INSERT INTO public.recurso(id, tipo, enlace, vocablo_id)
      VALUES (32, 'image', '/assets/images/pasta.png', 16);

    INSERT INTO public.recurso(id, tipo, enlace, vocablo_id)
      VALUES (33, 'video', 'https://www.youtube.com/watch?v=oJ4Vx75KVMA', 16);
    
    INSERT INTO public.vocablo(id, palabra, tema_id)
      VALUES (17, 'Queso', 33);
    
    INSERT INTO public.recurso(id, tipo, enlace, vocablo_id)
      VALUES (34, 'image', '/assets/images/queso.png', 17);

    INSERT INTO public.recurso(id, tipo, enlace, vocablo_id)
      VALUES (35, 'video', 'https://www.youtube.com/watch?v=RqApDS6tFjw', 17);
    
    INSERT INTO public.vocablo(id, palabra, tema_id)
      VALUES (18, 'Pollo', 33);
    
    INSERT INTO public.recurso(id, tipo, enlace, vocablo_id)
      VALUES (36, 'image', '/assets/images/pollo-animal.png', 18);

    INSERT INTO public.recurso(id, tipo, enlace, vocablo_id)
      VALUES (37, 'video', 'https://www.youtube.com/watch?v=nb5iqDrk6VM', 18);
    
    INSERT INTO public.vocablo(id, palabra, tema_id)
      VALUES (19, 'Verde', 33);
    
    INSERT INTO public.recurso(id, tipo, enlace, vocablo_id)
      VALUES (38, 'image', '/assets/images/verde.png', 19);

    INSERT INTO public.recurso(id, tipo, enlace, vocablo_id)
      VALUES (39, 'video', 'https://www.youtube.com/watch?v=GhLzHYXTkI8', 19);
    
    INSERT INTO public.vocablo(id, palabra, tema_id)
      VALUES (20, 'Cambur', 33);
    
    INSERT INTO public.recurso(id, tipo, enlace, vocablo_id)
      VALUES (40, 'image', '/assets/images/cambur.png', 20);

    INSERT INTO public.recurso(id, tipo, enlace, vocablo_id)
      VALUES (41, 'video', 'https://www.youtube.com/watch?v=lyypmRh4I7M', 20);
    
    INSERT INTO public.vocablo(id, palabra, tema_id)
      VALUES (21, 'Mango', 33);
    
    INSERT INTO public.recurso(id, tipo, enlace, vocablo_id)
      VALUES (42, 'image', '/assets/images/mango.png', 21);

    INSERT INTO public.recurso(id, tipo, enlace, vocablo_id)
      VALUES (43, 'video', 'https://www.youtube.com/watch?v=um3OAOJ90Ec', 21);
    
    INSERT INTO public.vocablo(id, palabra, tema_id)
      VALUES (22, 'Mora', 33);
    
    INSERT INTO public.recurso(id, tipo, enlace, vocablo_id)
      VALUES (44, 'image', '/assets/images/mora.png', 22);

    INSERT INTO public.recurso(id, tipo, enlace, vocablo_id)
      VALUES (45, 'video', 'https://www.youtube.com/watch?v=p-ASmKkSYCM', 22);
    
    INSERT INTO public.vocablo(id, palabra, tema_id)
      VALUES (23, 'Patilla', 33);
    
    INSERT INTO public.recurso(id, tipo, enlace, vocablo_id)
      VALUES (46, 'image', '/assets/images/patilla.png', 23);

    INSERT INTO public.recurso(id, tipo, enlace, vocablo_id)
      VALUES (47, 'video', 'https://www.youtube.com/watch?v=SBuqrCHu42o', 23);
    
    INSERT INTO public.vocablo(id, palabra, tema_id)
      VALUES (24, 'Mueble', 33);
    
    INSERT INTO public.recurso(id, tipo, enlace, vocablo_id)
      VALUES (48, 'image', '/assets/images/mueble.png', 24);

    INSERT INTO public.recurso(id, tipo, enlace, vocablo_id)
      VALUES (49, 'video', 'https://www.youtube.com/watch?v=JhGL6-eRRfs', 24);
    
    INSERT INTO public.vocablo(id, palabra, tema_id)
      VALUES (25, 'Tenedor', 33);
    
    INSERT INTO public.recurso(id, tipo, enlace, vocablo_id)
      VALUES (50, 'image', '/assets/images/tenedor.png', 25);

    INSERT INTO public.recurso(id, tipo, enlace, vocablo_id)
      VALUES (51, 'video', 'https://www.youtube.com/watch?v=AMs-zTwlgc4', 25);
    
    INSERT INTO public.vocablo(id, palabra, tema_id)
      VALUES (26, 'Borrador', 33);
    
    INSERT INTO public.recurso(id, tipo, enlace, vocablo_id)
      VALUES (52, 'image', '/assets/images/borrador.png', 26);

    INSERT INTO public.recurso(id, tipo, enlace, vocablo_id)
      VALUES (53, 'video', 'https://www.youtube.com/watch?v=gKOav8WpRsg', 26);
    
    INSERT INTO public.vocablo(id, palabra, tema_id)
      VALUES (27, 'Cuaderno', 33);
    
    INSERT INTO public.recurso(id, tipo, enlace, vocablo_id)
      VALUES (54, 'image', '/assets/images/cuaderno.png', 27);

    INSERT INTO public.recurso(id, tipo, enlace, vocablo_id)
      VALUES (55, 'video', 'https://www.youtube.com/watch?v=k9cualEeYYs', 27);
    
    INSERT INTO public.vocablo(id, palabra, tema_id)
      VALUES (28, 'Lápiz', 33);
    
    INSERT INTO public.recurso(id, tipo, enlace, vocablo_id)
      VALUES (56, 'image', '/assets/images/lapiz.png', 28);

    INSERT INTO public.recurso(id, tipo, enlace, vocablo_id)
      VALUES (57, 'video', 'https://www.youtube.com/watch?v=eeKxuTmUoyA', 28);
    
    INSERT INTO public.vocablo(id, palabra, tema_id)
      VALUES (29, 'Piña', 33);
    
    INSERT INTO public.recurso(id, tipo, enlace, vocablo_id)
      VALUES (58, 'image', '/assets/images/pina.png', 29);

    INSERT INTO public.recurso(id, tipo, enlace, vocablo_id)
      VALUES (59, 'video', 'https://www.youtube.com/watch?v=WefyVrv5Lik', 29);
    
    INSERT INTO public.vocablo(id, palabra, tema_id)
      VALUES (30, 'Negro', 34);
    
    INSERT INTO public.recurso(id, tipo, enlace, vocablo_id)
      VALUES (60, 'image', '/assets/images/negro.png', 30);

    INSERT INTO public.recurso(id, tipo, enlace, vocablo_id)
      VALUES (61, 'video', 'https://www.youtube.com/watch?v=eflrccjM1DQ', 30);
    
    INSERT INTO public.vocablo(id, palabra, tema_id)
      VALUES (31, 'Limon', 34);
    
    INSERT INTO public.recurso(id, tipo, enlace, vocablo_id)
      VALUES (62, 'image', '/assets/images/limon.png', 31);

    INSERT INTO public.recurso(id, tipo, enlace, vocablo_id)
      VALUES (63, 'video', 'https://www.youtube.com/watch?v=1FrsnuMclN4', 31);
    
    INSERT INTO public.vocablo(id, palabra, tema_id)
      VALUES (32, 'Melon', 34);
    
    INSERT INTO public.recurso(id, tipo, enlace, vocablo_id)
      VALUES (64, 'image', '/assets/images/melon.png', 32);

    INSERT INTO public.recurso(id, tipo, enlace, vocablo_id)
      VALUES (65, 'video', 'https://www.youtube.com/watch?v=r6HDQiHTmjE', 32);
    
    INSERT INTO public.vocablo(id, palabra, tema_id)
      VALUES (33, 'Buseta', 34);
    
    INSERT INTO public.recurso(id, tipo, enlace, vocablo_id)
      VALUES (66, 'image', '/assets/images/buseta.png', 33);

    INSERT INTO public.recurso(id, tipo, enlace, vocablo_id)
      VALUES (67, 'video', 'https://www.youtube.com/watch?v=j0OTrptZaVQ', 33);
    
    INSERT INTO public.vocablo(id, palabra, tema_id)
      VALUES (34, 'Camion', 34);
    
    INSERT INTO public.recurso(id, tipo, enlace, vocablo_id)
      VALUES (68, 'image', '/assets/images/camion.png', 34);

    INSERT INTO public.recurso(id, tipo, enlace, vocablo_id)
      VALUES (69, 'video', 'https://www.youtube.com/watch?v=rFVhDBsxT5U', 34);
    
    INSERT INTO public.vocablo(id, palabra, tema_id)
      VALUES (35, 'Trolcable', 34);
    
    INSERT INTO public.recurso(id, tipo, enlace, vocablo_id)
      VALUES (70, 'image', '/assets/images/trolcable.png', 35);

    INSERT INTO public.recurso(id, tipo, enlace, vocablo_id)
      VALUES (71, 'video', 'https://www.youtube.com/watch?v=OQ7hBKuukOo', 35);
    
    INSERT INTO public.vocablo(id, palabra, tema_id)
      VALUES (36, 'Trolebus', 34);
    
    INSERT INTO public.recurso(id, tipo, enlace, vocablo_id)
      VALUES (72, 'image', '/assets/images/trolebus.png', 36);

    INSERT INTO public.recurso(id, tipo, enlace, vocablo_id)
      VALUES (73, 'video', 'https://www.youtube.com/watch?v=9JQzoLFGmHA', 36);
    
    INSERT INTO public.vocablo(id, palabra, tema_id)
      VALUES (37, 'Lampara', 34);
    
    INSERT INTO public.recurso(id, tipo, enlace, vocablo_id)
      VALUES (74, 'image', '/assets/images/lampara.png', 37);

    INSERT INTO public.recurso(id, tipo, enlace, vocablo_id)
      VALUES (75, 'video', 'https://www.youtube.com/watch?v=tmrIUUJy1gE', 37);
    
    INSERT INTO public.vocablo(id, palabra, tema_id)
      VALUES (38, 'Televisor', 34);
    
    INSERT INTO public.recurso(id, tipo, enlace, vocablo_id)
      VALUES (76, 'image', '/assets/images/televisor.png', 38);

    INSERT INTO public.recurso(id, tipo, enlace, vocablo_id)
      VALUES (77, 'video', 'https://www.youtube.com/watch?v=zgzaZCprR-4', 38);
    
    INSERT INTO public.vocablo(id, palabra, tema_id)
      VALUES (39, 'Albañil', 34);
    
    INSERT INTO public.recurso(id, tipo, enlace, vocablo_id)
      VALUES (78, 'image', '/assets/images/albanil.png', 39);

    INSERT INTO public.recurso(id, tipo, enlace, vocablo_id)
      VALUES (79, 'video', 'https://www.youtube.com/watch?v=kNLfzp_lKjk', 39);
    
    INSERT INTO public.vocablo(id, palabra, tema_id)
      VALUES (40, 'Mecanico', 34);
    
    INSERT INTO public.recurso(id, tipo, enlace, vocablo_id)
      VALUES (80, 'image', '/assets/images/mecanico.png', 40);

    INSERT INTO public.recurso(id, tipo, enlace, vocablo_id)
      VALUES (81, 'video', 'https://www.youtube.com/watch?v=R709LFAd7hQ', 40);
    
    INSERT INTO public.vocablo(id, palabra, tema_id)
      VALUES (41, 'Oreja', 34);
    
    INSERT INTO public.recurso(id, tipo, enlace, vocablo_id)
      VALUES (82, 'image', '/assets/images/oreja.png', 41);

    INSERT INTO public.recurso(id, tipo, enlace, vocablo_id)
      VALUES (83, 'video', 'https://www.youtube.com/watch?v=K0hxPGd9qik', 41);
    
    INSERT INTO public.vocablo(id, palabra, tema_id)
      VALUES (42, 'Cuchillo', 34);
    
    INSERT INTO public.recurso(id, tipo, enlace, vocablo_id)
      VALUES (84, 'image', '/assets/images/cuchillo.png', 42);

    INSERT INTO public.recurso(id, tipo, enlace, vocablo_id)
      VALUES (85, 'video', 'https://www.youtube.com/watch?v=I3iUc_kSzoM', 42);
    
    INSERT INTO public.vocablo(id, palabra, tema_id)
      VALUES (43, 'Sarten', 34);
    
    INSERT INTO public.recurso(id, tipo, enlace, vocablo_id)
      VALUES (86, 'image', '/assets/images/sarten.png', 43);

    INSERT INTO public.recurso(id, tipo, enlace, vocablo_id)
      VALUES (87, 'video', 'https://www.youtube.com/watch?v=SOiL8MFHWpU', 43);
    
    INSERT INTO public.vocablo(id, palabra, tema_id)
      VALUES (44, 'Libro', 34);
    
    INSERT INTO public.recurso(id, tipo, enlace, vocablo_id)
      VALUES (88, 'image', '/assets/images/libro.png', 44);

    INSERT INTO public.recurso(id, tipo, enlace, vocablo_id)
      VALUES (89, 'video', 'https://www.youtube.com/watch?v=w0aMLylYsbE', 44);
    
    INSERT INTO public.vocablo(id, palabra, tema_id)
      VALUES (45, 'Arroz', 35);
    
    INSERT INTO public.recurso(id, tipo, enlace, vocablo_id)
      VALUES (90, 'image', '/assets/images/arroz.png', 45);

    INSERT INTO public.recurso(id, tipo, enlace, vocablo_id)
      VALUES (91, 'video', 'https://www.youtube.com/watch?v=LVUkBeoi-8E', 45);
    
    INSERT INTO public.vocablo(id, palabra, tema_id)
      VALUES (46, 'Caraota', 35);
    
    INSERT INTO public.recurso(id, tipo, enlace, vocablo_id)
      VALUES (92, 'image', '/assets/images/caraota.png', 46);

    INSERT INTO public.recurso(id, tipo, enlace, vocablo_id)
      VALUES (93, 'video', 'https://www.youtube.com/watch?v=RMcKH9_2654', 46);
    
    INSERT INTO public.vocablo(id, palabra, tema_id)
      VALUES (47, 'Jamon', 35);
    
    INSERT INTO public.recurso(id, tipo, enlace, vocablo_id)
      VALUES (94, 'image', '/assets/images/jamon.png', 47);

    INSERT INTO public.recurso(id, tipo, enlace, vocablo_id)
      VALUES (95, 'video', 'https://www.youtube.com/watch?v=hmyuvLTJNjY', 47);
    
    INSERT INTO public.vocablo(id, palabra, tema_id)
      VALUES (48, 'Mantequilla', 35);
    
    INSERT INTO public.recurso(id, tipo, enlace, vocablo_id)
      VALUES (96, 'image', '/assets/images/mantequilla.png', 48);

    INSERT INTO public.recurso(id, tipo, enlace, vocablo_id)
      VALUES (97, 'video', 'https://www.youtube.com/watch?v=zjPWXJ6Uois', 48);
    
    INSERT INTO public.vocablo(id, palabra, tema_id)
      VALUES (49, 'Tequeno', 35);
    
    INSERT INTO public.recurso(id, tipo, enlace, vocablo_id)
      VALUES (98, 'image', '/assets/images/tequeno.png', 49);

    INSERT INTO public.recurso(id, tipo, enlace, vocablo_id)
      VALUES (99, 'video', 'https://www.youtube.com/watch?v=sNSSsckgNi8', 49);
    
    INSERT INTO public.vocablo(id, palabra, tema_id)
      VALUES (50, 'Anaranjado', 35);
    
    INSERT INTO public.recurso(id, tipo, enlace, vocablo_id)
      VALUES (100, 'image', '/assets/images/anaranjado.png', 50);

    INSERT INTO public.recurso(id, tipo, enlace, vocablo_id)
      VALUES (101, 'video', 'https://www.youtube.com/watch?v=cNmISvANgM4', 50);
    
    INSERT INTO public.vocablo(id, palabra, tema_id)
      VALUES (51, 'Dorado', 35);
    
    INSERT INTO public.recurso(id, tipo, enlace, vocablo_id)
      VALUES (102, 'image', '/assets/images/dorado.png', 51);

    INSERT INTO public.recurso(id, tipo, enlace, vocablo_id)
      VALUES (103, 'video', 'https://www.youtube.com/watch?v=Be75nELDdHw', 51);
    
    INSERT INTO public.vocablo(id, palabra, tema_id)
      VALUES (52, 'Rosado', 35);
    
    INSERT INTO public.recurso(id, tipo, enlace, vocablo_id)
      VALUES (104, 'image', '/assets/images/rosado.png', 52);

    INSERT INTO public.recurso(id, tipo, enlace, vocablo_id)
      VALUES (105, 'video', 'https://www.youtube.com/watch?v=uG8NpalF6hg', 52);
    
    INSERT INTO public.vocablo(id, palabra, tema_id)
      VALUES (53, 'Cucharon', 35);
    
    INSERT INTO public.recurso(id, tipo, enlace, vocablo_id)
      VALUES (106, 'image', '/assets/images/cucharon.png', 53);

    INSERT INTO public.recurso(id, tipo, enlace, vocablo_id)
      VALUES (107, 'video', 'https://www.youtube.com/watch?v=-d9Tc7YpTBs', 53);
    
    INSERT INTO public.vocablo(id, palabra, tema_id)
      VALUES (54, 'Manzana', 35);
    
    INSERT INTO public.recurso(id, tipo, enlace, vocablo_id)
      VALUES (108, 'image', '/assets/images/manzana.png', 54);

    INSERT INTO public.recurso(id, tipo, enlace, vocablo_id)
      VALUES (109, 'video', 'https://www.youtube.com/watch?v=ZgG_gX7PFqo', 54);
    
    INSERT INTO public.vocablo(id, palabra, tema_id)
      VALUES (55, 'Parchita', 35);
    
    INSERT INTO public.recurso(id, tipo, enlace, vocablo_id)
      VALUES (110, 'image', '/assets/images/parchita.png', 55);

    INSERT INTO public.recurso(id, tipo, enlace, vocablo_id)
      VALUES (111, 'video', 'https://www.youtube.com/watch?v=iMu69TopRMM', 55);
    
    INSERT INTO public.vocablo(id, palabra, tema_id)
      VALUES (56, 'Pera', 35);
    
    INSERT INTO public.recurso(id, tipo, enlace, vocablo_id)
      VALUES (112, 'image', '/assets/images/pera.png', 56);

    INSERT INTO public.recurso(id, tipo, enlace, vocablo_id)
      VALUES (113, 'video', 'https://www.youtube.com/watch?v=KUNggdHGn4w', 56);
    
    INSERT INTO public.vocablo(id, palabra, tema_id)
      VALUES (57, 'Sala', 35);
    
    INSERT INTO public.recurso(id, tipo, enlace, vocablo_id)
      VALUES (114, 'image', '/assets/images/sala.png', 57);

    INSERT INTO public.recurso(id, tipo, enlace, vocablo_id)
      VALUES (115, 'video', 'https://www.youtube.com/watch?v=pbeyGcuu3wM', 57);
    
    INSERT INTO public.vocablo(id, palabra, tema_id)
      VALUES (58, 'Microondas', 35);
    
    INSERT INTO public.recurso(id, tipo, enlace, vocablo_id)
      VALUES (116, 'image', '/assets/images/microondas.png', 58);

    INSERT INTO public.recurso(id, tipo, enlace, vocablo_id)
      VALUES (117, 'video', 'https://www.youtube.com/watch?v=leA5eyTeWbE', 58);
    
    INSERT INTO public.vocablo(id, palabra, tema_id)
      VALUES (59, 'Nevera', 35);
    
    INSERT INTO public.recurso(id, tipo, enlace, vocablo_id)
      VALUES (118, 'image', '/assets/images/nevera.png', 59);

    INSERT INTO public.recurso(id, tipo, enlace, vocablo_id)
      VALUES (119, 'video', 'https://www.youtube.com/watch?v=Kk54g4gf3u8', 59);
    
    INSERT INTO public.vocablo(id, palabra, tema_id)
      VALUES (60, 'Mortadela', 36);
    
    INSERT INTO public.recurso(id, tipo, enlace, vocablo_id)
      VALUES (120, 'image', '/assets/images/mortadela.png', 60);

    INSERT INTO public.recurso(id, tipo, enlace, vocablo_id)
      VALUES (121, 'video', 'https://www.youtube.com/watch?v=xrkrK0VyFVc', 60);
    
    INSERT INTO public.vocablo(id, palabra, tema_id)
      VALUES (61, 'Pasticho', 36);
    
    INSERT INTO public.recurso(id, tipo, enlace, vocablo_id)
      VALUES (122, 'image', '/assets/images/pasticho.png', 61);

    INSERT INTO public.recurso(id, tipo, enlace, vocablo_id)
      VALUES (123, 'video', 'https://www.youtube.com/watch?v=KakjKcbJi9A', 61);
    
    INSERT INTO public.vocablo(id, palabra, tema_id)
      VALUES (62, 'Turquesa', 36);
    
    INSERT INTO public.recurso(id, tipo, enlace, vocablo_id)
      VALUES (124, 'image', '/assets/images/turquesa.png', 62);

    INSERT INTO public.recurso(id, tipo, enlace, vocablo_id)
      VALUES (125, 'video', 'https://www.youtube.com/watch?v=dxhXCp_2CIg', 62);
    
    INSERT INTO public.vocablo(id, palabra, tema_id)
      VALUES (63, 'Beige', 36);
    
    INSERT INTO public.recurso(id, tipo, enlace, vocablo_id)
      VALUES (126, 'image', '/assets/images/beige.png', 63);

    INSERT INTO public.recurso(id, tipo, enlace, vocablo_id)
      VALUES (127, 'video', 'https://www.youtube.com/watch?v=X_0YqCrAGJM', 63);
    
    INSERT INTO public.vocablo(id, palabra, tema_id)
      VALUES (64, 'Guanabana', 36);
    
    INSERT INTO public.recurso(id, tipo, enlace, vocablo_id)
      VALUES (128, 'image', '/assets/images/guanabana.png', 64);

    INSERT INTO public.recurso(id, tipo, enlace, vocablo_id)
      VALUES (129, 'video', 'https://www.youtube.com/watch?v=dzRC6cV5io4', 64);
    
    INSERT INTO public.vocablo(id, palabra, tema_id)
      VALUES (65, 'Mandarina', 36);
    
    INSERT INTO public.recurso(id, tipo, enlace, vocablo_id)
      VALUES (130, 'image', '/assets/images/mandarina.png', 65);

    INSERT INTO public.recurso(id, tipo, enlace, vocablo_id)
      VALUES (131, 'video', 'https://www.youtube.com/watch?v=OBjzZ0vn7K8', 65);
    
    INSERT INTO public.vocablo(id, palabra, tema_id)
      VALUES (66, 'Durazno', 36);
    
    INSERT INTO public.recurso(id, tipo, enlace, vocablo_id)
      VALUES (132, 'image', '/assets/images/durazno.png', 66);

    INSERT INTO public.recurso(id, tipo, enlace, vocablo_id)
      VALUES (133, 'video', 'https://www.youtube.com/watch?v=zhAI6uSGkCA', 66);
    
    INSERT INTO public.vocablo(id, palabra, tema_id)
      VALUES (67, 'Aguacate', 36);
    
    INSERT INTO public.recurso(id, tipo, enlace, vocablo_id)
      VALUES (134, 'image', '/assets/images/aguacate.png', 67);

    INSERT INTO public.recurso(id, tipo, enlace, vocablo_id)
      VALUES (135, 'video', 'https://www.youtube.com/watch?v=bK4UG7d0tpI', 67);
    
    INSERT INTO public.vocablo(id, palabra, tema_id)
      VALUES (68, 'Plaza de Toros', 36);
    
    INSERT INTO public.recurso(id, tipo, enlace, vocablo_id)
      VALUES (136, 'image', '/assets/images/plaza-de-toros.png', 68);

    INSERT INTO public.recurso(id, tipo, enlace, vocablo_id)
      VALUES (137, 'video', 'https://www.youtube.com/watch?v=VZlUzHA61uw', 68);
    
    INSERT INTO public.vocablo(id, palabra, tema_id)
      VALUES (69, 'Metrobus', 36);
    
    INSERT INTO public.recurso(id, tipo, enlace, vocablo_id)
      VALUES (138, 'image', '/assets/images/metrobus.png', 69);

    INSERT INTO public.recurso(id, tipo, enlace, vocablo_id)
      VALUES (139, 'video', 'https://www.youtube.com/watch?v=mipVd5veI00', 69);
    
    INSERT INTO public.vocablo(id, palabra, tema_id)
      VALUES (70, 'Metro', 36);
    
    INSERT INTO public.recurso(id, tipo, enlace, vocablo_id)
      VALUES (140, 'image', '/assets/images/metro.png', 70);

    INSERT INTO public.recurso(id, tipo, enlace, vocablo_id)
      VALUES (141, 'video', 'https://www.youtube.com/watch?v=5mM--FVg0Bs', 70);
    
    INSERT INTO public.vocablo(id, palabra, tema_id)
      VALUES (71, 'Horno', 36);
    
    INSERT INTO public.recurso(id, tipo, enlace, vocablo_id)
      VALUES (142, 'image', '/assets/images/horno.png', 71);

    INSERT INTO public.recurso(id, tipo, enlace, vocablo_id)
      VALUES (143, 'video', 'https://www.youtube.com/watch?v=8zKhPdFae4w', 71);
    
    INSERT INTO public.vocablo(id, palabra, tema_id)
      VALUES (72, 'DVD', 36);
    
    INSERT INTO public.recurso(id, tipo, enlace, vocablo_id)
      VALUES (144, 'image', '/assets/images/dvd.png', 72);

    INSERT INTO public.recurso(id, tipo, enlace, vocablo_id)
      VALUES (145, 'video', 'https://www.youtube.com/watch?v=KaYlPZuiQkY', 72);
    
    INSERT INTO public.vocablo(id, palabra, tema_id)
      VALUES (73, 'Jardinero', 36);
    
    INSERT INTO public.recurso(id, tipo, enlace, vocablo_id)
      VALUES (146, 'image', '/assets/images/jardinero.png', 73);

    INSERT INTO public.recurso(id, tipo, enlace, vocablo_id)
      VALUES (147, 'video', 'https://www.youtube.com/watch?v=OlOZVhhruqI', 73);
    
    INSERT INTO public.vocablo(id, palabra, tema_id)
      VALUES (74, 'Chef', 36);
    
    INSERT INTO public.recurso(id, tipo, enlace, vocablo_id)
      VALUES (148, 'image', '/assets/images/chef.png', 74);

    INSERT INTO public.recurso(id, tipo, enlace, vocablo_id)
      VALUES (149, 'video', 'https://www.youtube.com/watch?v=GRaG5vLoZZU', 74);
    
    INSERT INTO public.vocablo(id, palabra, tema_id)
      VALUES (75, 'Hamburguesa', 37);
    
    INSERT INTO public.recurso(id, tipo, enlace, vocablo_id)
      VALUES (150, 'image', '/assets/images/hamburguesa.png', 75);

    INSERT INTO public.recurso(id, tipo, enlace, vocablo_id)
      VALUES (151, 'video', 'https://www.youtube.com/watch?v=OJ16Z6fTPtk', 75);
    
    INSERT INTO public.vocablo(id, palabra, tema_id)
      VALUES (76, 'Parrilla', 37);
    
    INSERT INTO public.recurso(id, tipo, enlace, vocablo_id)
      VALUES (152, 'image', '/assets/images/parrilla.png', 76);

    INSERT INTO public.recurso(id, tipo, enlace, vocablo_id)
      VALUES (153, 'video', 'https://www.youtube.com/watch?v=HwiIpg6jgz0', 76);
    
    INSERT INTO public.vocablo(id, palabra, tema_id)
      VALUES (77, 'Pizza', 37);
    
    INSERT INTO public.recurso(id, tipo, enlace, vocablo_id)
      VALUES (154, 'image', '/assets/images/pizza.png', 77);

    INSERT INTO public.recurso(id, tipo, enlace, vocablo_id)
      VALUES (155, 'video', 'https://www.youtube.com/watch?v=1wmmc7QTvRw', 77);
    
    INSERT INTO public.vocablo(id, palabra, tema_id)
      VALUES (78, 'Champu', 37);
    
    INSERT INTO public.recurso(id, tipo, enlace, vocablo_id)
      VALUES (156, 'image', '/assets/images/champu.png', 78);

    INSERT INTO public.recurso(id, tipo, enlace, vocablo_id)
      VALUES (157, 'video', 'https://www.youtube.com/watch?v=GNFAJnfZZ8I', 78);
    
    INSERT INTO public.vocablo(id, palabra, tema_id)
      VALUES (79, 'Espinaca', 37);
    
    INSERT INTO public.recurso(id, tipo, enlace, vocablo_id)
      VALUES (158, 'image', '/assets/images/espinaca.png', 79);

    INSERT INTO public.recurso(id, tipo, enlace, vocablo_id)
      VALUES (159, 'video', 'https://www.youtube.com/watch?v=r9e123GYY9k', 79);
    
    INSERT INTO public.vocablo(id, palabra, tema_id)
      VALUES (80, 'Perfume', 37);
    
    INSERT INTO public.recurso(id, tipo, enlace, vocablo_id)
      VALUES (160, 'image', '/assets/images/perfume.png', 80);

    INSERT INTO public.recurso(id, tipo, enlace, vocablo_id)
      VALUES (161, 'video', 'https://www.youtube.com/watch?v=ARwu0oCpLj8', 80);
    
    INSERT INTO public.vocablo(id, palabra, tema_id)
      VALUES (81, 'Refresco', 37);
    
    INSERT INTO public.recurso(id, tipo, enlace, vocablo_id)
      VALUES (162, 'image', '/assets/images/refresco.png', 81);

    INSERT INTO public.recurso(id, tipo, enlace, vocablo_id)
      VALUES (163, 'video', 'https://www.youtube.com/watch?v=T4ynR_oqnho', 81);
    
    INSERT INTO public.vocablo(id, palabra, tema_id)
      VALUES (82, 'Granada', 37);
    
    INSERT INTO public.recurso(id, tipo, enlace, vocablo_id)
      VALUES (164, 'image', '/assets/images/granada.png', 82);

    INSERT INTO public.recurso(id, tipo, enlace, vocablo_id)
      VALUES (165, 'video', 'https://www.youtube.com/watch?v=KWBzbPzykEY', 82);
    
    INSERT INTO public.vocablo(id, palabra, tema_id)
      VALUES (83, 'Mamon', 37);
    
    INSERT INTO public.recurso(id, tipo, enlace, vocablo_id)
      VALUES (166, 'image', '/assets/images/mamon.png', 83);

    INSERT INTO public.recurso(id, tipo, enlace, vocablo_id)
      VALUES (167, 'video', 'https://www.youtube.com/watch?v=STv64HJBvRY', 83);
    
    INSERT INTO public.vocablo(id, palabra, tema_id)
      VALUES (84, 'Sistema circulatorio', 37);
    
    INSERT INTO public.recurso(id, tipo, enlace, vocablo_id)
      VALUES (168, 'image', '/assets/images/sistema-circulatorio.png', 84);

    INSERT INTO public.recurso(id, tipo, enlace, vocablo_id)
      VALUES (169, 'video', 'https://www.youtube.com/watch?v=PdkJDu4Duxg', 84);
    
    INSERT INTO public.vocablo(id, palabra, tema_id)
      VALUES (85, 'Sistema digestivo', 37);
    
    INSERT INTO public.recurso(id, tipo, enlace, vocablo_id)
      VALUES (170, 'image', '/assets/images/sistema-digestivo.png', 85);

    INSERT INTO public.recurso(id, tipo, enlace, vocablo_id)
      VALUES (171, 'video', 'https://www.youtube.com/watch?v=dr3wIvHj_J8', 85);
    
    INSERT INTO public.vocablo(id, palabra, tema_id)
      VALUES (86, 'Sistema nervioso', 37);
    
    INSERT INTO public.recurso(id, tipo, enlace, vocablo_id)
      VALUES (172, 'image', '/assets/images/sistema-nervioso.png', 86);

    INSERT INTO public.recurso(id, tipo, enlace, vocablo_id)
      VALUES (173, 'video', 'https://www.youtube.com/watch?v=V2ATrxphNL4', 86);
    
    INSERT INTO public.vocablo(id, palabra, tema_id)
      VALUES (87, 'Sistema oseo', 37);
    
    INSERT INTO public.recurso(id, tipo, enlace, vocablo_id)
      VALUES (174, 'image', '/assets/images/sistema-oseo.png', 87);

    INSERT INTO public.recurso(id, tipo, enlace, vocablo_id)
      VALUES (175, 'video', 'https://www.youtube.com/watch?v=txPtzB5UWOY', 87);
    
    INSERT INTO public.vocablo(id, palabra, tema_id)
      VALUES (88, 'Sistema respiratorio', 37);
    
    INSERT INTO public.recurso(id, tipo, enlace, vocablo_id)
      VALUES (176, 'image', '/assets/images/sistema-respiratorio.png', 88);

    INSERT INTO public.recurso(id, tipo, enlace, vocablo_id)
      VALUES (177, 'video', 'https://www.youtube.com/watch?v=kUGG-Mcy5Us', 88);
    
    INSERT INTO public.vocablo(id, palabra, tema_id)
      VALUES (89, 'Hojas de examen', 37);
    
    INSERT INTO public.recurso(id, tipo, enlace, vocablo_id)
      VALUES (178, 'image', '/assets/images/hojas-de-examen.png', 89);

    INSERT INTO public.recurso(id, tipo, enlace, vocablo_id)
      VALUES (179, 'video', 'https://www.youtube.com/watch?v=41kRvR7U-ps', 89);
    
    INSERT INTO public.vocablo(id, palabra, tema_id)
      VALUES (90, 'Afeitadora', 38);
    
    INSERT INTO public.recurso(id, tipo, enlace, vocablo_id)
      VALUES (180, 'image', '/assets/images/afeitadora.png', 90);

    INSERT INTO public.recurso(id, tipo, enlace, vocablo_id)
      VALUES (181, 'video', 'https://www.youtube.com/watch?v=q9L_NKfD5GM', 90);
    
    INSERT INTO public.vocablo(id, palabra, tema_id)
      VALUES (91, 'Jabón', 38);
    
    INSERT INTO public.recurso(id, tipo, enlace, vocablo_id)
      VALUES (182, 'image', '/assets/images/jabon.png', 91);

    INSERT INTO public.recurso(id, tipo, enlace, vocablo_id)
      VALUES (183, 'video', 'https://www.youtube.com/watch?v=dPJJdKATJrA', 91);
    
    INSERT INTO public.vocablo(id, palabra, tema_id)
      VALUES (92, 'Peine', 38);
    
    INSERT INTO public.recurso(id, tipo, enlace, vocablo_id)
      VALUES (184, 'image', '/assets/images/peine.png', 92);

    INSERT INTO public.recurso(id, tipo, enlace, vocablo_id)
      VALUES (185, 'video', 'https://www.youtube.com/watch?v=u92CvDA3vEM', 92);
    
    INSERT INTO public.vocablo(id, palabra, tema_id)
      VALUES (93, 'Lagunillas', 38);
    
    INSERT INTO public.recurso(id, tipo, enlace, vocablo_id)
      VALUES (186, 'image', '/assets/images/lagunillas.png', 93);

    INSERT INTO public.recurso(id, tipo, enlace, vocablo_id)
      VALUES (187, 'video', 'https://www.youtube.com/watch?v=poyiYoiHivo', 93);
    
    INSERT INTO public.vocablo(id, palabra, tema_id)
      VALUES (94, 'Corta uña', 38);
    
    INSERT INTO public.recurso(id, tipo, enlace, vocablo_id)
      VALUES (188, 'image', '/assets/images/corta-una.png', 94);

    INSERT INTO public.recurso(id, tipo, enlace, vocablo_id)
      VALUES (189, 'video', 'https://www.youtube.com/watch?v=agex6cTY-WU', 94);
    
    INSERT INTO public.vocablo(id, palabra, tema_id)
      VALUES (95, 'Papel Sanitario', 38);
    
    INSERT INTO public.recurso(id, tipo, enlace, vocablo_id)
      VALUES (190, 'image', '/assets/images/papel-sanitario.png', 95);

    INSERT INTO public.recurso(id, tipo, enlace, vocablo_id)
      VALUES (191, 'video', 'https://www.youtube.com/watch?v=ZaoK9E-Zd8g', 95);
    
    INSERT INTO public.vocablo(id, palabra, tema_id)
      VALUES (96, 'Gastritis', 38);
    
    INSERT INTO public.recurso(id, tipo, enlace, vocablo_id)
      VALUES (192, 'image', '/assets/images/gastritis.png', 96);

    INSERT INTO public.recurso(id, tipo, enlace, vocablo_id)
      VALUES (193, 'video', 'https://www.youtube.com/watch?v=jSZ76KZ-sWQ', 96);
    
    INSERT INTO public.vocablo(id, palabra, tema_id)
      VALUES (97, 'Piramides', 38);
    
    INSERT INTO public.recurso(id, tipo, enlace, vocablo_id)
      VALUES (194, 'image', '/assets/images/piramides.png', 97);

    INSERT INTO public.recurso(id, tipo, enlace, vocablo_id)
      VALUES (195, 'video', 'https://www.youtube.com/watch?v=xr0W2zqEvc4', 97);
    
    INSERT INTO public.vocablo(id, palabra, tema_id)
      VALUES (98, 'Andres Bello', 38);
    
    INSERT INTO public.recurso(id, tipo, enlace, vocablo_id)
      VALUES (196, 'image', '/assets/images/andres-bello.png', 98);

    INSERT INTO public.recurso(id, tipo, enlace, vocablo_id)
      VALUES (197, 'video', 'https://www.youtube.com/watch?v=mNLPOJP2xew', 98);
    
    INSERT INTO public.vocablo(id, palabra, tema_id)
      VALUES (99, 'Papá', 38);
    
    INSERT INTO public.recurso(id, tipo, enlace, vocablo_id)
      VALUES (198, 'image', '/assets/images/papa-personas.png', 99);

    INSERT INTO public.recurso(id, tipo, enlace, vocablo_id)
      VALUES (199, 'video', 'https://www.youtube.com/watch?v=vSAcUnQXFdM', 99);
    
    INSERT INTO public.vocablo(id, palabra, tema_id)
      VALUES (100, 'Sacerdote', 38);
    
    INSERT INTO public.recurso(id, tipo, enlace, vocablo_id)
      VALUES (200, 'image', '/assets/images/sacerdote.png', 100);

    INSERT INTO public.recurso(id, tipo, enlace, vocablo_id)
      VALUES (201, 'video', 'https://www.youtube.com/watch?v=B4_Vob0OExE', 100);
    
    INSERT INTO public.vocablo(id, palabra, tema_id)
      VALUES (101, 'Pinta uñas', 38);
    
    INSERT INTO public.recurso(id, tipo, enlace, vocablo_id)
      VALUES (202, 'image', '/assets/images/pinta-unas.png', 101);

    INSERT INTO public.recurso(id, tipo, enlace, vocablo_id)
      VALUES (203, 'video', 'https://www.youtube.com/watch?v=mtwNlENYcJs', 101);
    
    INSERT INTO public.vocablo(id, palabra, tema_id)
      VALUES (102, 'Lápiz-labial', 38);
    
    INSERT INTO public.recurso(id, tipo, enlace, vocablo_id)
      VALUES (204, 'image', '/assets/images/lapiz-labial.png', 102);

    INSERT INTO public.recurso(id, tipo, enlace, vocablo_id)
      VALUES (205, 'video', 'https://www.youtube.com/watch?v=mmuEcWXARlc', 102);
    
    INSERT INTO public.vocablo(id, palabra, tema_id)
      VALUES (103, 'Colonia', 38);
    
    INSERT INTO public.recurso(id, tipo, enlace, vocablo_id)
      VALUES (206, 'image', '/assets/images/colonia.png', 103);

    INSERT INTO public.recurso(id, tipo, enlace, vocablo_id)
      VALUES (207, 'video', 'https://www.youtube.com/watch?v=vmydFSt4F3A', 103);
    
    INSERT INTO public.vocablo(id, palabra, tema_id)
      VALUES (104, 'Aretes', 38);
    
    INSERT INTO public.recurso(id, tipo, enlace, vocablo_id)
      VALUES (208, 'image', '/assets/images/aretes.png', 104);

    INSERT INTO public.recurso(id, tipo, enlace, vocablo_id)
      VALUES (209, 'video', 'https://www.youtube.com/watch?v=OS9Jjj58xEE', 104);
    
    INSERT INTO public.vocablo(id, palabra, tema_id)
      VALUES (105, 'Agua', 0);
    
    INSERT INTO public.recurso(id, tipo, enlace, vocablo_id)
      VALUES (210, 'image', '/assets/images/agua.png', 105);

    INSERT INTO public.recurso(id, tipo, enlace, vocablo_id)
      VALUES (211, 'video', '', 105);
    
    INSERT INTO public.vocablo(id, palabra, tema_id)
      VALUES (106, 'Arepa', 0);
    
    INSERT INTO public.recurso(id, tipo, enlace, vocablo_id)
      VALUES (212, 'image', '/assets/images/arepa.png', 106);

    INSERT INTO public.recurso(id, tipo, enlace, vocablo_id)
      VALUES (213, 'video', '', 106);
    
    INSERT INTO public.vocablo(id, palabra, tema_id)
      VALUES (107, 'Jugo', 0);
    
    INSERT INTO public.recurso(id, tipo, enlace, vocablo_id)
      VALUES (214, 'image', '/assets/images/jugo.png', 107);

    INSERT INTO public.recurso(id, tipo, enlace, vocablo_id)
      VALUES (215, 'video', '', 107);
    
    INSERT INTO public.vocablo(id, palabra, tema_id)
      VALUES (108, 'Leche', 0);
    
    INSERT INTO public.recurso(id, tipo, enlace, vocablo_id)
      VALUES (216, 'image', '/assets/images/leche.png', 108);

    INSERT INTO public.recurso(id, tipo, enlace, vocablo_id)
      VALUES (217, 'video', '', 108);
    
    INSERT INTO public.vocablo(id, palabra, tema_id)
      VALUES (109, 'Pan', 0);
    
    INSERT INTO public.recurso(id, tipo, enlace, vocablo_id)
      VALUES (218, 'image', '/assets/images/pan.png', 109);

    INSERT INTO public.recurso(id, tipo, enlace, vocablo_id)
      VALUES (219, 'video', '', 109);
    
    INSERT INTO public.vocablo(id, palabra, tema_id)
      VALUES (110, 'Lunes', 5);
    
    INSERT INTO public.recurso(id, tipo, enlace, vocablo_id)
      VALUES (220, 'image', '/assets/images/lunes.png', 110);

    INSERT INTO public.recurso(id, tipo, enlace, vocablo_id)
      VALUES (221, 'video', '', 110);
    
    INSERT INTO public.vocablo(id, palabra, tema_id)
      VALUES (111, 'Martes', 5);
    
    INSERT INTO public.recurso(id, tipo, enlace, vocablo_id)
      VALUES (222, 'image', '/assets/images/martes.png', 111);

    INSERT INTO public.recurso(id, tipo, enlace, vocablo_id)
      VALUES (223, 'video', '', 111);
    
    INSERT INTO public.vocablo(id, palabra, tema_id)
      VALUES (112, 'Circulo', 8);
    
    INSERT INTO public.recurso(id, tipo, enlace, vocablo_id)
      VALUES (224, 'image', '/assets/images/circulo.png', 112);

    INSERT INTO public.recurso(id, tipo, enlace, vocablo_id)
      VALUES (225, 'video', '', 112);
    
    INSERT INTO public.vocablo(id, palabra, tema_id)
      VALUES (113, 'Uva', 9);
    
    INSERT INTO public.recurso(id, tipo, enlace, vocablo_id)
      VALUES (226, 'image', '/assets/images/uva.png', 113);

    INSERT INTO public.recurso(id, tipo, enlace, vocablo_id)
      VALUES (227, 'video', '', 113);
    
    INSERT INTO public.vocablo(id, palabra, tema_id)
      VALUES (114, 'Coco', 9);
    
    INSERT INTO public.recurso(id, tipo, enlace, vocablo_id)
      VALUES (228, 'image', '/assets/images/coco.png', 114);

    INSERT INTO public.recurso(id, tipo, enlace, vocablo_id)
      VALUES (229, 'video', '', 114);
    
    INSERT INTO public.vocablo(id, palabra, tema_id)
      VALUES (115, 'Pelota', 11);
    
    INSERT INTO public.recurso(id, tipo, enlace, vocablo_id)
      VALUES (230, 'image', '/assets/images/pelota.png', 115);

    INSERT INTO public.recurso(id, tipo, enlace, vocablo_id)
      VALUES (231, 'video', '', 115);
    
    INSERT INTO public.vocablo(id, palabra, tema_id)
      VALUES (116, 'Muñeca', 11);
    
    INSERT INTO public.recurso(id, tipo, enlace, vocablo_id)
      VALUES (232, 'image', '/assets/images/muneca.png', 116);

    INSERT INTO public.recurso(id, tipo, enlace, vocablo_id)
      VALUES (233, 'video', '', 116);
    
    INSERT INTO public.vocablo(id, palabra, tema_id)
      VALUES (117, 'Baño', 12);
    
    INSERT INTO public.recurso(id, tipo, enlace, vocablo_id)
      VALUES (234, 'image', '/assets/images/bano.png', 117);

    INSERT INTO public.recurso(id, tipo, enlace, vocablo_id)
      VALUES (235, 'video', '', 117);
    
    INSERT INTO public.vocablo(id, palabra, tema_id)
      VALUES (118, 'Casa', 12);
    
    INSERT INTO public.recurso(id, tipo, enlace, vocablo_id)
      VALUES (236, 'image', '/assets/images/casa.png', 118);

    INSERT INTO public.recurso(id, tipo, enlace, vocablo_id)
      VALUES (237, 'video', '', 118);
    
    INSERT INTO public.vocablo(id, palabra, tema_id)
      VALUES (119, 'Escuela', 12);
    
    INSERT INTO public.recurso(id, tipo, enlace, vocablo_id)
      VALUES (238, 'image', '/assets/images/escuela.png', 119);

    INSERT INTO public.recurso(id, tipo, enlace, vocablo_id)
      VALUES (239, 'video', '', 119);
    
    INSERT INTO public.vocablo(id, palabra, tema_id)
      VALUES (120, 'Parque', 12);
    
    INSERT INTO public.recurso(id, tipo, enlace, vocablo_id)
      VALUES (240, 'image', '/assets/images/parque.png', 120);

    INSERT INTO public.recurso(id, tipo, enlace, vocablo_id)
      VALUES (241, 'video', '', 120);
    
    INSERT INTO public.vocablo(id, palabra, tema_id)
      VALUES (121, 'Escuela Ofelia Tancredi', 13);
    
    INSERT INTO public.recurso(id, tipo, enlace, vocablo_id)
      VALUES (242, 'image', '/assets/images/escuela-ofelia-tancredi.png', 121);

    INSERT INTO public.recurso(id, tipo, enlace, vocablo_id)
      VALUES (243, 'video', '', 121);
    
    INSERT INTO public.vocablo(id, palabra, tema_id)
      VALUES (122, 'Zoológico', 13);
    
    INSERT INTO public.recurso(id, tipo, enlace, vocablo_id)
      VALUES (244, 'image', '/assets/images/zoologico.png', 122);

    INSERT INTO public.recurso(id, tipo, enlace, vocablo_id)
      VALUES (245, 'video', '', 122);
    
    INSERT INTO public.vocablo(id, palabra, tema_id)
      VALUES (123, 'Avión', 14);
    
    INSERT INTO public.recurso(id, tipo, enlace, vocablo_id)
      VALUES (246, 'image', '/assets/images/avion.png', 123);

    INSERT INTO public.recurso(id, tipo, enlace, vocablo_id)
      VALUES (247, 'video', '', 123);
    
    INSERT INTO public.vocablo(id, palabra, tema_id)
      VALUES (124, 'Bus', 14);
    
    INSERT INTO public.recurso(id, tipo, enlace, vocablo_id)
      VALUES (248, 'image', '/assets/images/bus.png', 124);

    INSERT INTO public.recurso(id, tipo, enlace, vocablo_id)
      VALUES (249, 'video', '', 124);
    
    INSERT INTO public.vocablo(id, palabra, tema_id)
      VALUES (125, 'Carro', 14);
    
    INSERT INTO public.recurso(id, tipo, enlace, vocablo_id)
      VALUES (250, 'image', '/assets/images/carro.png', 125);

    INSERT INTO public.recurso(id, tipo, enlace, vocablo_id)
      VALUES (251, 'video', '', 125);
    
    INSERT INTO public.vocablo(id, palabra, tema_id)
      VALUES (126, 'Moto', 14);
    
    INSERT INTO public.recurso(id, tipo, enlace, vocablo_id)
      VALUES (252, 'image', '/assets/images/moto.png', 126);

    INSERT INTO public.recurso(id, tipo, enlace, vocablo_id)
      VALUES (253, 'video', '', 126);
    
    INSERT INTO public.vocablo(id, palabra, tema_id)
      VALUES (127, 'Poco', 16);
    
    INSERT INTO public.recurso(id, tipo, enlace, vocablo_id)
      VALUES (254, 'image', '/assets/images/poco.png', 127);

    INSERT INTO public.recurso(id, tipo, enlace, vocablo_id)
      VALUES (255, 'video', '', 127);
    
    INSERT INTO public.vocablo(id, palabra, tema_id)
      VALUES (128, 'Mucho', 16);
    
    INSERT INTO public.recurso(id, tipo, enlace, vocablo_id)
      VALUES (256, 'image', '/assets/images/mucho.png', 128);

    INSERT INTO public.recurso(id, tipo, enlace, vocablo_id)
      VALUES (257, 'video', '', 128);
    
    INSERT INTO public.vocablo(id, palabra, tema_id)
      VALUES (129, 'Nada', 16);
    
    INSERT INTO public.recurso(id, tipo, enlace, vocablo_id)
      VALUES (258, 'image', '/assets/images/nada.png', 129);

    INSERT INTO public.recurso(id, tipo, enlace, vocablo_id)
      VALUES (259, 'video', '', 129);
    
    INSERT INTO public.vocablo(id, palabra, tema_id)
      VALUES (130, 'Grande', 17);
    
    INSERT INTO public.recurso(id, tipo, enlace, vocablo_id)
      VALUES (260, 'image', '/assets/images/grande.png', 130);

    INSERT INTO public.recurso(id, tipo, enlace, vocablo_id)
      VALUES (261, 'video', '', 130);
    
    INSERT INTO public.vocablo(id, palabra, tema_id)
      VALUES (131, 'Pequeño', 17);
    
    INSERT INTO public.recurso(id, tipo, enlace, vocablo_id)
      VALUES (262, 'image', '/assets/images/pequeno.png', 131);

    INSERT INTO public.recurso(id, tipo, enlace, vocablo_id)
      VALUES (263, 'video', '', 131);
    
    INSERT INTO public.vocablo(id, palabra, tema_id)
      VALUES (132, 'Mediano', 17);
    
    INSERT INTO public.recurso(id, tipo, enlace, vocablo_id)
      VALUES (264, 'image', '/assets/images/mediano.png', 132);

    INSERT INTO public.recurso(id, tipo, enlace, vocablo_id)
      VALUES (265, 'video', '', 132);
    
    INSERT INTO public.vocablo(id, palabra, tema_id)
      VALUES (133, 'Corto', 17);
    
    INSERT INTO public.recurso(id, tipo, enlace, vocablo_id)
      VALUES (266, 'image', '/assets/images/corto.png', 133);

    INSERT INTO public.recurso(id, tipo, enlace, vocablo_id)
      VALUES (267, 'video', '', 133);
    
    INSERT INTO public.vocablo(id, palabra, tema_id)
      VALUES (134, 'Largo', 17);
    
    INSERT INTO public.recurso(id, tipo, enlace, vocablo_id)
      VALUES (268, 'image', '/assets/images/largo.png', 134);

    INSERT INTO public.recurso(id, tipo, enlace, vocablo_id)
      VALUES (269, 'video', '', 134);
    
    INSERT INTO public.vocablo(id, palabra, tema_id)
      VALUES (135, 'alto', 17);
    
    INSERT INTO public.recurso(id, tipo, enlace, vocablo_id)
      VALUES (270, 'image', '/assets/images/alto.png', 135);

    INSERT INTO public.recurso(id, tipo, enlace, vocablo_id)
      VALUES (271, 'video', '', 135);
    
    INSERT INTO public.vocablo(id, palabra, tema_id)
      VALUES (136, 'Bajo', 17);
    
    INSERT INTO public.recurso(id, tipo, enlace, vocablo_id)
      VALUES (272, 'image', '/assets/images/bajo.png', 136);

    INSERT INTO public.recurso(id, tipo, enlace, vocablo_id)
      VALUES (273, 'video', '', 136);
    
    INSERT INTO public.vocablo(id, palabra, tema_id)
      VALUES (137, 'Arriba', 18);
    
    INSERT INTO public.recurso(id, tipo, enlace, vocablo_id)
      VALUES (274, 'image', '/assets/images/arriba.png', 137);

    INSERT INTO public.recurso(id, tipo, enlace, vocablo_id)
      VALUES (275, 'video', '', 137);
    
    INSERT INTO public.vocablo(id, palabra, tema_id)
      VALUES (138, 'Abajo', 18);
    
    INSERT INTO public.recurso(id, tipo, enlace, vocablo_id)
      VALUES (276, 'image', '/assets/images/abajo.png', 138);

    INSERT INTO public.recurso(id, tipo, enlace, vocablo_id)
      VALUES (277, 'video', '', 138);
    
    INSERT INTO public.vocablo(id, palabra, tema_id)
      VALUES (139, 'Ayer', 19);
    
    INSERT INTO public.recurso(id, tipo, enlace, vocablo_id)
      VALUES (278, 'image', '/assets/images/ayer.png', 139);

    INSERT INTO public.recurso(id, tipo, enlace, vocablo_id)
      VALUES (279, 'video', '', 139);
    
    INSERT INTO public.vocablo(id, palabra, tema_id)
      VALUES (140, 'Hoy', 19);
    
    INSERT INTO public.recurso(id, tipo, enlace, vocablo_id)
      VALUES (280, 'image', '/assets/images/hoy.png', 140);

    INSERT INTO public.recurso(id, tipo, enlace, vocablo_id)
      VALUES (281, 'video', '', 140);
    
    INSERT INTO public.vocablo(id, palabra, tema_id)
      VALUES (141, 'Mañana', 19);
    
    INSERT INTO public.recurso(id, tipo, enlace, vocablo_id)
      VALUES (282, 'image', '/assets/images/manana.png', 141);

    INSERT INTO public.recurso(id, tipo, enlace, vocablo_id)
      VALUES (283, 'video', '', 141);
    
    INSERT INTO public.vocablo(id, palabra, tema_id)
      VALUES (142, 'Mesa', 21);
    
    INSERT INTO public.recurso(id, tipo, enlace, vocablo_id)
      VALUES (284, 'image', '/assets/images/mesa.png', 142);

    INSERT INTO public.recurso(id, tipo, enlace, vocablo_id)
      VALUES (285, 'video', '', 142);
    
    INSERT INTO public.vocablo(id, palabra, tema_id)
      VALUES (143, 'Silla', 21);
    
    INSERT INTO public.recurso(id, tipo, enlace, vocablo_id)
      VALUES (286, 'image', '/assets/images/silla.png', 143);

    INSERT INTO public.recurso(id, tipo, enlace, vocablo_id)
      VALUES (287, 'video', '', 143);
    
    INSERT INTO public.vocablo(id, palabra, tema_id)
      VALUES (144, 'Doctor', 22);
    
    INSERT INTO public.recurso(id, tipo, enlace, vocablo_id)
      VALUES (288, 'image', '/assets/images/doctor.png', 144);

    INSERT INTO public.recurso(id, tipo, enlace, vocablo_id)
      VALUES (289, 'video', '', 144);
    
    INSERT INTO public.vocablo(id, palabra, tema_id)
      VALUES (145, 'Maestra', 22);
    
    INSERT INTO public.recurso(id, tipo, enlace, vocablo_id)
      VALUES (290, 'image', '/assets/images/maestra.png', 145);

    INSERT INTO public.recurso(id, tipo, enlace, vocablo_id)
      VALUES (291, 'video', '', 145);
    
    INSERT INTO public.vocablo(id, palabra, tema_id)
      VALUES (146, 'Boca', 23);
    
    INSERT INTO public.recurso(id, tipo, enlace, vocablo_id)
      VALUES (292, 'image', '/assets/images/boca.png', 146);

    INSERT INTO public.recurso(id, tipo, enlace, vocablo_id)
      VALUES (293, 'video', '', 146);
    
    INSERT INTO public.vocablo(id, palabra, tema_id)
      VALUES (147, 'Mano', 23);
    
    INSERT INTO public.recurso(id, tipo, enlace, vocablo_id)
      VALUES (294, 'image', '/assets/images/mano.png', 147);

    INSERT INTO public.recurso(id, tipo, enlace, vocablo_id)
      VALUES (295, 'video', '', 147);
    
    INSERT INTO public.vocablo(id, palabra, tema_id)
      VALUES (148, 'Nariz', 23);
    
    INSERT INTO public.recurso(id, tipo, enlace, vocablo_id)
      VALUES (296, 'image', '/assets/images/nariz.png', 148);

    INSERT INTO public.recurso(id, tipo, enlace, vocablo_id)
      VALUES (297, 'video', '', 148);
    
    INSERT INTO public.vocablo(id, palabra, tema_id)
      VALUES (149, 'Ojos', 23);
    
    INSERT INTO public.recurso(id, tipo, enlace, vocablo_id)
      VALUES (298, 'image', '/assets/images/ojos.png', 149);

    INSERT INTO public.recurso(id, tipo, enlace, vocablo_id)
      VALUES (299, 'video', '', 149);
    
    INSERT INTO public.vocablo(id, palabra, tema_id)
      VALUES (150, 'Simón Bolívar', 24);
    
    INSERT INTO public.recurso(id, tipo, enlace, vocablo_id)
      VALUES (300, 'image', '/assets/images/simon-bolivar.png', 150);

    INSERT INTO public.recurso(id, tipo, enlace, vocablo_id)
      VALUES (301, 'video', '', 150);
    
    INSERT INTO public.vocablo(id, palabra, tema_id)
      VALUES (151, 'Mamá', 25);
    
    INSERT INTO public.recurso(id, tipo, enlace, vocablo_id)
      VALUES (302, 'image', '/assets/images/mama.png', 151);

    INSERT INTO public.recurso(id, tipo, enlace, vocablo_id)
      VALUES (303, 'video', '', 151);
    
    INSERT INTO public.vocablo(id, palabra, tema_id)
      VALUES (152, 'Bebé', 25);
    
    INSERT INTO public.recurso(id, tipo, enlace, vocablo_id)
      VALUES (304, 'image', '/assets/images/bebe.png', 152);

    INSERT INTO public.recurso(id, tipo, enlace, vocablo_id)
      VALUES (305, 'video', '', 152);
    
    INSERT INTO public.vocablo(id, palabra, tema_id)
      VALUES (153, 'Niño', 25);
    
    INSERT INTO public.recurso(id, tipo, enlace, vocablo_id)
      VALUES (306, 'image', '/assets/images/nino.png', 153);

    INSERT INTO public.recurso(id, tipo, enlace, vocablo_id)
      VALUES (307, 'video', '', 153);
    
    INSERT INTO public.vocablo(id, palabra, tema_id)
      VALUES (154, 'Niña', 25);
    
    INSERT INTO public.recurso(id, tipo, enlace, vocablo_id)
      VALUES (308, 'image', '/assets/images/nina.png', 154);

    INSERT INTO public.recurso(id, tipo, enlace, vocablo_id)
      VALUES (309, 'video', '', 154);
    
    INSERT INTO public.vocablo(id, palabra, tema_id)
      VALUES (155, 'Camisa', 26);
    
    INSERT INTO public.recurso(id, tipo, enlace, vocablo_id)
      VALUES (310, 'image', '/assets/images/camisa.png', 155);

    INSERT INTO public.recurso(id, tipo, enlace, vocablo_id)
      VALUES (311, 'video', '', 155);
    
    INSERT INTO public.vocablo(id, palabra, tema_id)
      VALUES (156, 'Medias', 26);
    
    INSERT INTO public.recurso(id, tipo, enlace, vocablo_id)
      VALUES (312, 'image', '/assets/images/medias.png', 156);

    INSERT INTO public.recurso(id, tipo, enlace, vocablo_id)
      VALUES (313, 'video', '', 156);
    
    INSERT INTO public.vocablo(id, palabra, tema_id)
      VALUES (157, 'Pantalones', 26);
    
    INSERT INTO public.recurso(id, tipo, enlace, vocablo_id)
      VALUES (314, 'image', '/assets/images/pantalones.png', 157);

    INSERT INTO public.recurso(id, tipo, enlace, vocablo_id)
      VALUES (315, 'video', '', 157);
    
    INSERT INTO public.vocablo(id, palabra, tema_id)
      VALUES (158, 'Zapatos', 26);
    
    INSERT INTO public.recurso(id, tipo, enlace, vocablo_id)
      VALUES (316, 'image', '/assets/images/zapatos.png', 158);

    INSERT INTO public.recurso(id, tipo, enlace, vocablo_id)
      VALUES (317, 'video', '', 158);
    
    INSERT INTO public.vocablo(id, palabra, tema_id)
      VALUES (159, 'Bandera', 27);
    
    INSERT INTO public.recurso(id, tipo, enlace, vocablo_id)
      VALUES (318, 'image', '/assets/images/bandera.png', 159);

    INSERT INTO public.recurso(id, tipo, enlace, vocablo_id)
      VALUES (319, 'video', '', 159);
    
    INSERT INTO public.vocablo(id, palabra, tema_id)
      VALUES (160, 'Torta', 0);
    
    INSERT INTO public.recurso(id, tipo, enlace, vocablo_id)
      VALUES (320, 'image', '/assets/images/torta.png', 160);

    INSERT INTO public.recurso(id, tipo, enlace, vocablo_id)
      VALUES (321, 'video', '', 160);
    
    INSERT INTO public.vocablo(id, palabra, tema_id)
      VALUES (161, 'Cóndor', 1);
    
    INSERT INTO public.recurso(id, tipo, enlace, vocablo_id)
      VALUES (322, 'image', '/assets/images/condor.png', 161);

    INSERT INTO public.recurso(id, tipo, enlace, vocablo_id)
      VALUES (323, 'video', '', 161);
    
    INSERT INTO public.vocablo(id, palabra, tema_id)
      VALUES (162, 'Gallina', 1);
    
    INSERT INTO public.recurso(id, tipo, enlace, vocablo_id)
      VALUES (324, 'image', '/assets/images/gallina.png', 162);

    INSERT INTO public.recurso(id, tipo, enlace, vocablo_id)
      VALUES (325, 'video', '', 162);
    
    INSERT INTO public.vocablo(id, palabra, tema_id)
      VALUES (163, 'Gallo', 1);
    
    INSERT INTO public.recurso(id, tipo, enlace, vocablo_id)
      VALUES (326, 'image', '/assets/images/gallo.png', 163);

    INSERT INTO public.recurso(id, tipo, enlace, vocablo_id)
      VALUES (327, 'video', '', 163);
    
    INSERT INTO public.vocablo(id, palabra, tema_id)
      VALUES (164, 'Pájaro', 1);
    
    INSERT INTO public.recurso(id, tipo, enlace, vocablo_id)
      VALUES (328, 'image', '/assets/images/pajaro.png', 164);

    INSERT INTO public.recurso(id, tipo, enlace, vocablo_id)
      VALUES (329, 'video', '', 164);
    
    INSERT INTO public.vocablo(id, palabra, tema_id)
      VALUES (165, 'Ratón', 1);
    
    INSERT INTO public.recurso(id, tipo, enlace, vocablo_id)
      VALUES (330, 'image', '/assets/images/raton.png', 165);

    INSERT INTO public.recurso(id, tipo, enlace, vocablo_id)
      VALUES (331, 'video', '', 165);
    
    INSERT INTO public.vocablo(id, palabra, tema_id)
      VALUES (166, 'Sapo', 1);
    
    INSERT INTO public.recurso(id, tipo, enlace, vocablo_id)
      VALUES (332, 'image', '/assets/images/sapo.png', 166);

    INSERT INTO public.recurso(id, tipo, enlace, vocablo_id)
      VALUES (333, 'video', '', 166);
    
    INSERT INTO public.vocablo(id, palabra, tema_id)
      VALUES (167, 'Vaca', 1);
    
    INSERT INTO public.recurso(id, tipo, enlace, vocablo_id)
      VALUES (334, 'image', '/assets/images/vaca.png', 167);

    INSERT INTO public.recurso(id, tipo, enlace, vocablo_id)
      VALUES (335, 'video', '', 167);
    
    INSERT INTO public.vocablo(id, palabra, tema_id)
      VALUES (168, 'Araguaney', 2);
    
    INSERT INTO public.recurso(id, tipo, enlace, vocablo_id)
      VALUES (336, 'image', '/assets/images/araguaney.png', 168);

    INSERT INTO public.recurso(id, tipo, enlace, vocablo_id)
      VALUES (337, 'video', '', 168);
    
    INSERT INTO public.vocablo(id, palabra, tema_id)
      VALUES (169, 'Viernes', 5);
    
    INSERT INTO public.recurso(id, tipo, enlace, vocablo_id)
      VALUES (338, 'image', '/assets/images/viernes.png', 169);

    INSERT INTO public.recurso(id, tipo, enlace, vocablo_id)
      VALUES (339, 'video', '', 169);
    
    INSERT INTO public.vocablo(id, palabra, tema_id)
      VALUES (170, 'Cólera', 7);
    
    INSERT INTO public.recurso(id, tipo, enlace, vocablo_id)
      VALUES (340, 'image', '/assets/images/colera.png', 170);

    INSERT INTO public.recurso(id, tipo, enlace, vocablo_id)
      VALUES (341, 'video', '', 170);
    
    INSERT INTO public.vocablo(id, palabra, tema_id)
      VALUES (171, 'Dengue', 7);
    
    INSERT INTO public.recurso(id, tipo, enlace, vocablo_id)
      VALUES (342, 'image', '/assets/images/dengue.png', 171);

    INSERT INTO public.recurso(id, tipo, enlace, vocablo_id)
      VALUES (343, 'video', '', 171);
    
    INSERT INTO public.vocablo(id, palabra, tema_id)
      VALUES (172, 'Gripe', 7);
    
    INSERT INTO public.recurso(id, tipo, enlace, vocablo_id)
      VALUES (344, 'image', '/assets/images/gripe.png', 172);

    INSERT INTO public.recurso(id, tipo, enlace, vocablo_id)
      VALUES (345, 'video', '', 172);
    
    INSERT INTO public.vocablo(id, palabra, tema_id)
      VALUES (173, 'Triángulo', 8);
    
    INSERT INTO public.recurso(id, tipo, enlace, vocablo_id)
      VALUES (346, 'image', '/assets/images/triangulo.png', 173);

    INSERT INTO public.recurso(id, tipo, enlace, vocablo_id)
      VALUES (347, 'video', '', 173);
    
    INSERT INTO public.vocablo(id, palabra, tema_id)
      VALUES (174, 'Cuadrado', 8);
    
    INSERT INTO public.recurso(id, tipo, enlace, vocablo_id)
      VALUES (348, 'image', '/assets/images/cuadrado.png', 174);

    INSERT INTO public.recurso(id, tipo, enlace, vocablo_id)
      VALUES (349, 'video', '', 174);
    
    INSERT INTO public.vocablo(id, palabra, tema_id)
      VALUES (175, 'Metra', 11);
    
    INSERT INTO public.recurso(id, tipo, enlace, vocablo_id)
      VALUES (350, 'image', '/assets/images/metra.png', 175);

    INSERT INTO public.recurso(id, tipo, enlace, vocablo_id)
      VALUES (351, 'video', '', 175);
    
    INSERT INTO public.vocablo(id, palabra, tema_id)
      VALUES (176, 'Pito', 11);
    
    INSERT INTO public.recurso(id, tipo, enlace, vocablo_id)
      VALUES (352, 'image', '/assets/images/pito.png', 176);

    INSERT INTO public.recurso(id, tipo, enlace, vocablo_id)
      VALUES (353, 'video', '', 176);
    
    INSERT INTO public.vocablo(id, palabra, tema_id)
      VALUES (177, 'Trompo', 11);
    
    INSERT INTO public.recurso(id, tipo, enlace, vocablo_id)
      VALUES (354, 'image', '/assets/images/trompo.png', 177);

    INSERT INTO public.recurso(id, tipo, enlace, vocablo_id)
      VALUES (355, 'video', '', 177);
    
    INSERT INTO public.vocablo(id, palabra, tema_id)
      VALUES (178, 'Plaza', 12);
    
    INSERT INTO public.recurso(id, tipo, enlace, vocablo_id)
      VALUES (356, 'image', '/assets/images/plaza.png', 178);

    INSERT INTO public.recurso(id, tipo, enlace, vocablo_id)
      VALUES (357, 'video', '', 178);
    
    INSERT INTO public.vocablo(id, palabra, tema_id)
      VALUES (179, 'Cocina', 12);
    
    INSERT INTO public.recurso(id, tipo, enlace, vocablo_id)
      VALUES (358, 'image', '/assets/images/cocina.png', 179);

    INSERT INTO public.recurso(id, tipo, enlace, vocablo_id)
      VALUES (359, 'video', '', 179);
    
    INSERT INTO public.vocablo(id, palabra, tema_id)
      VALUES (180, 'Cancha', 12);
    
    INSERT INTO public.recurso(id, tipo, enlace, vocablo_id)
      VALUES (360, 'image', '/assets/images/cancha.png', 180);

    INSERT INTO public.recurso(id, tipo, enlace, vocablo_id)
      VALUES (361, 'video', '', 180);
    
    INSERT INTO public.vocablo(id, palabra, tema_id)
      VALUES (181, 'Cbit', 12);
    
    INSERT INTO public.recurso(id, tipo, enlace, vocablo_id)
      VALUES (362, 'image', '/assets/images/cbit.png', 181);

    INSERT INTO public.recurso(id, tipo, enlace, vocablo_id)
      VALUES (363, 'video', '', 181);
    
    INSERT INTO public.vocablo(id, palabra, tema_id)
      VALUES (182, 'Zoológico "Chorros de Milla"', 13);
    
    INSERT INTO public.recurso(id, tipo, enlace, vocablo_id)
      VALUES (364, 'image', '/assets/images/zoologico-chorros-de-milla.png', 182);

    INSERT INTO public.recurso(id, tipo, enlace, vocablo_id)
      VALUES (365, 'video', '', 182);
    
    INSERT INTO public.vocablo(id, palabra, tema_id)
      VALUES (183, 'Parque La Isla', 13);
    
    INSERT INTO public.recurso(id, tipo, enlace, vocablo_id)
      VALUES (366, 'image', '/assets/images/parque-la-isla.png', 183);

    INSERT INTO public.recurso(id, tipo, enlace, vocablo_id)
      VALUES (367, 'video', '', 183);
    
    INSERT INTO public.vocablo(id, palabra, tema_id)
      VALUES (184, 'Barco', 14);
    
    INSERT INTO public.recurso(id, tipo, enlace, vocablo_id)
      VALUES (368, 'image', '/assets/images/barco.png', 184);

    INSERT INTO public.recurso(id, tipo, enlace, vocablo_id)
      VALUES (369, 'video', '', 184);
    
    INSERT INTO public.vocablo(id, palabra, tema_id)
      VALUES (185, 'Bicicleta', 14);
    
    INSERT INTO public.recurso(id, tipo, enlace, vocablo_id)
      VALUES (370, 'image', '/assets/images/bicicleta.png', 185);

    INSERT INTO public.recurso(id, tipo, enlace, vocablo_id)
      VALUES (371, 'video', '', 185);
    
    INSERT INTO public.vocablo(id, palabra, tema_id)
      VALUES (186, 'Cohete', 14);
    
    INSERT INTO public.recurso(id, tipo, enlace, vocablo_id)
      VALUES (372, 'image', '/assets/images/cohete.png', 186);

    INSERT INTO public.recurso(id, tipo, enlace, vocablo_id)
      VALUES (373, 'video', '', 186);
    
    INSERT INTO public.vocablo(id, palabra, tema_id)
      VALUES (187, 'Helicóptero', 14);
    
    INSERT INTO public.recurso(id, tipo, enlace, vocablo_id)
      VALUES (374, 'image', '/assets/images/helicoptero.png', 187);

    INSERT INTO public.recurso(id, tipo, enlace, vocablo_id)
      VALUES (375, 'video', '', 187);
    
    INSERT INTO public.vocablo(id, palabra, tema_id)
      VALUES (188, 'Enero', 15);
    
    INSERT INTO public.recurso(id, tipo, enlace, vocablo_id)
      VALUES (376, 'image', '/assets/images/enero.png', 188);

    INSERT INTO public.recurso(id, tipo, enlace, vocablo_id)
      VALUES (377, 'video', '', 188);
    
    INSERT INTO public.vocablo(id, palabra, tema_id)
      VALUES (189, 'Mayo', 15);
    
    INSERT INTO public.recurso(id, tipo, enlace, vocablo_id)
      VALUES (378, 'image', '/assets/images/mayo.png', 189);

    INSERT INTO public.recurso(id, tipo, enlace, vocablo_id)
      VALUES (379, 'video', '', 189);
    
    INSERT INTO public.vocablo(id, palabra, tema_id)
      VALUES (190, 'Junio', 15);
    
    INSERT INTO public.recurso(id, tipo, enlace, vocablo_id)
      VALUES (380, 'image', '/assets/images/junio.png', 190);

    INSERT INTO public.recurso(id, tipo, enlace, vocablo_id)
      VALUES (381, 'video', '', 190);
    
    INSERT INTO public.vocablo(id, palabra, tema_id)
      VALUES (191, 'Julio', 15);
    
    INSERT INTO public.recurso(id, tipo, enlace, vocablo_id)
      VALUES (382, 'image', '/assets/images/julio.png', 191);

    INSERT INTO public.recurso(id, tipo, enlace, vocablo_id)
      VALUES (383, 'video', '', 191);
    
    INSERT INTO public.vocablo(id, palabra, tema_id)
      VALUES (192, 'Número', 16);
    
    INSERT INTO public.recurso(id, tipo, enlace, vocablo_id)
      VALUES (384, 'image', '/assets/images/numero.png', 192);

    INSERT INTO public.recurso(id, tipo, enlace, vocablo_id)
      VALUES (385, 'video', '', 192);
    
    INSERT INTO public.vocablo(id, palabra, tema_id)
      VALUES (193, 'Cerca', 18);
    
    INSERT INTO public.recurso(id, tipo, enlace, vocablo_id)
      VALUES (386, 'image', '/assets/images/cerca.png', 193);

    INSERT INTO public.recurso(id, tipo, enlace, vocablo_id)
      VALUES (387, 'video', '', 193);
    
    INSERT INTO public.vocablo(id, palabra, tema_id)
      VALUES (194, 'Debajo', 18);
    
    INSERT INTO public.recurso(id, tipo, enlace, vocablo_id)
      VALUES (388, 'image', '/assets/images/debajo.png', 194);

    INSERT INTO public.recurso(id, tipo, enlace, vocablo_id)
      VALUES (389, 'video', '', 194);
    
    INSERT INTO public.vocablo(id, palabra, tema_id)
      VALUES (195, 'Delante', 18);
    
    INSERT INTO public.recurso(id, tipo, enlace, vocablo_id)
      VALUES (390, 'image', '/assets/images/delante.png', 195);

    INSERT INTO public.recurso(id, tipo, enlace, vocablo_id)
      VALUES (391, 'video', '', 195);
    
    INSERT INTO public.vocablo(id, palabra, tema_id)
      VALUES (196, 'Detrás', 18);
    
    INSERT INTO public.recurso(id, tipo, enlace, vocablo_id)
      VALUES (392, 'image', '/assets/images/detras.png', 196);

    INSERT INTO public.recurso(id, tipo, enlace, vocablo_id)
      VALUES (393, 'video', '', 196);
    
    INSERT INTO public.vocablo(id, palabra, tema_id)
      VALUES (197, 'Lejos', 18);
    
    INSERT INTO public.recurso(id, tipo, enlace, vocablo_id)
      VALUES (394, 'image', '/assets/images/lejos.png', 197);

    INSERT INTO public.recurso(id, tipo, enlace, vocablo_id)
      VALUES (395, 'video', '', 197);
    
    INSERT INTO public.vocablo(id, palabra, tema_id)
      VALUES (198, 'Sobre', 18);
    
    INSERT INTO public.recurso(id, tipo, enlace, vocablo_id)
      VALUES (396, 'image', '/assets/images/sobre.png', 198);

    INSERT INTO public.recurso(id, tipo, enlace, vocablo_id)
      VALUES (397, 'video', '', 198);
    
    INSERT INTO public.vocablo(id, palabra, tema_id)
      VALUES (199, 'Ahora', 19);
    
    INSERT INTO public.recurso(id, tipo, enlace, vocablo_id)
      VALUES (398, 'image', '/assets/images/ahora.png', 199);

    INSERT INTO public.recurso(id, tipo, enlace, vocablo_id)
      VALUES (399, 'video', '', 199);
    
    INSERT INTO public.vocablo(id, palabra, tema_id)
      VALUES (200, 'Anteayer', 19);
    
    INSERT INTO public.recurso(id, tipo, enlace, vocablo_id)
      VALUES (400, 'image', '/assets/images/anteayer.png', 200);

    INSERT INTO public.recurso(id, tipo, enlace, vocablo_id)
      VALUES (401, 'video', '', 200);
    
    INSERT INTO public.vocablo(id, palabra, tema_id)
      VALUES (201, 'Antes', 19);
    
    INSERT INTO public.recurso(id, tipo, enlace, vocablo_id)
      VALUES (402, 'image', '/assets/images/antes.png', 201);

    INSERT INTO public.recurso(id, tipo, enlace, vocablo_id)
      VALUES (403, 'video', '', 201);
    
    INSERT INTO public.vocablo(id, palabra, tema_id)
      VALUES (202, 'Después', 19);
    
    INSERT INTO public.recurso(id, tipo, enlace, vocablo_id)
      VALUES (404, 'image', '/assets/images/despues.png', 202);

    INSERT INTO public.recurso(id, tipo, enlace, vocablo_id)
      VALUES (405, 'video', '', 202);
    
    INSERT INTO public.vocablo(id, palabra, tema_id)
      VALUES (203, 'Pasado mañana', 19);
    
    INSERT INTO public.recurso(id, tipo, enlace, vocablo_id)
      VALUES (406, 'image', '/assets/images/pasado-manana.png', 203);

    INSERT INTO public.recurso(id, tipo, enlace, vocablo_id)
      VALUES (407, 'video', '', 203);
    
    INSERT INTO public.vocablo(id, palabra, tema_id)
      VALUES (204, 'Cuatro', 20);
    
    INSERT INTO public.recurso(id, tipo, enlace, vocablo_id)
      VALUES (408, 'image', '/assets/images/cuatro.png', 204);

    INSERT INTO public.recurso(id, tipo, enlace, vocablo_id)
      VALUES (409, 'video', '', 204);
    
    INSERT INTO public.vocablo(id, palabra, tema_id)
      VALUES (205, 'Cinco', 20);
    
    INSERT INTO public.recurso(id, tipo, enlace, vocablo_id)
      VALUES (410, 'image', '/assets/images/cinco.png', 205);

    INSERT INTO public.recurso(id, tipo, enlace, vocablo_id)
      VALUES (411, 'video', '', 205);
    
    INSERT INTO public.vocablo(id, palabra, tema_id)
      VALUES (206, 'Seis', 20);
    
    INSERT INTO public.recurso(id, tipo, enlace, vocablo_id)
      VALUES (412, 'image', '/assets/images/seis.png', 206);

    INSERT INTO public.recurso(id, tipo, enlace, vocablo_id)
      VALUES (413, 'video', '', 206);
    
    INSERT INTO public.vocablo(id, palabra, tema_id)
      VALUES (207, 'Siete', 20);
    
    INSERT INTO public.recurso(id, tipo, enlace, vocablo_id)
      VALUES (414, 'image', '/assets/images/siete.png', 207);

    INSERT INTO public.recurso(id, tipo, enlace, vocablo_id)
      VALUES (415, 'video', '', 207);
    
    INSERT INTO public.vocablo(id, palabra, tema_id)
      VALUES (208, 'Ocho', 20);
    
    INSERT INTO public.recurso(id, tipo, enlace, vocablo_id)
      VALUES (416, 'image', '/assets/images/ocho.png', 208);

    INSERT INTO public.recurso(id, tipo, enlace, vocablo_id)
      VALUES (417, 'video', '', 208);
    
    INSERT INTO public.vocablo(id, palabra, tema_id)
      VALUES (209, 'Nueve', 20);
    
    INSERT INTO public.recurso(id, tipo, enlace, vocablo_id)
      VALUES (418, 'image', '/assets/images/nueve.png', 209);

    INSERT INTO public.recurso(id, tipo, enlace, vocablo_id)
      VALUES (419, 'video', '', 209);
    
    INSERT INTO public.vocablo(id, palabra, tema_id)
      VALUES (210, 'Diez', 20);
    
    INSERT INTO public.recurso(id, tipo, enlace, vocablo_id)
      VALUES (420, 'image', '/assets/images/diez.png', 210);

    INSERT INTO public.recurso(id, tipo, enlace, vocablo_id)
      VALUES (421, 'video', '', 210);
    
    INSERT INTO public.vocablo(id, palabra, tema_id)
      VALUES (211, 'Cama,', 21);
    
    INSERT INTO public.recurso(id, tipo, enlace, vocablo_id)
      VALUES (422, 'image', '/assets/images/cama,.png', 211);

    INSERT INTO public.recurso(id, tipo, enlace, vocablo_id)
      VALUES (423, 'video', '', 211);
    
    INSERT INTO public.vocablo(id, palabra, tema_id)
      VALUES (212, 'Bomberos', 22);
    
    INSERT INTO public.recurso(id, tipo, enlace, vocablo_id)
      VALUES (424, 'image', '/assets/images/bomberos.png', 212);

    INSERT INTO public.recurso(id, tipo, enlace, vocablo_id)
      VALUES (425, 'video', '', 212);
    
    INSERT INTO public.vocablo(id, palabra, tema_id)
      VALUES (213, 'Obrero', 22);
    
    INSERT INTO public.recurso(id, tipo, enlace, vocablo_id)
      VALUES (426, 'image', '/assets/images/obrero.png', 213);

    INSERT INTO public.recurso(id, tipo, enlace, vocablo_id)
      VALUES (427, 'video', '', 213);
    
    INSERT INTO public.vocablo(id, palabra, tema_id)
      VALUES (214, 'Policía', 22);
    
    INSERT INTO public.recurso(id, tipo, enlace, vocablo_id)
      VALUES (428, 'image', '/assets/images/policia.png', 214);

    INSERT INTO public.recurso(id, tipo, enlace, vocablo_id)
      VALUES (429, 'video', '', 214);
    
    INSERT INTO public.vocablo(id, palabra, tema_id)
      VALUES (215, 'Panadera', 22);
    
    INSERT INTO public.recurso(id, tipo, enlace, vocablo_id)
      VALUES (430, 'image', '/assets/images/panadera.png', 215);

    INSERT INTO public.recurso(id, tipo, enlace, vocablo_id)
      VALUES (431, 'video', '', 215);
    
    INSERT INTO public.vocablo(id, palabra, tema_id)
      VALUES (216, 'Brazo', 23);
    
    INSERT INTO public.recurso(id, tipo, enlace, vocablo_id)
      VALUES (432, 'image', '/assets/images/brazo.png', 216);

    INSERT INTO public.recurso(id, tipo, enlace, vocablo_id)
      VALUES (433, 'video', '', 216);
    
    INSERT INTO public.vocablo(id, palabra, tema_id)
      VALUES (217, 'Cabeza', 23);
    
    INSERT INTO public.recurso(id, tipo, enlace, vocablo_id)
      VALUES (434, 'image', '/assets/images/cabeza.png', 217);

    INSERT INTO public.recurso(id, tipo, enlace, vocablo_id)
      VALUES (435, 'video', '', 217);
    
    INSERT INTO public.vocablo(id, palabra, tema_id)
      VALUES (218, 'Cara', 23);
    
    INSERT INTO public.recurso(id, tipo, enlace, vocablo_id)
      VALUES (436, 'image', '/assets/images/cara.png', 218);

    INSERT INTO public.recurso(id, tipo, enlace, vocablo_id)
      VALUES (437, 'video', '', 218);
    
    INSERT INTO public.vocablo(id, palabra, tema_id)
      VALUES (219, 'Diente', 23);
    
    INSERT INTO public.recurso(id, tipo, enlace, vocablo_id)
      VALUES (438, 'image', '/assets/images/diente.png', 219);

    INSERT INTO public.recurso(id, tipo, enlace, vocablo_id)
      VALUES (439, 'video', '', 219);
    
    INSERT INTO public.vocablo(id, palabra, tema_id)
      VALUES (220, 'Pelo', 23);
    
    INSERT INTO public.recurso(id, tipo, enlace, vocablo_id)
      VALUES (440, 'image', '/assets/images/pelo.png', 220);

    INSERT INTO public.recurso(id, tipo, enlace, vocablo_id)
      VALUES (441, 'video', '', 220);
    
    INSERT INTO public.vocablo(id, palabra, tema_id)
      VALUES (221, 'Pie', 23);
    
    INSERT INTO public.recurso(id, tipo, enlace, vocablo_id)
      VALUES (442, 'image', '/assets/images/pie.png', 221);

    INSERT INTO public.recurso(id, tipo, enlace, vocablo_id)
      VALUES (443, 'video', '', 221);
    
    INSERT INTO public.vocablo(id, palabra, tema_id)
      VALUES (222, 'Pierna', 23);
    
    INSERT INTO public.recurso(id, tipo, enlace, vocablo_id)
      VALUES (444, 'image', '/assets/images/pierna.png', 222);

    INSERT INTO public.recurso(id, tipo, enlace, vocablo_id)
      VALUES (445, 'video', '', 222);
    
    INSERT INTO public.vocablo(id, palabra, tema_id)
      VALUES (223, 'Francisco de Miranda', 24);
    
    INSERT INTO public.recurso(id, tipo, enlace, vocablo_id)
      VALUES (446, 'image', '/assets/images/francisco-de-miranda.png', 223);

    INSERT INTO public.recurso(id, tipo, enlace, vocablo_id)
      VALUES (447, 'video', '', 223);
    
    INSERT INTO public.vocablo(id, palabra, tema_id)
      VALUES (224, 'Simón Rodriguez', 24);
    
    INSERT INTO public.recurso(id, tipo, enlace, vocablo_id)
      VALUES (448, 'image', '/assets/images/simon-rodriguez.png', 224);

    INSERT INTO public.recurso(id, tipo, enlace, vocablo_id)
      VALUES (449, 'video', '', 224);
    
    INSERT INTO public.vocablo(id, palabra, tema_id)
      VALUES (225, 'Abuelo', 25);
    
    INSERT INTO public.recurso(id, tipo, enlace, vocablo_id)
      VALUES (450, 'image', '/assets/images/abuelo.png', 225);

    INSERT INTO public.recurso(id, tipo, enlace, vocablo_id)
      VALUES (451, 'video', '', 225);
    
    INSERT INTO public.vocablo(id, palabra, tema_id)
      VALUES (226, 'Abuela', 25);
    
    INSERT INTO public.recurso(id, tipo, enlace, vocablo_id)
      VALUES (452, 'image', '/assets/images/abuela.png', 226);

    INSERT INTO public.recurso(id, tipo, enlace, vocablo_id)
      VALUES (453, 'video', '', 226);
    
    INSERT INTO public.vocablo(id, palabra, tema_id)
      VALUES (227, 'Hermano', 25);
    
    INSERT INTO public.recurso(id, tipo, enlace, vocablo_id)
      VALUES (454, 'image', '/assets/images/hermano.png', 227);

    INSERT INTO public.recurso(id, tipo, enlace, vocablo_id)
      VALUES (455, 'video', '', 227);
    
    INSERT INTO public.vocablo(id, palabra, tema_id)
      VALUES (228, 'Hermana', 25);
    
    INSERT INTO public.recurso(id, tipo, enlace, vocablo_id)
      VALUES (456, 'image', '/assets/images/hermana.png', 228);

    INSERT INTO public.recurso(id, tipo, enlace, vocablo_id)
      VALUES (457, 'video', '', 228);
    
    INSERT INTO public.vocablo(id, palabra, tema_id)
      VALUES (229, 'Hombre', 25);
    
    INSERT INTO public.recurso(id, tipo, enlace, vocablo_id)
      VALUES (458, 'image', '/assets/images/hombre.png', 229);

    INSERT INTO public.recurso(id, tipo, enlace, vocablo_id)
      VALUES (459, 'video', '', 229);
    
    INSERT INTO public.vocablo(id, palabra, tema_id)
      VALUES (230, 'Mujer', 25);
    
    INSERT INTO public.recurso(id, tipo, enlace, vocablo_id)
      VALUES (460, 'image', '/assets/images/mujer.png', 230);

    INSERT INTO public.recurso(id, tipo, enlace, vocablo_id)
      VALUES (461, 'video', '', 230);
    
    INSERT INTO public.vocablo(id, palabra, tema_id)
      VALUES (231, 'Escudo', 27);
    
    INSERT INTO public.recurso(id, tipo, enlace, vocablo_id)
      VALUES (462, 'image', '/assets/images/escudo.png', 231);

    INSERT INTO public.recurso(id, tipo, enlace, vocablo_id)
      VALUES (463, 'video', '', 231);
    
    INSERT INTO public.vocablo(id, palabra, tema_id)
      VALUES (232, 'Himno Nacional', 27);
    
    INSERT INTO public.recurso(id, tipo, enlace, vocablo_id)
      VALUES (464, 'image', '/assets/images/himno-nacional.png', 232);

    INSERT INTO public.recurso(id, tipo, enlace, vocablo_id)
      VALUES (465, 'video', '', 232);
    
    INSERT INTO public.vocablo(id, palabra, tema_id)
      VALUES (233, 'Diarrea', 28);
    
    INSERT INTO public.recurso(id, tipo, enlace, vocablo_id)
      VALUES (466, 'image', '/assets/images/diarrea.png', 233);

    INSERT INTO public.recurso(id, tipo, enlace, vocablo_id)
      VALUES (467, 'video', '', 233);
    
    INSERT INTO public.vocablo(id, palabra, tema_id)
      VALUES (234, 'Dolor', 28);
    
    INSERT INTO public.recurso(id, tipo, enlace, vocablo_id)
      VALUES (468, 'image', '/assets/images/dolor.png', 234);

    INSERT INTO public.recurso(id, tipo, enlace, vocablo_id)
      VALUES (469, 'video', '', 234);
    
    INSERT INTO public.vocablo(id, palabra, tema_id)
      VALUES (235, 'Tos', 28);
    
    INSERT INTO public.recurso(id, tipo, enlace, vocablo_id)
      VALUES (470, 'image', '/assets/images/tos.png', 235);

    INSERT INTO public.recurso(id, tipo, enlace, vocablo_id)
      VALUES (471, 'video', '', 235);
    
    INSERT INTO public.vocablo(id, palabra, tema_id)
      VALUES (236, 'Vómito', 28);
    
    INSERT INTO public.recurso(id, tipo, enlace, vocablo_id)
      VALUES (472, 'image', '/assets/images/vomito.png', 236);

    INSERT INTO public.recurso(id, tipo, enlace, vocablo_id)
      VALUES (473, 'video', '', 236);
    
    INSERT INTO public.vocablo(id, palabra, tema_id)
      VALUES (237, 'Olla', 29);
    
    INSERT INTO public.recurso(id, tipo, enlace, vocablo_id)
      VALUES (474, 'image', '/assets/images/olla.png', 237);

    INSERT INTO public.recurso(id, tipo, enlace, vocablo_id)
      VALUES (475, 'video', '', 237);
    
    INSERT INTO public.vocablo(id, palabra, tema_id)
      VALUES (238, 'Taza', 29);
    
    INSERT INTO public.recurso(id, tipo, enlace, vocablo_id)
      VALUES (476, 'image', '/assets/images/taza.png', 238);

    INSERT INTO public.recurso(id, tipo, enlace, vocablo_id)
      VALUES (477, 'video', '', 238);
    
    INSERT INTO public.vocablo(id, palabra, tema_id)
      VALUES (239, 'Sacapunta', 30);
    
    INSERT INTO public.recurso(id, tipo, enlace, vocablo_id)
      VALUES (478, 'image', '/assets/images/sacapunta.png', 239);

    INSERT INTO public.recurso(id, tipo, enlace, vocablo_id)
      VALUES (479, 'video', '', 239);
    
    INSERT INTO public.vocablo(id, palabra, tema_id)
      VALUES (240, 'Auyama', 31);
    
    INSERT INTO public.recurso(id, tipo, enlace, vocablo_id)
      VALUES (480, 'image', '/assets/images/auyama.png', 240);

    INSERT INTO public.recurso(id, tipo, enlace, vocablo_id)
      VALUES (481, 'video', '', 240);
    
    INSERT INTO public.vocablo(id, palabra, tema_id)
      VALUES (241, 'Apio', 31);
    
    INSERT INTO public.recurso(id, tipo, enlace, vocablo_id)
      VALUES (482, 'image', '/assets/images/apio.png', 241);

    INSERT INTO public.recurso(id, tipo, enlace, vocablo_id)
      VALUES (483, 'video', '', 241);
    
    INSERT INTO public.vocablo(id, palabra, tema_id)
      VALUES (242, 'Cafe', 0);
    
    INSERT INTO public.recurso(id, tipo, enlace, vocablo_id)
      VALUES (484, 'image', '/assets/images/cafe.png', 242);

    INSERT INTO public.recurso(id, tipo, enlace, vocablo_id)
      VALUES (485, 'video', '', 242);
    
    INSERT INTO public.vocablo(id, palabra, tema_id)
      VALUES (243, 'Gelatina', 0);
    
    INSERT INTO public.recurso(id, tipo, enlace, vocablo_id)
      VALUES (486, 'image', '/assets/images/gelatina.png', 243);

    INSERT INTO public.recurso(id, tipo, enlace, vocablo_id)
      VALUES (487, 'video', '', 243);
    
    INSERT INTO public.vocablo(id, palabra, tema_id)
      VALUES (244, 'Ponque', 0);
    
    INSERT INTO public.recurso(id, tipo, enlace, vocablo_id)
      VALUES (488, 'image', '/assets/images/ponque.png', 244);

    INSERT INTO public.recurso(id, tipo, enlace, vocablo_id)
      VALUES (489, 'video', '', 244);
    
    INSERT INTO public.vocablo(id, palabra, tema_id)
      VALUES (245, 'Sopa', 0);
    
    INSERT INTO public.recurso(id, tipo, enlace, vocablo_id)
      VALUES (490, 'image', '/assets/images/sopa.png', 245);

    INSERT INTO public.recurso(id, tipo, enlace, vocablo_id)
      VALUES (491, 'video', '', 245);
    
    INSERT INTO public.vocablo(id, palabra, tema_id)
      VALUES (246, 'Te', 0);
    
    INSERT INTO public.recurso(id, tipo, enlace, vocablo_id)
      VALUES (492, 'image', '/assets/images/te.png', 246);

    INSERT INTO public.recurso(id, tipo, enlace, vocablo_id)
      VALUES (493, 'video', '', 246);
    
    INSERT INTO public.vocablo(id, palabra, tema_id)
      VALUES (247, 'Abeja', 1);
    
    INSERT INTO public.recurso(id, tipo, enlace, vocablo_id)
      VALUES (494, 'image', '/assets/images/abeja.png', 247);

    INSERT INTO public.recurso(id, tipo, enlace, vocablo_id)
      VALUES (495, 'video', '', 247);
    
    INSERT INTO public.vocablo(id, palabra, tema_id)
      VALUES (248, 'Burro', 1);
    
    INSERT INTO public.recurso(id, tipo, enlace, vocablo_id)
      VALUES (496, 'image', '/assets/images/burro.png', 248);

    INSERT INTO public.recurso(id, tipo, enlace, vocablo_id)
      VALUES (497, 'video', '', 248);
    
    INSERT INTO public.vocablo(id, palabra, tema_id)
      VALUES (249, 'Cochino', 1);
    
    INSERT INTO public.recurso(id, tipo, enlace, vocablo_id)
      VALUES (498, 'image', '/assets/images/cochino.png', 249);

    INSERT INTO public.recurso(id, tipo, enlace, vocablo_id)
      VALUES (499, 'video', '', 249);
    
    INSERT INTO public.vocablo(id, palabra, tema_id)
      VALUES (250, 'Oveja', 1);
    
    INSERT INTO public.recurso(id, tipo, enlace, vocablo_id)
      VALUES (500, 'image', '/assets/images/oveja.png', 250);

    INSERT INTO public.recurso(id, tipo, enlace, vocablo_id)
      VALUES (501, 'video', '', 250);
    
    INSERT INTO public.vocablo(id, palabra, tema_id)
      VALUES (251, 'Paloma', 1);
    
    INSERT INTO public.recurso(id, tipo, enlace, vocablo_id)
      VALUES (502, 'image', '/assets/images/paloma.png', 251);

    INSERT INTO public.recurso(id, tipo, enlace, vocablo_id)
      VALUES (503, 'video', '', 251);
    
    INSERT INTO public.vocablo(id, palabra, tema_id)
      VALUES (252, 'Bucare ceibo', 2);
    
    INSERT INTO public.recurso(id, tipo, enlace, vocablo_id)
      VALUES (504, 'image', '/assets/images/bucare-ceibo.png', 252);

    INSERT INTO public.recurso(id, tipo, enlace, vocablo_id)
      VALUES (505, 'video', '', 252);
    
    INSERT INTO public.vocablo(id, palabra, tema_id)
      VALUES (253, 'Morado', 4);
    
    INSERT INTO public.recurso(id, tipo, enlace, vocablo_id)
      VALUES (506, 'image', '/assets/images/morado.png', 253);

    INSERT INTO public.recurso(id, tipo, enlace, vocablo_id)
      VALUES (507, 'video', '', 253);
    
    INSERT INTO public.vocablo(id, palabra, tema_id)
      VALUES (254, 'Domingo', 5);
    
    INSERT INTO public.recurso(id, tipo, enlace, vocablo_id)
      VALUES (508, 'image', '/assets/images/domingo.png', 254);

    INSERT INTO public.recurso(id, tipo, enlace, vocablo_id)
      VALUES (509, 'video', '', 254);
    
    INSERT INTO public.vocablo(id, palabra, tema_id)
      VALUES (255, 'Miercoles', 5);
    
    INSERT INTO public.recurso(id, tipo, enlace, vocablo_id)
      VALUES (510, 'image', '/assets/images/miercoles.png', 255);

    INSERT INTO public.recurso(id, tipo, enlace, vocablo_id)
      VALUES (511, 'video', '', 255);
    
    INSERT INTO public.vocablo(id, palabra, tema_id)
      VALUES (256, 'Ah1n1', 7);
    
    INSERT INTO public.recurso(id, tipo, enlace, vocablo_id)
      VALUES (512, 'image', '/assets/images/ah1n1.png', 256);

    INSERT INTO public.recurso(id, tipo, enlace, vocablo_id)
      VALUES (513, 'video', '', 256);
    
    INSERT INTO public.vocablo(id, palabra, tema_id)
      VALUES (257, 'Chikungunya', 7);
    
    INSERT INTO public.recurso(id, tipo, enlace, vocablo_id)
      VALUES (514, 'image', '/assets/images/chikungunya.png', 257);

    INSERT INTO public.recurso(id, tipo, enlace, vocablo_id)
      VALUES (515, 'video', '', 257);
    
    INSERT INTO public.vocablo(id, palabra, tema_id)
      VALUES (258, 'Otitis', 7);
    
    INSERT INTO public.recurso(id, tipo, enlace, vocablo_id)
      VALUES (516, 'image', '/assets/images/otitis.png', 258);

    INSERT INTO public.recurso(id, tipo, enlace, vocablo_id)
      VALUES (517, 'video', '', 258);
    
    INSERT INTO public.vocablo(id, palabra, tema_id)
      VALUES (259, 'Esfera', 8);
    
    INSERT INTO public.recurso(id, tipo, enlace, vocablo_id)
      VALUES (518, 'image', '/assets/images/esfera.png', 259);

    INSERT INTO public.recurso(id, tipo, enlace, vocablo_id)
      VALUES (519, 'video', '', 259);
    
    INSERT INTO public.vocablo(id, palabra, tema_id)
      VALUES (260, 'Rectangulo', 8);
    
    INSERT INTO public.recurso(id, tipo, enlace, vocablo_id)
      VALUES (520, 'image', '/assets/images/rectangulo.png', 260);

    INSERT INTO public.recurso(id, tipo, enlace, vocablo_id)
      VALUES (521, 'video', '', 260);
    
    INSERT INTO public.vocablo(id, palabra, tema_id)
      VALUES (261, 'Bate', 11);
    
    INSERT INTO public.recurso(id, tipo, enlace, vocablo_id)
      VALUES (522, 'image', '/assets/images/bate.png', 261);

    INSERT INTO public.recurso(id, tipo, enlace, vocablo_id)
      VALUES (523, 'video', '', 261);
    
    INSERT INTO public.vocablo(id, palabra, tema_id)
      VALUES (262, 'Futbol', 11);
    
    INSERT INTO public.recurso(id, tipo, enlace, vocablo_id)
      VALUES (524, 'image', '/assets/images/futbol.png', 262);

    INSERT INTO public.recurso(id, tipo, enlace, vocablo_id)
      VALUES (525, 'video', '', 262);
    
    INSERT INTO public.vocablo(id, palabra, tema_id)
      VALUES (263, 'Natacion', 11);
    
    INSERT INTO public.recurso(id, tipo, enlace, vocablo_id)
      VALUES (526, 'image', '/assets/images/natacion.png', 263);

    INSERT INTO public.recurso(id, tipo, enlace, vocablo_id)
      VALUES (527, 'video', '', 263);
    
    INSERT INTO public.vocablo(id, palabra, tema_id)
      VALUES (264, 'Perinola', 11);
    
    INSERT INTO public.recurso(id, tipo, enlace, vocablo_id)
      VALUES (528, 'image', '/assets/images/perinola.png', 264);

    INSERT INTO public.recurso(id, tipo, enlace, vocablo_id)
      VALUES (529, 'video', '', 264);
    
    INSERT INTO public.vocablo(id, palabra, tema_id)
      VALUES (265, 'Yoyo', 11);
    
    INSERT INTO public.recurso(id, tipo, enlace, vocablo_id)
      VALUES (530, 'image', '/assets/images/yoyo.png', 265);

    INSERT INTO public.recurso(id, tipo, enlace, vocablo_id)
      VALUES (531, 'video', '', 265);
    
    INSERT INTO public.vocablo(id, palabra, tema_id)
      VALUES (266, 'Comedor', 12);
    
    INSERT INTO public.recurso(id, tipo, enlace, vocablo_id)
      VALUES (532, 'image', '/assets/images/comedor.png', 266);

    INSERT INTO public.recurso(id, tipo, enlace, vocablo_id)
      VALUES (533, 'video', '', 266);
    
    INSERT INTO public.vocablo(id, palabra, tema_id)
      VALUES (267, 'Heladeria', 12);
    
    INSERT INTO public.recurso(id, tipo, enlace, vocablo_id)
      VALUES (534, 'image', '/assets/images/heladeria.png', 267);

    INSERT INTO public.recurso(id, tipo, enlace, vocablo_id)
      VALUES (535, 'video', '', 267);
    
    INSERT INTO public.vocablo(id, palabra, tema_id)
      VALUES (268, 'Mercado', 12);
    
    INSERT INTO public.recurso(id, tipo, enlace, vocablo_id)
      VALUES (536, 'image', '/assets/images/mercado.png', 268);

    INSERT INTO public.recurso(id, tipo, enlace, vocablo_id)
      VALUES (537, 'video', '', 268);
    
    INSERT INTO public.vocablo(id, palabra, tema_id)
      VALUES (269, 'Patio', 12);
    
    INSERT INTO public.recurso(id, tipo, enlace, vocablo_id)
      VALUES (538, 'image', '/assets/images/patio.png', 269);

    INSERT INTO public.recurso(id, tipo, enlace, vocablo_id)
      VALUES (539, 'video', '', 269);
    
    INSERT INTO public.vocablo(id, palabra, tema_id)
      VALUES (270, 'Salon', 12);
    
    INSERT INTO public.recurso(id, tipo, enlace, vocablo_id)
      VALUES (540, 'image', '/assets/images/salon.png', 270);

    INSERT INTO public.recurso(id, tipo, enlace, vocablo_id)
      VALUES (541, 'video', '', 270);
    
    INSERT INTO public.vocablo(id, palabra, tema_id)
      VALUES (271, 'Acuario', 13);
    
    INSERT INTO public.recurso(id, tipo, enlace, vocablo_id)
      VALUES (542, 'image', '/assets/images/acuario.png', 271);

    INSERT INTO public.recurso(id, tipo, enlace, vocablo_id)
      VALUES (543, 'video', '', 271);
    
    INSERT INTO public.vocablo(id, palabra, tema_id)
      VALUES (272, 'Catedral', 13);
    
    INSERT INTO public.recurso(id, tipo, enlace, vocablo_id)
      VALUES (544, 'image', '/assets/images/catedral.png', 272);

    INSERT INTO public.recurso(id, tipo, enlace, vocablo_id)
      VALUES (545, 'video', '', 272);
    
    INSERT INTO public.vocablo(id, palabra, tema_id)
      VALUES (273, 'Plaza bolivar', 13);
    
    INSERT INTO public.recurso(id, tipo, enlace, vocablo_id)
      VALUES (546, 'image', '/assets/images/plaza-bolivar.png', 273);

    INSERT INTO public.recurso(id, tipo, enlace, vocablo_id)
      VALUES (547, 'video', '', 273);
    
    INSERT INTO public.vocablo(id, palabra, tema_id)
      VALUES (274, 'Agosto', 15);
    
    INSERT INTO public.recurso(id, tipo, enlace, vocablo_id)
      VALUES (548, 'image', '/assets/images/agosto.png', 274);

    INSERT INTO public.recurso(id, tipo, enlace, vocablo_id)
      VALUES (549, 'video', '', 274);
    
    INSERT INTO public.vocablo(id, palabra, tema_id)
      VALUES (275, 'Diciembre', 15);
    
    INSERT INTO public.recurso(id, tipo, enlace, vocablo_id)
      VALUES (550, 'image', '/assets/images/diciembre.png', 275);

    INSERT INTO public.recurso(id, tipo, enlace, vocablo_id)
      VALUES (551, 'video', '', 275);
    
    INSERT INTO public.vocablo(id, palabra, tema_id)
      VALUES (276, 'Febrero', 15);
    
    INSERT INTO public.recurso(id, tipo, enlace, vocablo_id)
      VALUES (552, 'image', '/assets/images/febrero.png', 276);

    INSERT INTO public.recurso(id, tipo, enlace, vocablo_id)
      VALUES (553, 'video', '', 276);
    
    INSERT INTO public.vocablo(id, palabra, tema_id)
      VALUES (277, 'Octubre', 15);
    
    INSERT INTO public.recurso(id, tipo, enlace, vocablo_id)
      VALUES (554, 'image', '/assets/images/octubre.png', 277);

    INSERT INTO public.recurso(id, tipo, enlace, vocablo_id)
      VALUES (555, 'video', '', 277);
    
    INSERT INTO public.vocablo(id, palabra, tema_id)
      VALUES (278, 'Cantidad', 16);
    
    INSERT INTO public.recurso(id, tipo, enlace, vocablo_id)
      VALUES (556, 'image', '/assets/images/cantidad.png', 278);

    INSERT INTO public.recurso(id, tipo, enlace, vocablo_id)
      VALUES (557, 'video', '', 278);
    
    INSERT INTO public.vocablo(id, palabra, tema_id)
      VALUES (279, 'Cifra', 16);
    
    INSERT INTO public.recurso(id, tipo, enlace, vocablo_id)
      VALUES (558, 'image', '/assets/images/cifra.png', 279);

    INSERT INTO public.recurso(id, tipo, enlace, vocablo_id)
      VALUES (559, 'video', '', 279);
    
    INSERT INTO public.vocablo(id, palabra, tema_id)
      VALUES (280, 'Igual que', 16);
    
    INSERT INTO public.recurso(id, tipo, enlace, vocablo_id)
      VALUES (560, 'image', '/assets/images/igual-que.png', 280);

    INSERT INTO public.recurso(id, tipo, enlace, vocablo_id)
      VALUES (561, 'video', '', 280);
    
    INSERT INTO public.vocablo(id, palabra, tema_id)
      VALUES (281, 'Mayor que', 16);
    
    INSERT INTO public.recurso(id, tipo, enlace, vocablo_id)
      VALUES (562, 'image', '/assets/images/mayor-que.png', 281);

    INSERT INTO public.recurso(id, tipo, enlace, vocablo_id)
      VALUES (563, 'video', '', 281);
    
    INSERT INTO public.vocablo(id, palabra, tema_id)
      VALUES (282, 'Menos que', 16);
    
    INSERT INTO public.recurso(id, tipo, enlace, vocablo_id)
      VALUES (564, 'image', '/assets/images/menos-que.png', 282);

    INSERT INTO public.recurso(id, tipo, enlace, vocablo_id)
      VALUES (565, 'video', '', 282);
    
    INSERT INTO public.vocablo(id, palabra, tema_id)
      VALUES (283, 'Fuera', 18);
    
    INSERT INTO public.recurso(id, tipo, enlace, vocablo_id)
      VALUES (566, 'image', '/assets/images/fuera.png', 283);

    INSERT INTO public.recurso(id, tipo, enlace, vocablo_id)
      VALUES (567, 'video', '', 283);
    
    INSERT INTO public.vocablo(id, palabra, tema_id)
      VALUES (284, 'Alla', 18);
    
    INSERT INTO public.recurso(id, tipo, enlace, vocablo_id)
      VALUES (568, 'image', '/assets/images/alla.png', 284);

    INSERT INTO public.recurso(id, tipo, enlace, vocablo_id)
      VALUES (569, 'video', '', 284);
    
    INSERT INTO public.vocablo(id, palabra, tema_id)
      VALUES (285, 'Anterior', 18);
    
    INSERT INTO public.recurso(id, tipo, enlace, vocablo_id)
      VALUES (570, 'image', '/assets/images/anterior.png', 285);

    INSERT INTO public.recurso(id, tipo, enlace, vocablo_id)
      VALUES (571, 'video', '', 285);
    
    INSERT INTO public.vocablo(id, palabra, tema_id)
      VALUES (286, 'Aqui', 18);
    
    INSERT INTO public.recurso(id, tipo, enlace, vocablo_id)
      VALUES (572, 'image', '/assets/images/aqui.png', 286);

    INSERT INTO public.recurso(id, tipo, enlace, vocablo_id)
      VALUES (573, 'video', '', 286);
    
    INSERT INTO public.vocablo(id, palabra, tema_id)
      VALUES (287, 'Dentro', 18);
    
    INSERT INTO public.recurso(id, tipo, enlace, vocablo_id)
      VALUES (574, 'image', '/assets/images/dentro.png', 287);

    INSERT INTO public.recurso(id, tipo, enlace, vocablo_id)
      VALUES (575, 'video', '', 287);
    
    INSERT INTO public.vocablo(id, palabra, tema_id)
      VALUES (288, 'Celular', 21);
    
    INSERT INTO public.recurso(id, tipo, enlace, vocablo_id)
      VALUES (576, 'image', '/assets/images/celular.png', 288);

    INSERT INTO public.recurso(id, tipo, enlace, vocablo_id)
      VALUES (577, 'video', '', 288);
    
    INSERT INTO public.vocablo(id, palabra, tema_id)
      VALUES (289, 'Radio', 21);
    
    INSERT INTO public.recurso(id, tipo, enlace, vocablo_id)
      VALUES (578, 'image', '/assets/images/radio.png', 289);

    INSERT INTO public.recurso(id, tipo, enlace, vocablo_id)
      VALUES (579, 'video', '', 289);
    
    INSERT INTO public.vocablo(id, palabra, tema_id)
      VALUES (290, 'Carnicero', 22);
    
    INSERT INTO public.recurso(id, tipo, enlace, vocablo_id)
      VALUES (580, 'image', '/assets/images/carnicero.png', 290);

    INSERT INTO public.recurso(id, tipo, enlace, vocablo_id)
      VALUES (581, 'video', '', 290);
    
    INSERT INTO public.vocablo(id, palabra, tema_id)
      VALUES (291, 'Enfermera', 22);
    
    INSERT INTO public.recurso(id, tipo, enlace, vocablo_id)
      VALUES (582, 'image', '/assets/images/enfermera.png', 291);

    INSERT INTO public.recurso(id, tipo, enlace, vocablo_id)
      VALUES (583, 'video', '', 291);
    
    INSERT INTO public.vocablo(id, palabra, tema_id)
      VALUES (292, 'Odontologo', 22);
    
    INSERT INTO public.recurso(id, tipo, enlace, vocablo_id)
      VALUES (584, 'image', '/assets/images/odontologo.png', 292);

    INSERT INTO public.recurso(id, tipo, enlace, vocablo_id)
      VALUES (585, 'video', '', 292);
    
    INSERT INTO public.vocablo(id, palabra, tema_id)
      VALUES (293, 'Cabello', 23);
    
    INSERT INTO public.recurso(id, tipo, enlace, vocablo_id)
      VALUES (586, 'image', '/assets/images/cabello.png', 293);

    INSERT INTO public.recurso(id, tipo, enlace, vocablo_id)
      VALUES (587, 'video', '', 293);
    
    INSERT INTO public.vocablo(id, palabra, tema_id)
      VALUES (294, 'Dedos', 23);
    
    INSERT INTO public.recurso(id, tipo, enlace, vocablo_id)
      VALUES (588, 'image', '/assets/images/dedos.png', 294);

    INSERT INTO public.recurso(id, tipo, enlace, vocablo_id)
      VALUES (589, 'video', '', 294);
    
    INSERT INTO public.vocablo(id, palabra, tema_id)
      VALUES (295, 'Lengua', 23);
    
    INSERT INTO public.recurso(id, tipo, enlace, vocablo_id)
      VALUES (590, 'image', '/assets/images/lengua.png', 295);

    INSERT INTO public.recurso(id, tipo, enlace, vocablo_id)
      VALUES (591, 'video', '', 295);
    
    INSERT INTO public.vocablo(id, palabra, tema_id)
      VALUES (296, 'Pene', 23);
    
    INSERT INTO public.recurso(id, tipo, enlace, vocablo_id)
      VALUES (592, 'image', '/assets/images/pene.png', 296);

    INSERT INTO public.recurso(id, tipo, enlace, vocablo_id)
      VALUES (593, 'video', '', 296);
    
    INSERT INTO public.vocablo(id, palabra, tema_id)
      VALUES (297, 'Antonio jose de sucre', 24);
    
    INSERT INTO public.recurso(id, tipo, enlace, vocablo_id)
      VALUES (594, 'image', '/assets/images/antonio-jose-de-sucre.png', 297);

    INSERT INTO public.recurso(id, tipo, enlace, vocablo_id)
      VALUES (595, 'video', '', 297);
    
    INSERT INTO public.vocablo(id, palabra, tema_id)
      VALUES (298, 'Josefa camejo', 24);
    
    INSERT INTO public.recurso(id, tipo, enlace, vocablo_id)
      VALUES (596, 'image', '/assets/images/josefa-camejo.png', 298);

    INSERT INTO public.recurso(id, tipo, enlace, vocablo_id)
      VALUES (597, 'video', '', 298);
    
    INSERT INTO public.vocablo(id, palabra, tema_id)
      VALUES (299, 'Negro primero', 24);
    
    INSERT INTO public.recurso(id, tipo, enlace, vocablo_id)
      VALUES (598, 'image', '/assets/images/negro-primero.png', 299);

    INSERT INTO public.recurso(id, tipo, enlace, vocablo_id)
      VALUES (599, 'video', '', 299);
    
    INSERT INTO public.vocablo(id, palabra, tema_id)
      VALUES (300, 'Hija', 25);
    
    INSERT INTO public.recurso(id, tipo, enlace, vocablo_id)
      VALUES (600, 'image', '/assets/images/hija.png', 300);

    INSERT INTO public.recurso(id, tipo, enlace, vocablo_id)
      VALUES (601, 'video', '', 300);
    
    INSERT INTO public.vocablo(id, palabra, tema_id)
      VALUES (301, 'Hijo', 25);
    
    INSERT INTO public.recurso(id, tipo, enlace, vocablo_id)
      VALUES (602, 'image', '/assets/images/hijo.png', 301);

    INSERT INTO public.recurso(id, tipo, enlace, vocablo_id)
      VALUES (603, 'video', '', 301);
    
    INSERT INTO public.vocablo(id, palabra, tema_id)
      VALUES (302, 'Tia', 25);
    
    INSERT INTO public.recurso(id, tipo, enlace, vocablo_id)
      VALUES (604, 'image', '/assets/images/tia.png', 302);

    INSERT INTO public.recurso(id, tipo, enlace, vocablo_id)
      VALUES (605, 'video', '', 302);
    
    INSERT INTO public.vocablo(id, palabra, tema_id)
      VALUES (303, 'Tio', 25);
    
    INSERT INTO public.recurso(id, tipo, enlace, vocablo_id)
      VALUES (606, 'image', '/assets/images/tio.png', 303);

    INSERT INTO public.recurso(id, tipo, enlace, vocablo_id)
      VALUES (607, 'video', '', 303);
    
    INSERT INTO public.vocablo(id, palabra, tema_id)
      VALUES (304, 'Bota', 26);
    
    INSERT INTO public.recurso(id, tipo, enlace, vocablo_id)
      VALUES (608, 'image', '/assets/images/bota.png', 304);

    INSERT INTO public.recurso(id, tipo, enlace, vocablo_id)
      VALUES (609, 'video', '', 304);
    
    INSERT INTO public.vocablo(id, palabra, tema_id)
      VALUES (305, 'Falda', 26);
    
    INSERT INTO public.recurso(id, tipo, enlace, vocablo_id)
      VALUES (610, 'image', '/assets/images/falda.png', 305);

    INSERT INTO public.recurso(id, tipo, enlace, vocablo_id)
      VALUES (611, 'video', '', 305);
    
    INSERT INTO public.vocablo(id, palabra, tema_id)
      VALUES (306, 'Franela', 26);
    
    INSERT INTO public.recurso(id, tipo, enlace, vocablo_id)
      VALUES (612, 'image', '/assets/images/franela.png', 306);

    INSERT INTO public.recurso(id, tipo, enlace, vocablo_id)
      VALUES (613, 'video', '', 306);
    
    INSERT INTO public.vocablo(id, palabra, tema_id)
      VALUES (307, 'Gorra', 26);
    
    INSERT INTO public.recurso(id, tipo, enlace, vocablo_id)
      VALUES (614, 'image', '/assets/images/gorra.png', 307);

    INSERT INTO public.recurso(id, tipo, enlace, vocablo_id)
      VALUES (615, 'video', '', 307);
    
    INSERT INTO public.vocablo(id, palabra, tema_id)
      VALUES (308, 'Vestidos', 26);
    
    INSERT INTO public.recurso(id, tipo, enlace, vocablo_id)
      VALUES (616, 'image', '/assets/images/vestidos.png', 308);

    INSERT INTO public.recurso(id, tipo, enlace, vocablo_id)
      VALUES (617, 'video', '', 308);
    
    INSERT INTO public.vocablo(id, palabra, tema_id)
      VALUES (309, 'Orquidea', 27);
    
    INSERT INTO public.recurso(id, tipo, enlace, vocablo_id)
      VALUES (618, 'image', '/assets/images/orquidea.png', 309);

    INSERT INTO public.recurso(id, tipo, enlace, vocablo_id)
      VALUES (619, 'video', '', 309);
    
    INSERT INTO public.vocablo(id, palabra, tema_id)
      VALUES (310, 'Turpial', 27);
    
    INSERT INTO public.recurso(id, tipo, enlace, vocablo_id)
      VALUES (620, 'image', '/assets/images/turpial.png', 310);

    INSERT INTO public.recurso(id, tipo, enlace, vocablo_id)
      VALUES (621, 'video', '', 310);
    
    INSERT INTO public.vocablo(id, palabra, tema_id)
      VALUES (311, 'Dolor de cabeza', 28);
    
    INSERT INTO public.recurso(id, tipo, enlace, vocablo_id)
      VALUES (622, 'image', '/assets/images/dolor-de-cabeza.png', 311);

    INSERT INTO public.recurso(id, tipo, enlace, vocablo_id)
      VALUES (623, 'video', '', 311);
    
    INSERT INTO public.vocablo(id, palabra, tema_id)
      VALUES (312, 'Fiebre', 28);
    
    INSERT INTO public.recurso(id, tipo, enlace, vocablo_id)
      VALUES (624, 'image', '/assets/images/fiebre.png', 312);

    INSERT INTO public.recurso(id, tipo, enlace, vocablo_id)
      VALUES (625, 'video', '', 312);
    
    INSERT INTO public.vocablo(id, palabra, tema_id)
      VALUES (313, 'Mareo', 28);
    
    INSERT INTO public.recurso(id, tipo, enlace, vocablo_id)
      VALUES (626, 'image', '/assets/images/mareo.png', 313);

    INSERT INTO public.recurso(id, tipo, enlace, vocablo_id)
      VALUES (627, 'video', '', 313);
    
    INSERT INTO public.vocablo(id, palabra, tema_id)
      VALUES (314, 'Picazon', 28);
    
    INSERT INTO public.recurso(id, tipo, enlace, vocablo_id)
      VALUES (628, 'image', '/assets/images/picazon.png', 314);

    INSERT INTO public.recurso(id, tipo, enlace, vocablo_id)
      VALUES (629, 'video', '', 314);
    
    INSERT INTO public.vocablo(id, palabra, tema_id)
      VALUES (315, 'Jarra', 29);
    
    INSERT INTO public.recurso(id, tipo, enlace, vocablo_id)
      VALUES (630, 'image', '/assets/images/jarra.png', 315);

    INSERT INTO public.recurso(id, tipo, enlace, vocablo_id)
      VALUES (631, 'video', '', 315);
    
    INSERT INTO public.vocablo(id, palabra, tema_id)
      VALUES (316, 'Canaima', 30);
    
    INSERT INTO public.recurso(id, tipo, enlace, vocablo_id)
      VALUES (632, 'image', '/assets/images/canaima.png', 316);

    INSERT INTO public.recurso(id, tipo, enlace, vocablo_id)
      VALUES (633, 'video', '', 316);
    
    INSERT INTO public.vocablo(id, palabra, tema_id)
      VALUES (317, 'Morral', 30);
    
    INSERT INTO public.recurso(id, tipo, enlace, vocablo_id)
      VALUES (634, 'image', '/assets/images/morral.png', 317);

    INSERT INTO public.recurso(id, tipo, enlace, vocablo_id)
      VALUES (635, 'video', '', 317);
    
    INSERT INTO public.vocablo(id, palabra, tema_id)
      VALUES (318, 'Pega', 30);
    
    INSERT INTO public.recurso(id, tipo, enlace, vocablo_id)
      VALUES (636, 'image', '/assets/images/pega.png', 318);

    INSERT INTO public.recurso(id, tipo, enlace, vocablo_id)
      VALUES (637, 'video', '', 318);
    
    INSERT INTO public.vocablo(id, palabra, tema_id)
      VALUES (319, 'Regla', 30);
    
    INSERT INTO public.recurso(id, tipo, enlace, vocablo_id)
      VALUES (638, 'image', '/assets/images/regla.png', 319);

    INSERT INTO public.recurso(id, tipo, enlace, vocablo_id)
      VALUES (639, 'video', '', 319);
    
    INSERT INTO public.vocablo(id, palabra, tema_id)
      VALUES (320, 'Cebolla', 31);
    
    INSERT INTO public.recurso(id, tipo, enlace, vocablo_id)
      VALUES (640, 'image', '/assets/images/cebolla.png', 320);

    INSERT INTO public.recurso(id, tipo, enlace, vocablo_id)
      VALUES (641, 'video', '', 320);
    
    INSERT INTO public.vocablo(id, palabra, tema_id)
      VALUES (321, 'Jojoto', 31);
    
    INSERT INTO public.recurso(id, tipo, enlace, vocablo_id)
      VALUES (642, 'image', '/assets/images/jojoto.png', 321);

    INSERT INTO public.recurso(id, tipo, enlace, vocablo_id)
      VALUES (643, 'video', '', 321);
    
    INSERT INTO public.vocablo(id, palabra, tema_id)
      VALUES (322, 'Remolacha', 31);
    
    INSERT INTO public.recurso(id, tipo, enlace, vocablo_id)
      VALUES (644, 'image', '/assets/images/remolacha.png', 322);

    INSERT INTO public.recurso(id, tipo, enlace, vocablo_id)
      VALUES (645, 'video', '', 322);
    
    INSERT INTO public.vocablo(id, palabra, tema_id)
      VALUES (323, 'Vainita', 31);
    
    INSERT INTO public.recurso(id, tipo, enlace, vocablo_id)
      VALUES (646, 'image', '/assets/images/vainita.png', 323);

    INSERT INTO public.recurso(id, tipo, enlace, vocablo_id)
      VALUES (647, 'video', '', 323);
    
    INSERT INTO public.vocablo(id, palabra, tema_id)
      VALUES (324, 'Zanahoria', 31);
    
    INSERT INTO public.recurso(id, tipo, enlace, vocablo_id)
      VALUES (648, 'image', '/assets/images/zanahoria.png', 324);

    INSERT INTO public.recurso(id, tipo, enlace, vocablo_id)
      VALUES (649, 'video', '', 324);
    
    INSERT INTO public.vocablo(id, palabra, tema_id)
      VALUES (325, 'Ensalada', 0);
    
    INSERT INTO public.recurso(id, tipo, enlace, vocablo_id)
      VALUES (650, 'image', '/assets/images/ensalada.png', 325);

    INSERT INTO public.recurso(id, tipo, enlace, vocablo_id)
      VALUES (651, 'video', '', 325);
    
    INSERT INTO public.vocablo(id, palabra, tema_id)
      VALUES (326, 'Pescados', 0);
    
    INSERT INTO public.recurso(id, tipo, enlace, vocablo_id)
      VALUES (652, 'image', '/assets/images/pescados.png', 326);

    INSERT INTO public.recurso(id, tipo, enlace, vocablo_id)
      VALUES (653, 'video', '', 326);
    
    INSERT INTO public.vocablo(id, palabra, tema_id)
      VALUES (327, 'Platano', 0);
    
    INSERT INTO public.recurso(id, tipo, enlace, vocablo_id)
      VALUES (654, 'image', '/assets/images/platano.png', 327);

    INSERT INTO public.recurso(id, tipo, enlace, vocablo_id)
      VALUES (655, 'video', '', 327);
    
    INSERT INTO public.vocablo(id, palabra, tema_id)
      VALUES (328, 'Salchicha', 0);
    
    INSERT INTO public.recurso(id, tipo, enlace, vocablo_id)
      VALUES (656, 'image', '/assets/images/salchicha.png', 328);

    INSERT INTO public.recurso(id, tipo, enlace, vocablo_id)
      VALUES (657, 'video', '', 328);
    
    INSERT INTO public.vocablo(id, palabra, tema_id)
      VALUES (329, 'Conejo', 1);
    
    INSERT INTO public.recurso(id, tipo, enlace, vocablo_id)
      VALUES (658, 'image', '/assets/images/conejo.png', 329);

    INSERT INTO public.recurso(id, tipo, enlace, vocablo_id)
      VALUES (659, 'video', '', 329);
    
    INSERT INTO public.vocablo(id, palabra, tema_id)
      VALUES (330, 'Elefante', 1);
    
    INSERT INTO public.recurso(id, tipo, enlace, vocablo_id)
      VALUES (660, 'image', '/assets/images/elefante.png', 330);

    INSERT INTO public.recurso(id, tipo, enlace, vocablo_id)
      VALUES (661, 'video', '', 330);
    
    INSERT INTO public.vocablo(id, palabra, tema_id)
      VALUES (331, 'Leon', 1);
    
    INSERT INTO public.recurso(id, tipo, enlace, vocablo_id)
      VALUES (662, 'image', '/assets/images/leon.png', 331);

    INSERT INTO public.recurso(id, tipo, enlace, vocablo_id)
      VALUES (663, 'video', '', 331);
    
    INSERT INTO public.vocablo(id, palabra, tema_id)
      VALUES (332, 'Mariposa', 1);
    
    INSERT INTO public.recurso(id, tipo, enlace, vocablo_id)
      VALUES (664, 'image', '/assets/images/mariposa.png', 332);

    INSERT INTO public.recurso(id, tipo, enlace, vocablo_id)
      VALUES (665, 'video', '', 332);
    
    INSERT INTO public.vocablo(id, palabra, tema_id)
      VALUES (333, 'Pavo', 1);
    
    INSERT INTO public.recurso(id, tipo, enlace, vocablo_id)
      VALUES (666, 'image', '/assets/images/pavo.png', 333);

    INSERT INTO public.recurso(id, tipo, enlace, vocablo_id)
      VALUES (667, 'video', '', 333);
    
    INSERT INTO public.vocablo(id, palabra, tema_id)
      VALUES (334, 'Zancudo', 1);
    
    INSERT INTO public.recurso(id, tipo, enlace, vocablo_id)
      VALUES (668, 'image', '/assets/images/zancudo.png', 334);

    INSERT INTO public.recurso(id, tipo, enlace, vocablo_id)
      VALUES (669, 'video', '', 334);
    
    INSERT INTO public.vocablo(id, palabra, tema_id)
      VALUES (335, 'Fucsia', 4);
    
    INSERT INTO public.recurso(id, tipo, enlace, vocablo_id)
      VALUES (670, 'image', '/assets/images/fucsia.png', 335);

    INSERT INTO public.recurso(id, tipo, enlace, vocablo_id)
      VALUES (671, 'video', '', 335);
    
    INSERT INTO public.vocablo(id, palabra, tema_id)
      VALUES (336, 'Plateado', 4);
    
    INSERT INTO public.recurso(id, tipo, enlace, vocablo_id)
      VALUES (672, 'image', '/assets/images/plateado.png', 336);

    INSERT INTO public.recurso(id, tipo, enlace, vocablo_id)
      VALUES (673, 'video', '', 336);
    
    INSERT INTO public.vocablo(id, palabra, tema_id)
      VALUES (337, 'Bandeja', 29);
    
    INSERT INTO public.recurso(id, tipo, enlace, vocablo_id)
      VALUES (674, 'image', '/assets/images/bandeja.png', 337);

    INSERT INTO public.recurso(id, tipo, enlace, vocablo_id)
      VALUES (675, 'video', '', 337);
    
    INSERT INTO public.vocablo(id, palabra, tema_id)
      VALUES (338, 'Budare', 29);
    
    INSERT INTO public.recurso(id, tipo, enlace, vocablo_id)
      VALUES (676, 'image', '/assets/images/budare.png', 338);

    INSERT INTO public.recurso(id, tipo, enlace, vocablo_id)
      VALUES (677, 'video', '', 338);
    
    INSERT INTO public.vocablo(id, palabra, tema_id)
      VALUES (339, 'Rallo', 29);
    
    INSERT INTO public.recurso(id, tipo, enlace, vocablo_id)
      VALUES (678, 'image', '/assets/images/rallo.png', 339);

    INSERT INTO public.recurso(id, tipo, enlace, vocablo_id)
      VALUES (679, 'video', '', 339);
    
    INSERT INTO public.vocablo(id, palabra, tema_id)
      VALUES (340, 'Servilletas', 29);
    
    INSERT INTO public.recurso(id, tipo, enlace, vocablo_id)
      VALUES (680, 'image', '/assets/images/servilletas.png', 340);

    INSERT INTO public.recurso(id, tipo, enlace, vocablo_id)
      VALUES (681, 'video', '', 340);
    
    INSERT INTO public.vocablo(id, palabra, tema_id)
      VALUES (341, 'H1N1', 7);
    
    INSERT INTO public.recurso(id, tipo, enlace, vocablo_id)
      VALUES (682, 'image', '/assets/images/h1n1.png', 341);

    INSERT INTO public.recurso(id, tipo, enlace, vocablo_id)
      VALUES (683, 'video', '', 341);
    
    INSERT INTO public.vocablo(id, palabra, tema_id)
      VALUES (342, 'Conjutivitis', 7);
    
    INSERT INTO public.recurso(id, tipo, enlace, vocablo_id)
      VALUES (684, 'image', '/assets/images/conjutivitis.png', 342);

    INSERT INTO public.recurso(id, tipo, enlace, vocablo_id)
      VALUES (685, 'video', '', 342);
    
    INSERT INTO public.vocablo(id, palabra, tema_id)
      VALUES (343, 'Paperas', 7);
    
    INSERT INTO public.recurso(id, tipo, enlace, vocablo_id)
      VALUES (686, 'image', '/assets/images/paperas.png', 343);

    INSERT INTO public.recurso(id, tipo, enlace, vocablo_id)
      VALUES (687, 'video', '', 343);
    
    INSERT INTO public.vocablo(id, palabra, tema_id)
      VALUES (344, 'Cilindro', 8);
    
    INSERT INTO public.recurso(id, tipo, enlace, vocablo_id)
      VALUES (688, 'image', '/assets/images/cilindro.png', 344);

    INSERT INTO public.recurso(id, tipo, enlace, vocablo_id)
      VALUES (689, 'video', '', 344);
    
    INSERT INTO public.vocablo(id, palabra, tema_id)
      VALUES (345, 'Cubo', 8);
    
    INSERT INTO public.recurso(id, tipo, enlace, vocablo_id)
      VALUES (690, 'image', '/assets/images/cubo.png', 345);

    INSERT INTO public.recurso(id, tipo, enlace, vocablo_id)
      VALUES (691, 'video', '', 345);
    
    INSERT INTO public.vocablo(id, palabra, tema_id)
      VALUES (346, 'Prisma', 8);
    
    INSERT INTO public.recurso(id, tipo, enlace, vocablo_id)
      VALUES (692, 'image', '/assets/images/prisma.png', 346);

    INSERT INTO public.recurso(id, tipo, enlace, vocablo_id)
      VALUES (693, 'video', '', 346);
    
    INSERT INTO public.vocablo(id, palabra, tema_id)
      VALUES (347, 'Rombo', 8);
    
    INSERT INTO public.recurso(id, tipo, enlace, vocablo_id)
      VALUES (694, 'image', '/assets/images/rombo.png', 347);

    INSERT INTO public.recurso(id, tipo, enlace, vocablo_id)
      VALUES (695, 'video', '', 347);
    
    INSERT INTO public.vocablo(id, palabra, tema_id)
      VALUES (348, 'Fresas', 9);
    
    INSERT INTO public.recurso(id, tipo, enlace, vocablo_id)
      VALUES (696, 'image', '/assets/images/fresas.png', 348);

    INSERT INTO public.recurso(id, tipo, enlace, vocablo_id)
      VALUES (697, 'video', '', 348);
    
    INSERT INTO public.vocablo(id, palabra, tema_id)
      VALUES (349, 'Tomate', 9);
    
    INSERT INTO public.recurso(id, tipo, enlace, vocablo_id)
      VALUES (698, 'image', '/assets/images/tomate.png', 349);

    INSERT INTO public.recurso(id, tipo, enlace, vocablo_id)
      VALUES (699, 'video', '', 349);
    
    INSERT INTO public.vocablo(id, palabra, tema_id)
      VALUES (350, 'DS', 11);
    
    INSERT INTO public.recurso(id, tipo, enlace, vocablo_id)
      VALUES (700, 'image', '/assets/images/ds.png', 350);

    INSERT INTO public.recurso(id, tipo, enlace, vocablo_id)
      VALUES (701, 'video', '', 350);
    
    INSERT INTO public.vocablo(id, palabra, tema_id)
      VALUES (351, 'Balon', 11);
    
    INSERT INTO public.recurso(id, tipo, enlace, vocablo_id)
      VALUES (702, 'image', '/assets/images/balon.png', 351);

    INSERT INTO public.recurso(id, tipo, enlace, vocablo_id)
      VALUES (703, 'video', '', 351);
    
    INSERT INTO public.vocablo(id, palabra, tema_id)
      VALUES (352, 'Cometa', 11);
    
    INSERT INTO public.recurso(id, tipo, enlace, vocablo_id)
      VALUES (704, 'image', '/assets/images/cometa.png', 352);

    INSERT INTO public.recurso(id, tipo, enlace, vocablo_id)
      VALUES (705, 'video', '', 352);
    
    INSERT INTO public.vocablo(id, palabra, tema_id)
      VALUES (353, 'Monopatin', 11);
    
    INSERT INTO public.recurso(id, tipo, enlace, vocablo_id)
      VALUES (706, 'image', '/assets/images/monopatin.png', 353);

    INSERT INTO public.recurso(id, tipo, enlace, vocablo_id)
      VALUES (707, 'video', '', 353);
    
    INSERT INTO public.vocablo(id, palabra, tema_id)
      VALUES (354, 'Patin', 11);
    
    INSERT INTO public.recurso(id, tipo, enlace, vocablo_id)
      VALUES (708, 'image', '/assets/images/patin.png', 354);

    INSERT INTO public.recurso(id, tipo, enlace, vocablo_id)
      VALUES (709, 'video', '', 354);
    
    INSERT INTO public.vocablo(id, palabra, tema_id)
      VALUES (355, 'Patineta', 11);
    
    INSERT INTO public.recurso(id, tipo, enlace, vocablo_id)
      VALUES (710, 'image', '/assets/images/patineta.png', 355);

    INSERT INTO public.recurso(id, tipo, enlace, vocablo_id)
      VALUES (711, 'video', '', 355);
    
    INSERT INTO public.vocablo(id, palabra, tema_id)
      VALUES (356, 'Abasto', 12);
    
    INSERT INTO public.recurso(id, tipo, enlace, vocablo_id)
      VALUES (712, 'image', '/assets/images/abasto.png', 356);

    INSERT INTO public.recurso(id, tipo, enlace, vocablo_id)
      VALUES (713, 'video', '', 356);
    
    INSERT INTO public.vocablo(id, palabra, tema_id)
      VALUES (357, 'Avenida', 12);
    
    INSERT INTO public.recurso(id, tipo, enlace, vocablo_id)
      VALUES (714, 'image', '/assets/images/avenida.png', 357);

    INSERT INTO public.recurso(id, tipo, enlace, vocablo_id)
      VALUES (715, 'video', '', 357);
    
    INSERT INTO public.vocablo(id, palabra, tema_id)
      VALUES (358, 'Biblioteca', 12);
    
    INSERT INTO public.recurso(id, tipo, enlace, vocablo_id)
      VALUES (716, 'image', '/assets/images/biblioteca.png', 358);

    INSERT INTO public.recurso(id, tipo, enlace, vocablo_id)
      VALUES (717, 'video', '', 358);
    
    INSERT INTO public.vocablo(id, palabra, tema_id)
      VALUES (359, 'Calle', 12);
    
    INSERT INTO public.recurso(id, tipo, enlace, vocablo_id)
      VALUES (718, 'image', '/assets/images/calle.png', 359);

    INSERT INTO public.recurso(id, tipo, enlace, vocablo_id)
      VALUES (719, 'video', '', 359);
    
    INSERT INTO public.vocablo(id, palabra, tema_id)
      VALUES (360, 'Consultorio', 12);
    
    INSERT INTO public.recurso(id, tipo, enlace, vocablo_id)
      VALUES (720, 'image', '/assets/images/consultorio.png', 360);

    INSERT INTO public.recurso(id, tipo, enlace, vocablo_id)
      VALUES (721, 'video', '', 360);
    
    INSERT INTO public.vocablo(id, palabra, tema_id)
      VALUES (361, 'Cuarto', 12);
    
    INSERT INTO public.recurso(id, tipo, enlace, vocablo_id)
      VALUES (722, 'image', '/assets/images/cuarto.png', 361);

    INSERT INTO public.recurso(id, tipo, enlace, vocablo_id)
      VALUES (723, 'video', '', 361);
    
    INSERT INTO public.vocablo(id, palabra, tema_id)
      VALUES (362, 'Hospital', 12);
    
    INSERT INTO public.recurso(id, tipo, enlace, vocablo_id)
      VALUES (724, 'image', '/assets/images/hospital.png', 362);

    INSERT INTO public.recurso(id, tipo, enlace, vocablo_id)
      VALUES (725, 'video', '', 362);
    
    INSERT INTO public.vocablo(id, palabra, tema_id)
      VALUES (363, 'Supermercado', 12);
    
    INSERT INTO public.recurso(id, tipo, enlace, vocablo_id)
      VALUES (726, 'image', '/assets/images/supermercado.png', 363);

    INSERT INTO public.recurso(id, tipo, enlace, vocablo_id)
      VALUES (727, 'video', '', 363);
    
    INSERT INTO public.vocablo(id, palabra, tema_id)
      VALUES (364, 'Cine', 13);
    
    INSERT INTO public.recurso(id, tipo, enlace, vocablo_id)
      VALUES (728, 'image', '/assets/images/cine.png', 364);

    INSERT INTO public.recurso(id, tipo, enlace, vocablo_id)
      VALUES (729, 'video', '', 364);
    
    INSERT INTO public.vocablo(id, palabra, tema_id)
      VALUES (365, 'Jardin botanico', 13);
    
    INSERT INTO public.recurso(id, tipo, enlace, vocablo_id)
      VALUES (730, 'image', '/assets/images/jardin-botanico.png', 365);

    INSERT INTO public.recurso(id, tipo, enlace, vocablo_id)
      VALUES (731, 'video', '', 365);
    
    INSERT INTO public.vocablo(id, palabra, tema_id)
      VALUES (366, 'Museo ciencias', 13);
    
    INSERT INTO public.recurso(id, tipo, enlace, vocablo_id)
      VALUES (732, 'image', '/assets/images/museo-ciencias.png', 366);

    INSERT INTO public.recurso(id, tipo, enlace, vocablo_id)
      VALUES (733, 'video', '', 366);
    
    INSERT INTO public.vocablo(id, palabra, tema_id)
      VALUES (367, 'Teatro', 13);
    
    INSERT INTO public.recurso(id, tipo, enlace, vocablo_id)
      VALUES (734, 'image', '/assets/images/teatro.png', 367);

    INSERT INTO public.recurso(id, tipo, enlace, vocablo_id)
      VALUES (735, 'video', '', 367);
    
    INSERT INTO public.vocablo(id, palabra, tema_id)
      VALUES (368, 'Noviembre', 15);
    
    INSERT INTO public.recurso(id, tipo, enlace, vocablo_id)
      VALUES (736, 'image', '/assets/images/noviembre.png', 368);

    INSERT INTO public.recurso(id, tipo, enlace, vocablo_id)
      VALUES (737, 'video', '', 368);
    
    INSERT INTO public.vocablo(id, palabra, tema_id)
      VALUES (369, 'Septiembre', 15);
    
    INSERT INTO public.recurso(id, tipo, enlace, vocablo_id)
      VALUES (738, 'image', '/assets/images/septiembre.png', 369);

    INSERT INTO public.recurso(id, tipo, enlace, vocablo_id)
      VALUES (739, 'video', '', 369);
    
    INSERT INTO public.vocablo(id, palabra, tema_id)
      VALUES (370, 'Bastante', 16);
    
    INSERT INTO public.recurso(id, tipo, enlace, vocablo_id)
      VALUES (740, 'image', '/assets/images/bastante.png', 370);

    INSERT INTO public.recurso(id, tipo, enlace, vocablo_id)
      VALUES (741, 'video', '', 370);
    
    INSERT INTO public.vocablo(id, palabra, tema_id)
      VALUES (371, 'Demasiado', 16);
    
    INSERT INTO public.recurso(id, tipo, enlace, vocablo_id)
      VALUES (742, 'image', '/assets/images/demasiado.png', 371);

    INSERT INTO public.recurso(id, tipo, enlace, vocablo_id)
      VALUES (743, 'video', '', 371);
    
    INSERT INTO public.vocablo(id, palabra, tema_id)
      VALUES (372, 'Muy grande', 16);
    
    INSERT INTO public.recurso(id, tipo, enlace, vocablo_id)
      VALUES (744, 'image', '/assets/images/muy-grande.png', 372);

    INSERT INTO public.recurso(id, tipo, enlace, vocablo_id)
      VALUES (745, 'video', '', 372);
    
    INSERT INTO public.vocablo(id, palabra, tema_id)
      VALUES (373, 'Posterior', 18);
    
    INSERT INTO public.recurso(id, tipo, enlace, vocablo_id)
      VALUES (746, 'image', '/assets/images/posterior.png', 373);

    INSERT INTO public.recurso(id, tipo, enlace, vocablo_id)
      VALUES (747, 'video', '', 373);
    
    INSERT INTO public.vocablo(id, palabra, tema_id)
      VALUES (374, 'Enorme', 17);
    
    INSERT INTO public.recurso(id, tipo, enlace, vocablo_id)
      VALUES (748, 'image', '/assets/images/enorme.png', 374);

    INSERT INTO public.recurso(id, tipo, enlace, vocablo_id)
      VALUES (749, 'video', '', 374);
    
    INSERT INTO public.vocablo(id, palabra, tema_id)
      VALUES (375, 'Gigante', 17);
    
    INSERT INTO public.recurso(id, tipo, enlace, vocablo_id)
      VALUES (750, 'image', '/assets/images/gigante.png', 375);

    INSERT INTO public.recurso(id, tipo, enlace, vocablo_id)
      VALUES (751, 'video', '', 375);
    
    INSERT INTO public.vocablo(id, palabra, tema_id)
      VALUES (376, 'Inmenso', 17);
    
    INSERT INTO public.recurso(id, tipo, enlace, vocablo_id)
      VALUES (752, 'image', '/assets/images/inmenso.png', 376);

    INSERT INTO public.recurso(id, tipo, enlace, vocablo_id)
      VALUES (753, 'video', '', 376);
    
    INSERT INTO public.vocablo(id, palabra, tema_id)
      VALUES (377, 'Durante', 19);
    
    INSERT INTO public.recurso(id, tipo, enlace, vocablo_id)
      VALUES (754, 'image', '/assets/images/durante.png', 377);

    INSERT INTO public.recurso(id, tipo, enlace, vocablo_id)
      VALUES (755, 'video', '', 377);
    
    INSERT INTO public.vocablo(id, palabra, tema_id)
      VALUES (378, 'Proximo', 19);
    
    INSERT INTO public.recurso(id, tipo, enlace, vocablo_id)
      VALUES (756, 'image', '/assets/images/proximo.png', 378);

    INSERT INTO public.recurso(id, tipo, enlace, vocablo_id)
      VALUES (757, 'video', '', 378);
    
    INSERT INTO public.vocablo(id, palabra, tema_id)
      VALUES (379, 'Cien', 20);
    
    INSERT INTO public.recurso(id, tipo, enlace, vocablo_id)
      VALUES (758, 'image', '/assets/images/cien.png', 379);

    INSERT INTO public.recurso(id, tipo, enlace, vocablo_id)
      VALUES (759, 'video', '', 379);
    
    INSERT INTO public.vocablo(id, palabra, tema_id)
      VALUES (380, 'Dieciseis', 20);
    
    INSERT INTO public.recurso(id, tipo, enlace, vocablo_id)
      VALUES (760, 'image', '/assets/images/dieciseis.png', 380);

    INSERT INTO public.recurso(id, tipo, enlace, vocablo_id)
      VALUES (761, 'video', '', 380);
    
    INSERT INTO public.vocablo(id, palabra, tema_id)
      VALUES (381, 'Noventa y siete', 20);
    
    INSERT INTO public.recurso(id, tipo, enlace, vocablo_id)
      VALUES (762, 'image', '/assets/images/noventa-y-siete.png', 381);

    INSERT INTO public.recurso(id, tipo, enlace, vocablo_id)
      VALUES (763, 'video', '', 381);
    
    INSERT INTO public.vocablo(id, palabra, tema_id)
      VALUES (382, 'Noventa y tres', 20);
    
    INSERT INTO public.recurso(id, tipo, enlace, vocablo_id)
      VALUES (764, 'image', '/assets/images/noventa-y-tres.png', 382);

    INSERT INTO public.recurso(id, tipo, enlace, vocablo_id)
      VALUES (765, 'video', '', 382);
    
    INSERT INTO public.vocablo(id, palabra, tema_id)
      VALUES (383, 'Ochenta y cinco', 20);
    
    INSERT INTO public.recurso(id, tipo, enlace, vocablo_id)
      VALUES (766, 'image', '/assets/images/ochenta-y-cinco.png', 383);

    INSERT INTO public.recurso(id, tipo, enlace, vocablo_id)
      VALUES (767, 'video', '', 383);
    
    INSERT INTO public.vocablo(id, palabra, tema_id)
      VALUES (384, 'Treinta y dos', 20);
    
    INSERT INTO public.recurso(id, tipo, enlace, vocablo_id)
      VALUES (768, 'image', '/assets/images/treinta-y-dos.png', 384);

    INSERT INTO public.recurso(id, tipo, enlace, vocablo_id)
      VALUES (769, 'video', '', 384);
    
    INSERT INTO public.vocablo(id, palabra, tema_id)
      VALUES (385, 'Veintiocho', 20);
    
    INSERT INTO public.recurso(id, tipo, enlace, vocablo_id)
      VALUES (770, 'image', '/assets/images/veintiocho.png', 385);

    INSERT INTO public.recurso(id, tipo, enlace, vocablo_id)
      VALUES (771, 'video', '', 385);
    
    INSERT INTO public.vocablo(id, palabra, tema_id)
      VALUES (386, 'Lavadora', 21);
    
    INSERT INTO public.recurso(id, tipo, enlace, vocablo_id)
      VALUES (772, 'image', '/assets/images/lavadora.png', 386);

    INSERT INTO public.recurso(id, tipo, enlace, vocablo_id)
      VALUES (773, 'video', '', 386);
    
    INSERT INTO public.vocablo(id, palabra, tema_id)
      VALUES (387, 'Plancha', 21);
    
    INSERT INTO public.recurso(id, tipo, enlace, vocablo_id)
      VALUES (774, 'image', '/assets/images/plancha.png', 387);

    INSERT INTO public.recurso(id, tipo, enlace, vocablo_id)
      VALUES (775, 'video', '', 387);
    
    INSERT INTO public.vocablo(id, palabra, tema_id)
      VALUES (388, 'Secadora', 21);
    
    INSERT INTO public.recurso(id, tipo, enlace, vocablo_id)
      VALUES (776, 'image', '/assets/images/secadora.png', 388);

    INSERT INTO public.recurso(id, tipo, enlace, vocablo_id)
      VALUES (777, 'video', '', 388);
    
    INSERT INTO public.vocablo(id, palabra, tema_id)
      VALUES (389, 'Cejas', 23);
    
    INSERT INTO public.recurso(id, tipo, enlace, vocablo_id)
      VALUES (778, 'image', '/assets/images/cejas.png', 389);

    INSERT INTO public.recurso(id, tipo, enlace, vocablo_id)
      VALUES (779, 'video', '', 389);
    
    INSERT INTO public.vocablo(id, palabra, tema_id)
      VALUES (390, 'Cerebro', 23);
    
    INSERT INTO public.recurso(id, tipo, enlace, vocablo_id)
      VALUES (780, 'image', '/assets/images/cerebro.png', 390);

    INSERT INTO public.recurso(id, tipo, enlace, vocablo_id)
      VALUES (781, 'video', '', 390);
    
    INSERT INTO public.vocablo(id, palabra, tema_id)
      VALUES (391, 'Codo', 23);
    
    INSERT INTO public.recurso(id, tipo, enlace, vocablo_id)
      VALUES (782, 'image', '/assets/images/codo.png', 391);

    INSERT INTO public.recurso(id, tipo, enlace, vocablo_id)
      VALUES (783, 'video', '', 391);
    
    INSERT INTO public.vocablo(id, palabra, tema_id)
      VALUES (392, 'Corazon', 23);
    
    INSERT INTO public.recurso(id, tipo, enlace, vocablo_id)
      VALUES (784, 'image', '/assets/images/corazon.png', 392);

    INSERT INTO public.recurso(id, tipo, enlace, vocablo_id)
      VALUES (785, 'video', '', 392);
    
    INSERT INTO public.vocablo(id, palabra, tema_id)
      VALUES (393, 'Cuello', 23);
    
    INSERT INTO public.recurso(id, tipo, enlace, vocablo_id)
      VALUES (786, 'image', '/assets/images/cuello.png', 393);

    INSERT INTO public.recurso(id, tipo, enlace, vocablo_id)
      VALUES (787, 'video', '', 393);
    
    INSERT INTO public.vocablo(id, palabra, tema_id)
      VALUES (394, 'Gluteos', 23);
    
    INSERT INTO public.recurso(id, tipo, enlace, vocablo_id)
      VALUES (788, 'image', '/assets/images/gluteos.png', 394);

    INSERT INTO public.recurso(id, tipo, enlace, vocablo_id)
      VALUES (789, 'video', '', 394);
    
    INSERT INTO public.vocablo(id, palabra, tema_id)
      VALUES (395, 'Huesos', 23);
    
    INSERT INTO public.recurso(id, tipo, enlace, vocablo_id)
      VALUES (790, 'image', '/assets/images/huesos.png', 395);

    INSERT INTO public.recurso(id, tipo, enlace, vocablo_id)
      VALUES (791, 'video', '', 395);
    
    INSERT INTO public.vocablo(id, palabra, tema_id)
      VALUES (396, 'Oido', 23);
    
    INSERT INTO public.recurso(id, tipo, enlace, vocablo_id)
      VALUES (792, 'image', '/assets/images/oido.png', 396);

    INSERT INTO public.recurso(id, tipo, enlace, vocablo_id)
      VALUES (793, 'video', '', 396);
    
    INSERT INTO public.vocablo(id, palabra, tema_id)
      VALUES (397, 'Pestanas', 23);
    
    INSERT INTO public.recurso(id, tipo, enlace, vocablo_id)
      VALUES (794, 'image', '/assets/images/pestanas.png', 397);

    INSERT INTO public.recurso(id, tipo, enlace, vocablo_id)
      VALUES (795, 'video', '', 397);
    
    INSERT INTO public.vocablo(id, palabra, tema_id)
      VALUES (398, 'Rodillas', 23);
    
    INSERT INTO public.recurso(id, tipo, enlace, vocablo_id)
      VALUES (796, 'image', '/assets/images/rodillas.png', 398);

    INSERT INTO public.recurso(id, tipo, enlace, vocablo_id)
      VALUES (797, 'video', '', 398);
    
    INSERT INTO public.vocablo(id, palabra, tema_id)
      VALUES (399, 'Senos', 23);
    
    INSERT INTO public.recurso(id, tipo, enlace, vocablo_id)
      VALUES (798, 'image', '/assets/images/senos.png', 399);

    INSERT INTO public.recurso(id, tipo, enlace, vocablo_id)
      VALUES (799, 'video', '', 399);
    
    INSERT INTO public.vocablo(id, palabra, tema_id)
      VALUES (400, 'Unas', 23);
    
    INSERT INTO public.recurso(id, tipo, enlace, vocablo_id)
      VALUES (800, 'image', '/assets/images/unas.png', 400);

    INSERT INTO public.recurso(id, tipo, enlace, vocablo_id)
      VALUES (801, 'video', '', 400);
    
    INSERT INTO public.vocablo(id, palabra, tema_id)
      VALUES (401, 'Ezequiel zamora', 24);
    
    INSERT INTO public.recurso(id, tipo, enlace, vocablo_id)
      VALUES (802, 'image', '/assets/images/ezequiel-zamora.png', 401);

    INSERT INTO public.recurso(id, tipo, enlace, vocablo_id)
      VALUES (803, 'video', '', 401);
    
    INSERT INTO public.vocablo(id, palabra, tema_id)
      VALUES (402, 'Amiga', 25);
    
    INSERT INTO public.recurso(id, tipo, enlace, vocablo_id)
      VALUES (804, 'image', '/assets/images/amiga.png', 402);

    INSERT INTO public.recurso(id, tipo, enlace, vocablo_id)
      VALUES (805, 'video', '', 402);
    
    INSERT INTO public.vocablo(id, palabra, tema_id)
      VALUES (403, 'Amigo', 25);
    
    INSERT INTO public.recurso(id, tipo, enlace, vocablo_id)
      VALUES (806, 'image', '/assets/images/amigo.png', 403);

    INSERT INTO public.recurso(id, tipo, enlace, vocablo_id)
      VALUES (807, 'video', '', 403);
    
    INSERT INTO public.vocablo(id, palabra, tema_id)
      VALUES (404, 'Esposos', 25);
    
    INSERT INTO public.recurso(id, tipo, enlace, vocablo_id)
      VALUES (808, 'image', '/assets/images/esposos.png', 404);

    INSERT INTO public.recurso(id, tipo, enlace, vocablo_id)
      VALUES (809, 'video', '', 404);
    
    INSERT INTO public.vocablo(id, palabra, tema_id)
      VALUES (405, 'Nieta', 25);
    
    INSERT INTO public.recurso(id, tipo, enlace, vocablo_id)
      VALUES (810, 'image', '/assets/images/nieta.png', 405);

    INSERT INTO public.recurso(id, tipo, enlace, vocablo_id)
      VALUES (811, 'video', '', 405);
    
    INSERT INTO public.vocablo(id, palabra, tema_id)
      VALUES (406, 'Nieto', 25);
    
    INSERT INTO public.recurso(id, tipo, enlace, vocablo_id)
      VALUES (812, 'image', '/assets/images/nieto.png', 406);

    INSERT INTO public.recurso(id, tipo, enlace, vocablo_id)
      VALUES (813, 'video', '', 406);
    
    INSERT INTO public.vocablo(id, palabra, tema_id)
      VALUES (407, 'Primos', 25);
    
    INSERT INTO public.recurso(id, tipo, enlace, vocablo_id)
      VALUES (814, 'image', '/assets/images/primos.png', 407);

    INSERT INTO public.recurso(id, tipo, enlace, vocablo_id)
      VALUES (815, 'video', '', 407);
    
    INSERT INTO public.vocablo(id, palabra, tema_id)
      VALUES (408, 'Senor', 25);
    
    INSERT INTO public.recurso(id, tipo, enlace, vocablo_id)
      VALUES (816, 'image', '/assets/images/senor.png', 408);

    INSERT INTO public.recurso(id, tipo, enlace, vocablo_id)
      VALUES (817, 'video', '', 408);
    
    INSERT INTO public.vocablo(id, palabra, tema_id)
      VALUES (409, 'Senora', 25);
    
    INSERT INTO public.recurso(id, tipo, enlace, vocablo_id)
      VALUES (818, 'image', '/assets/images/senora.png', 409);

    INSERT INTO public.recurso(id, tipo, enlace, vocablo_id)
      VALUES (819, 'video', '', 409);
    
    INSERT INTO public.vocablo(id, palabra, tema_id)
      VALUES (410, 'Sobrino', 25);
    
    INSERT INTO public.recurso(id, tipo, enlace, vocablo_id)
      VALUES (820, 'image', '/assets/images/sobrino.png', 410);

    INSERT INTO public.recurso(id, tipo, enlace, vocablo_id)
      VALUES (821, 'video', '', 410);
    
    INSERT INTO public.vocablo(id, palabra, tema_id)
      VALUES (411, 'Bombero', 22);
    
    INSERT INTO public.recurso(id, tipo, enlace, vocablo_id)
      VALUES (822, 'image', '/assets/images/bombero.png', 411);

    INSERT INTO public.recurso(id, tipo, enlace, vocablo_id)
      VALUES (823, 'video', '', 411);
    
    INSERT INTO public.vocablo(id, palabra, tema_id)
      VALUES (412, 'Directora', 22);
    
    INSERT INTO public.recurso(id, tipo, enlace, vocablo_id)
      VALUES (824, 'image', '/assets/images/directora.png', 412);

    INSERT INTO public.recurso(id, tipo, enlace, vocablo_id)
      VALUES (825, 'video', '', 412);
    
    INSERT INTO public.vocablo(id, palabra, tema_id)
      VALUES (413, 'Panadero', 22);
    
    INSERT INTO public.recurso(id, tipo, enlace, vocablo_id)
      VALUES (826, 'image', '/assets/images/panadero.png', 413);

    INSERT INTO public.recurso(id, tipo, enlace, vocablo_id)
      VALUES (827, 'video', '', 413);
    
    INSERT INTO public.vocablo(id, palabra, tema_id)
      VALUES (414, 'Profesora', 22);
    
    INSERT INTO public.recurso(id, tipo, enlace, vocablo_id)
      VALUES (828, 'image', '/assets/images/profesora.png', 414);

    INSERT INTO public.recurso(id, tipo, enlace, vocablo_id)
      VALUES (829, 'video', '', 414);
    
    INSERT INTO public.vocablo(id, palabra, tema_id)
      VALUES (415, 'Secretaria', 22);
    
    INSERT INTO public.recurso(id, tipo, enlace, vocablo_id)
      VALUES (830, 'image', '/assets/images/secretaria.png', 415);

    INSERT INTO public.recurso(id, tipo, enlace, vocablo_id)
      VALUES (831, 'video', '', 415);
    
    INSERT INTO public.vocablo(id, palabra, tema_id)
      VALUES (416, 'Verdulero', 22);
    
    INSERT INTO public.recurso(id, tipo, enlace, vocablo_id)
      VALUES (832, 'image', '/assets/images/verdulero.png', 416);

    INSERT INTO public.recurso(id, tipo, enlace, vocablo_id)
      VALUES (833, 'video', '', 416);
    
    INSERT INTO public.vocablo(id, palabra, tema_id)
      VALUES (417, 'Correa', 26);
    
    INSERT INTO public.recurso(id, tipo, enlace, vocablo_id)
      VALUES (834, 'image', '/assets/images/correa.png', 417);

    INSERT INTO public.recurso(id, tipo, enlace, vocablo_id)
      VALUES (835, 'video', '', 417);
    
    INSERT INTO public.vocablo(id, palabra, tema_id)
      VALUES (418, 'Guante', 26);
    
    INSERT INTO public.recurso(id, tipo, enlace, vocablo_id)
      VALUES (836, 'image', '/assets/images/guante.png', 418);

    INSERT INTO public.recurso(id, tipo, enlace, vocablo_id)
      VALUES (837, 'video', '', 418);
    
    INSERT INTO public.vocablo(id, palabra, tema_id)
      VALUES (419, 'Sosten', 26);
    
    INSERT INTO public.recurso(id, tipo, enlace, vocablo_id)
      VALUES (838, 'image', '/assets/images/sosten.png', 419);

    INSERT INTO public.recurso(id, tipo, enlace, vocablo_id)
      VALUES (839, 'video', '', 419);
    
    INSERT INTO public.vocablo(id, palabra, tema_id)
      VALUES (420, 'Sueter', 26);
    
    INSERT INTO public.recurso(id, tipo, enlace, vocablo_id)
      VALUES (840, 'image', '/assets/images/sueter.png', 420);

    INSERT INTO public.recurso(id, tipo, enlace, vocablo_id)
      VALUES (841, 'video', '', 420);
    
    INSERT INTO public.vocablo(id, palabra, tema_id)
      VALUES (421, 'Uniforme', 26);
    
    INSERT INTO public.recurso(id, tipo, enlace, vocablo_id)
      VALUES (842, 'image', '/assets/images/uniforme.png', 421);

    INSERT INTO public.recurso(id, tipo, enlace, vocablo_id)
      VALUES (843, 'video', '', 421);
    
    INSERT INTO public.vocablo(id, palabra, tema_id)
      VALUES (422, 'Zapato deportivo', 26);
    
    INSERT INTO public.recurso(id, tipo, enlace, vocablo_id)
      VALUES (844, 'image', '/assets/images/zapato-deportivo.png', 422);

    INSERT INTO public.recurso(id, tipo, enlace, vocablo_id)
      VALUES (845, 'video', '', 422);
    
    INSERT INTO public.vocablo(id, palabra, tema_id)
      VALUES (423, 'Bandera de merida', 27);
    
    INSERT INTO public.recurso(id, tipo, enlace, vocablo_id)
      VALUES (846, 'image', '/assets/images/bandera-de-merida.png', 423);

    INSERT INTO public.recurso(id, tipo, enlace, vocablo_id)
      VALUES (847, 'video', '', 423);
    
    INSERT INTO public.vocablo(id, palabra, tema_id)
      VALUES (424, 'Frailejon', 27);
    
    INSERT INTO public.recurso(id, tipo, enlace, vocablo_id)
      VALUES (848, 'image', '/assets/images/frailejon.png', 424);

    INSERT INTO public.recurso(id, tipo, enlace, vocablo_id)
      VALUES (849, 'video', '', 424);
    
    INSERT INTO public.vocablo(id, palabra, tema_id)
      VALUES (425, 'Oso frontino', 27);
    
    INSERT INTO public.recurso(id, tipo, enlace, vocablo_id)
      VALUES (850, 'image', '/assets/images/oso-frontino.png', 425);

    INSERT INTO public.recurso(id, tipo, enlace, vocablo_id)
      VALUES (851, 'video', '', 425);
    
    INSERT INTO public.vocablo(id, palabra, tema_id)
      VALUES (426, 'Avioneta', 14);
    
    INSERT INTO public.recurso(id, tipo, enlace, vocablo_id)
      VALUES (852, 'image', '/assets/images/avioneta.png', 426);

    INSERT INTO public.recurso(id, tipo, enlace, vocablo_id)
      VALUES (853, 'video', '', 426);
    
    INSERT INTO public.vocablo(id, palabra, tema_id)
      VALUES (427, 'Lancha', 14);
    
    INSERT INTO public.recurso(id, tipo, enlace, vocablo_id)
      VALUES (854, 'image', '/assets/images/lancha.png', 427);

    INSERT INTO public.recurso(id, tipo, enlace, vocablo_id)
      VALUES (855, 'video', '', 427);
    
    INSERT INTO public.vocablo(id, palabra, tema_id)
      VALUES (428, 'Tren', 14);
    
    INSERT INTO public.recurso(id, tipo, enlace, vocablo_id)
      VALUES (856, 'image', '/assets/images/tren.png', 428);

    INSERT INTO public.recurso(id, tipo, enlace, vocablo_id)
      VALUES (857, 'video', '', 428);
    
    INSERT INTO public.vocablo(id, palabra, tema_id)
      VALUES (429, 'Carpeta', 30);
    
    INSERT INTO public.recurso(id, tipo, enlace, vocablo_id)
      VALUES (858, 'image', '/assets/images/carpeta.png', 429);

    INSERT INTO public.recurso(id, tipo, enlace, vocablo_id)
      VALUES (859, 'video', '', 429);
    
    INSERT INTO public.vocablo(id, palabra, tema_id)
      VALUES (430, 'Cartuchera', 30);
    
    INSERT INTO public.recurso(id, tipo, enlace, vocablo_id)
      VALUES (860, 'image', '/assets/images/cartuchera.png', 430);

    INSERT INTO public.recurso(id, tipo, enlace, vocablo_id)
      VALUES (861, 'video', '', 430);
    
    INSERT INTO public.vocablo(id, palabra, tema_id)
      VALUES (431, 'Compas', 30);
    
    INSERT INTO public.recurso(id, tipo, enlace, vocablo_id)
      VALUES (862, 'image', '/assets/images/compas.png', 431);

    INSERT INTO public.recurso(id, tipo, enlace, vocablo_id)
      VALUES (863, 'video', '', 431);
    
    INSERT INTO public.vocablo(id, palabra, tema_id)
      VALUES (432, 'Hoja de papel', 30);
    
    INSERT INTO public.recurso(id, tipo, enlace, vocablo_id)
      VALUES (864, 'image', '/assets/images/hoja-de-papel.png', 432);

    INSERT INTO public.recurso(id, tipo, enlace, vocablo_id)
      VALUES (865, 'video', '', 432);
    
    INSERT INTO public.vocablo(id, palabra, tema_id)
      VALUES (433, 'Pincel', 30);
    
    INSERT INTO public.recurso(id, tipo, enlace, vocablo_id)
      VALUES (866, 'image', '/assets/images/pincel.png', 433);

    INSERT INTO public.recurso(id, tipo, enlace, vocablo_id)
      VALUES (867, 'video', '', 433);
    
    INSERT INTO public.vocablo(id, palabra, tema_id)
      VALUES (434, 'Pinturas', 30);
    
    INSERT INTO public.recurso(id, tipo, enlace, vocablo_id)
      VALUES (868, 'image', '/assets/images/pinturas.png', 434);

    INSERT INTO public.recurso(id, tipo, enlace, vocablo_id)
      VALUES (869, 'video', '', 434);
    
    INSERT INTO public.vocablo(id, palabra, tema_id)
      VALUES (435, 'Tijera', 30);
    
    INSERT INTO public.recurso(id, tipo, enlace, vocablo_id)
      VALUES (870, 'image', '/assets/images/tijera.png', 435);

    INSERT INTO public.recurso(id, tipo, enlace, vocablo_id)
      VALUES (871, 'video', '', 435);
    
    INSERT INTO public.vocablo(id, palabra, tema_id)
      VALUES (436, 'Tirro', 30);
    
    INSERT INTO public.recurso(id, tipo, enlace, vocablo_id)
      VALUES (872, 'image', '/assets/images/tirro.png', 436);

    INSERT INTO public.recurso(id, tipo, enlace, vocablo_id)
      VALUES (873, 'video', '', 436);
    
    INSERT INTO public.vocablo(id, palabra, tema_id)
      VALUES (437, 'Aji', 31);
    
    INSERT INTO public.recurso(id, tipo, enlace, vocablo_id)
      VALUES (874, 'image', '/assets/images/aji.png', 437);

    INSERT INTO public.recurso(id, tipo, enlace, vocablo_id)
      VALUES (875, 'video', '', 437);
    
    INSERT INTO public.vocablo(id, palabra, tema_id)
      VALUES (438, 'Ajo', 31);
    
    INSERT INTO public.recurso(id, tipo, enlace, vocablo_id)
      VALUES (876, 'image', '/assets/images/ajo.png', 438);

    INSERT INTO public.recurso(id, tipo, enlace, vocablo_id)
      VALUES (877, 'video', '', 438);
    
    INSERT INTO public.vocablo(id, palabra, tema_id)
      VALUES (439, 'Cebollin', 31);
    
    INSERT INTO public.recurso(id, tipo, enlace, vocablo_id)
      VALUES (878, 'image', '/assets/images/cebollin.png', 439);

    INSERT INTO public.recurso(id, tipo, enlace, vocablo_id)
      VALUES (879, 'video', '', 439);
    
    INSERT INTO public.vocablo(id, palabra, tema_id)
      VALUES (440, 'Lechuga', 31);
    
    INSERT INTO public.recurso(id, tipo, enlace, vocablo_id)
      VALUES (880, 'image', '/assets/images/lechuga.png', 440);

    INSERT INTO public.recurso(id, tipo, enlace, vocablo_id)
      VALUES (881, 'video', '', 440);
    
    INSERT INTO public.vocablo(id, palabra, tema_id)
      VALUES (441, 'Pimenton', 31);
    
    INSERT INTO public.recurso(id, tipo, enlace, vocablo_id)
      VALUES (882, 'image', '/assets/images/pimenton.png', 441);

    INSERT INTO public.recurso(id, tipo, enlace, vocablo_id)
      VALUES (883, 'video', '', 441);
    
    INSERT INTO public.vocablo(id, palabra, tema_id)
      VALUES (442, 'Repollo', 31);
    
    INSERT INTO public.recurso(id, tipo, enlace, vocablo_id)
      VALUES (884, 'image', '/assets/images/repollo.png', 442);

    INSERT INTO public.recurso(id, tipo, enlace, vocablo_id)
      VALUES (885, 'video', '', 442);
    
    INSERT INTO public.vocablo(id, palabra, tema_id)
      VALUES (443, 'Pino', 2);
    
    INSERT INTO public.recurso(id, tipo, enlace, vocablo_id)
      VALUES (886, 'image', '/assets/images/pino.png', 443);

    INSERT INTO public.recurso(id, tipo, enlace, vocablo_id)
      VALUES (887, 'video', '', 443);
    
    INSERT INTO public.vocablo(id, palabra, tema_id)
      VALUES (444, 'Bambú', 2);
    
    INSERT INTO public.recurso(id, tipo, enlace, vocablo_id)
      VALUES (888, 'image', '/assets/images/bambu.png', 444);

    INSERT INTO public.recurso(id, tipo, enlace, vocablo_id)
      VALUES (889, 'video', '', 444);
    
    INSERT INTO public.vocablo(id, palabra, tema_id)
      VALUES (445, 'Pabellón', 0);
    
    INSERT INTO public.recurso(id, tipo, enlace, vocablo_id)
      VALUES (890, 'image', '/assets/images/pabellon.png', 445);

    INSERT INTO public.recurso(id, tipo, enlace, vocablo_id)
      VALUES (891, 'video', '', 445);
    
    INSERT INTO public.vocablo(id, palabra, tema_id)
      VALUES (446, 'Hervido', 0);
    
    INSERT INTO public.recurso(id, tipo, enlace, vocablo_id)
      VALUES (892, 'image', '/assets/images/hervido.png', 446);

    INSERT INTO public.recurso(id, tipo, enlace, vocablo_id)
      VALUES (893, 'video', '', 446);
    
    INSERT INTO public.vocablo(id, palabra, tema_id)
      VALUES (447, 'Parilla', 0);
    
    INSERT INTO public.recurso(id, tipo, enlace, vocablo_id)
      VALUES (894, 'image', '/assets/images/parilla.png', 447);

    INSERT INTO public.recurso(id, tipo, enlace, vocablo_id)
      VALUES (895, 'video', '', 447);
    
    INSERT INTO public.vocablo(id, palabra, tema_id)
      VALUES (448, 'Hayaca', 0);
    
    INSERT INTO public.recurso(id, tipo, enlace, vocablo_id)
      VALUES (896, 'image', '/assets/images/hayaca.png', 448);

    INSERT INTO public.recurso(id, tipo, enlace, vocablo_id)
      VALUES (897, 'video', '', 448);
    
    INSERT INTO public.vocablo(id, palabra, tema_id)
      VALUES (449, 'Casabe', 0);
    
    INSERT INTO public.recurso(id, tipo, enlace, vocablo_id)
      VALUES (898, 'image', '/assets/images/casabe.png', 449);

    INSERT INTO public.recurso(id, tipo, enlace, vocablo_id)
      VALUES (899, 'video', '', 449);
    
    INSERT INTO public.vocablo(id, palabra, tema_id)
      VALUES (450, 'Granos', 0);
    
    INSERT INTO public.recurso(id, tipo, enlace, vocablo_id)
      VALUES (900, 'image', '/assets/images/granos.png', 450);

    INSERT INTO public.recurso(id, tipo, enlace, vocablo_id)
      VALUES (901, 'video', '', 450);
    
    INSERT INTO public.vocablo(id, palabra, tema_id)
      VALUES (451, 'Tiburón', 1);
    
    INSERT INTO public.recurso(id, tipo, enlace, vocablo_id)
      VALUES (902, 'image', '/assets/images/tiburon.png', 451);

    INSERT INTO public.recurso(id, tipo, enlace, vocablo_id)
      VALUES (903, 'video', '', 451);
    
    INSERT INTO public.vocablo(id, palabra, tema_id)
      VALUES (452, 'Delfin', 1);
    
    INSERT INTO public.recurso(id, tipo, enlace, vocablo_id)
      VALUES (904, 'image', '/assets/images/delfin.png', 452);

    INSERT INTO public.recurso(id, tipo, enlace, vocablo_id)
      VALUES (905, 'video', '', 452);
    
    INSERT INTO public.vocablo(id, palabra, tema_id)
      VALUES (453, 'Cocodrilo', 1);
    
    INSERT INTO public.recurso(id, tipo, enlace, vocablo_id)
      VALUES (906, 'image', '/assets/images/cocodrilo.png', 453);

    INSERT INTO public.recurso(id, tipo, enlace, vocablo_id)
      VALUES (907, 'video', '', 453);
    
    INSERT INTO public.vocablo(id, palabra, tema_id)
      VALUES (454, 'Iguana', 1);
    
    INSERT INTO public.recurso(id, tipo, enlace, vocablo_id)
      VALUES (908, 'image', '/assets/images/iguana.png', 454);

    INSERT INTO public.recurso(id, tipo, enlace, vocablo_id)
      VALUES (909, 'video', '', 454);
    
    INSERT INTO public.vocablo(id, palabra, tema_id)
      VALUES (455, 'Hipopótamo', 1);
    
    INSERT INTO public.recurso(id, tipo, enlace, vocablo_id)
      VALUES (910, 'image', '/assets/images/hipopotamo.png', 455);

    INSERT INTO public.recurso(id, tipo, enlace, vocablo_id)
      VALUES (911, 'video', '', 455);
    
    INSERT INTO public.vocablo(id, palabra, tema_id)
      VALUES (456, 'Chiguire', 1);
    
    INSERT INTO public.recurso(id, tipo, enlace, vocablo_id)
      VALUES (912, 'image', '/assets/images/chiguire.png', 456);

    INSERT INTO public.recurso(id, tipo, enlace, vocablo_id)
      VALUES (913, 'video', '', 456);
    
    INSERT INTO public.vocablo(id, palabra, tema_id)
      VALUES (457, 'Loro', 1);
    
    INSERT INTO public.recurso(id, tipo, enlace, vocablo_id)
      VALUES (914, 'image', '/assets/images/loro.png', 457);

    INSERT INTO public.recurso(id, tipo, enlace, vocablo_id)
      VALUES (915, 'video', '', 457);
    
    INSERT INTO public.vocablo(id, palabra, tema_id)
      VALUES (458, 'Tucán', 1);
    
    INSERT INTO public.recurso(id, tipo, enlace, vocablo_id)
      VALUES (916, 'image', '/assets/images/tucan.png', 458);

    INSERT INTO public.recurso(id, tipo, enlace, vocablo_id)
      VALUES (917, 'video', '', 458);
    
    INSERT INTO public.vocablo(id, palabra, tema_id)
      VALUES (459, 'Araña', 1);
    
    INSERT INTO public.recurso(id, tipo, enlace, vocablo_id)
      VALUES (918, 'image', '/assets/images/arana.png', 459);

    INSERT INTO public.recurso(id, tipo, enlace, vocablo_id)
      VALUES (919, 'video', '', 459);
    
    INSERT INTO public.vocablo(id, palabra, tema_id)
      VALUES (460, 'Tortuga', 1);
    
    INSERT INTO public.recurso(id, tipo, enlace, vocablo_id)
      VALUES (920, 'image', '/assets/images/tortuga.png', 460);

    INSERT INTO public.recurso(id, tipo, enlace, vocablo_id)
      VALUES (921, 'video', '', 460);
    
    INSERT INTO public.vocablo(id, palabra, tema_id)
      VALUES (461, 'Hormiga', 1);
    
    INSERT INTO public.recurso(id, tipo, enlace, vocablo_id)
      VALUES (922, 'image', '/assets/images/hormiga.png', 461);

    INSERT INTO public.recurso(id, tipo, enlace, vocablo_id)
      VALUES (923, 'video', '', 461);
    
    INSERT INTO public.vocablo(id, palabra, tema_id)
      VALUES (462, 'Tigre', 1);
    
    INSERT INTO public.recurso(id, tipo, enlace, vocablo_id)
      VALUES (924, 'image', '/assets/images/tigre.png', 462);

    INSERT INTO public.recurso(id, tipo, enlace, vocablo_id)
      VALUES (925, 'video', '', 462);
    
    INSERT INTO public.vocablo(id, palabra, tema_id)
      VALUES (463, 'Pupura', 4);
    
    INSERT INTO public.recurso(id, tipo, enlace, vocablo_id)
      VALUES (926, 'image', '/assets/images/pupura.png', 463);

    INSERT INTO public.recurso(id, tipo, enlace, vocablo_id)
      VALUES (927, 'video', '', 463);
    
    INSERT INTO public.vocablo(id, palabra, tema_id)
      VALUES (464, 'Violeta', 4);
    
    INSERT INTO public.recurso(id, tipo, enlace, vocablo_id)
      VALUES (928, 'image', '/assets/images/violeta.png', 464);

    INSERT INTO public.recurso(id, tipo, enlace, vocablo_id)
      VALUES (929, 'video', '', 464);
    
    INSERT INTO public.vocablo(id, palabra, tema_id)
      VALUES (465, 'Marfil', 4);
    
    INSERT INTO public.recurso(id, tipo, enlace, vocablo_id)
      VALUES (930, 'image', '/assets/images/marfil.png', 465);

    INSERT INTO public.recurso(id, tipo, enlace, vocablo_id)
      VALUES (931, 'video', '', 465);
    
    INSERT INTO public.vocablo(id, palabra, tema_id)
      VALUES (466, 'Cobre', 4);
    
    INSERT INTO public.recurso(id, tipo, enlace, vocablo_id)
      VALUES (932, 'image', '/assets/images/cobre.png', 466);

    INSERT INTO public.recurso(id, tipo, enlace, vocablo_id)
      VALUES (933, 'video', '', 466);
    
    INSERT INTO public.vocablo(id, palabra, tema_id)
      VALUES (467, 'Bronce', 4);
    
    INSERT INTO public.recurso(id, tipo, enlace, vocablo_id)
      VALUES (934, 'image', '/assets/images/bronce.png', 467);

    INSERT INTO public.recurso(id, tipo, enlace, vocablo_id)
      VALUES (935, 'video', '', 467);
    
    INSERT INTO public.vocablo(id, palabra, tema_id)
      VALUES (468, 'Piel', 4);
    
    INSERT INTO public.recurso(id, tipo, enlace, vocablo_id)
      VALUES (936, 'image', '/assets/images/piel.png', 468);

    INSERT INTO public.recurso(id, tipo, enlace, vocablo_id)
      VALUES (937, 'video', '', 468);
    
    INSERT INTO public.vocablo(id, palabra, tema_id)
      VALUES (469, 'Lila', 4);
    
    INSERT INTO public.recurso(id, tipo, enlace, vocablo_id)
      VALUES (938, 'image', '/assets/images/lila.png', 469);

    INSERT INTO public.recurso(id, tipo, enlace, vocablo_id)
      VALUES (939, 'video', '', 469);
    
    INSERT INTO public.vocablo(id, palabra, tema_id)
      VALUES (470, 'Arroz con leche', 6);
    
    INSERT INTO public.recurso(id, tipo, enlace, vocablo_id)
      VALUES (940, 'image', '/assets/images/arroz-con-leche.png', 470);

    INSERT INTO public.recurso(id, tipo, enlace, vocablo_id)
      VALUES (941, 'video', '', 470);
    
    INSERT INTO public.vocablo(id, palabra, tema_id)
      VALUES (471, 'Quesillo', 6);
    
    INSERT INTO public.recurso(id, tipo, enlace, vocablo_id)
      VALUES (942, 'image', '/assets/images/quesillo.png', 471);

    INSERT INTO public.recurso(id, tipo, enlace, vocablo_id)
      VALUES (943, 'video', '', 471);
    
    INSERT INTO public.vocablo(id, palabra, tema_id)
      VALUES (472, 'Refrezco', 6);
    
    INSERT INTO public.recurso(id, tipo, enlace, vocablo_id)
      VALUES (944, 'image', '/assets/images/refrezco.png', 472);

    INSERT INTO public.recurso(id, tipo, enlace, vocablo_id)
      VALUES (945, 'video', '', 472);
    
    INSERT INTO public.vocablo(id, palabra, tema_id)
      VALUES (473, 'Tizana', 6);
    
    INSERT INTO public.recurso(id, tipo, enlace, vocablo_id)
      VALUES (946, 'image', '/assets/images/tizana.png', 473);

    INSERT INTO public.recurso(id, tipo, enlace, vocablo_id)
      VALUES (947, 'video', '', 473);
    
    INSERT INTO public.vocablo(id, palabra, tema_id)
      VALUES (474, 'Caramelo', 6);
    
    INSERT INTO public.recurso(id, tipo, enlace, vocablo_id)
      VALUES (948, 'image', '/assets/images/caramelo.png', 474);

    INSERT INTO public.recurso(id, tipo, enlace, vocablo_id)
      VALUES (949, 'video', '', 474);
    
    INSERT INTO public.vocablo(id, palabra, tema_id)
      VALUES (475, 'Chupeta', 6);
    
    INSERT INTO public.recurso(id, tipo, enlace, vocablo_id)
      VALUES (950, 'image', '/assets/images/chupeta.png', 475);

    INSERT INTO public.recurso(id, tipo, enlace, vocablo_id)
      VALUES (951, 'video', '', 475);
    
    INSERT INTO public.vocablo(id, palabra, tema_id)
      VALUES (476, 'Chicle', 6);
    
    INSERT INTO public.recurso(id, tipo, enlace, vocablo_id)
      VALUES (952, 'image', '/assets/images/chicle.png', 476);

    INSERT INTO public.recurso(id, tipo, enlace, vocablo_id)
      VALUES (953, 'video', '', 476);
    
    INSERT INTO public.vocablo(id, palabra, tema_id)
      VALUES (477, 'Ébola', 7);
    
    INSERT INTO public.recurso(id, tipo, enlace, vocablo_id)
      VALUES (954, 'image', '/assets/images/ebola.png', 477);

    INSERT INTO public.recurso(id, tipo, enlace, vocablo_id)
      VALUES (955, 'video', '', 477);
    
    INSERT INTO public.vocablo(id, palabra, tema_id)
      VALUES (478, 'Lechina', 7);
    
    INSERT INTO public.recurso(id, tipo, enlace, vocablo_id)
      VALUES (956, 'image', '/assets/images/lechina.png', 478);

    INSERT INTO public.recurso(id, tipo, enlace, vocablo_id)
      VALUES (957, 'video', '', 478);
    
    INSERT INTO public.vocablo(id, palabra, tema_id)
      VALUES (479, 'Diabetes', 7);
    
    INSERT INTO public.recurso(id, tipo, enlace, vocablo_id)
      VALUES (958, 'image', '/assets/images/diabetes.png', 479);

    INSERT INTO public.recurso(id, tipo, enlace, vocablo_id)
      VALUES (959, 'video', '', 479);
    
    INSERT INTO public.vocablo(id, palabra, tema_id)
      VALUES (480, 'Sarampión', 7);
    
    INSERT INTO public.recurso(id, tipo, enlace, vocablo_id)
      VALUES (960, 'image', '/assets/images/sarampion.png', 480);

    INSERT INTO public.recurso(id, tipo, enlace, vocablo_id)
      VALUES (961, 'video', '', 480);
    
    INSERT INTO public.vocablo(id, palabra, tema_id)
      VALUES (481, 'Tamarindo', 9);
    
    INSERT INTO public.recurso(id, tipo, enlace, vocablo_id)
      VALUES (962, 'image', '/assets/images/tamarindo.png', 481);

    INSERT INTO public.recurso(id, tipo, enlace, vocablo_id)
      VALUES (963, 'video', '', 481);
    
    INSERT INTO public.vocablo(id, palabra, tema_id)
      VALUES (482, 'Higo', 9);
    
    INSERT INTO public.recurso(id, tipo, enlace, vocablo_id)
      VALUES (964, 'image', '/assets/images/higo.png', 482);

    INSERT INTO public.recurso(id, tipo, enlace, vocablo_id)
      VALUES (965, 'video', '', 482);
    
    INSERT INTO public.vocablo(id, palabra, tema_id)
      VALUES (483, 'Atletismo', 11);
    
    INSERT INTO public.recurso(id, tipo, enlace, vocablo_id)
      VALUES (966, 'image', '/assets/images/atletismo.png', 483);

    INSERT INTO public.recurso(id, tipo, enlace, vocablo_id)
      VALUES (967, 'video', '', 483);
    
    INSERT INTO public.vocablo(id, palabra, tema_id)
      VALUES (484, 'Baloncesto', 11);
    
    INSERT INTO public.recurso(id, tipo, enlace, vocablo_id)
      VALUES (968, 'image', '/assets/images/baloncesto.png', 484);

    INSERT INTO public.recurso(id, tipo, enlace, vocablo_id)
      VALUES (969, 'video', '', 484);
    
    INSERT INTO public.vocablo(id, palabra, tema_id)
      VALUES (485, 'Voliebol', 11);
    
    INSERT INTO public.recurso(id, tipo, enlace, vocablo_id)
      VALUES (970, 'image', '/assets/images/voliebol.png', 485);

    INSERT INTO public.recurso(id, tipo, enlace, vocablo_id)
      VALUES (971, 'video', '', 485);
    
    INSERT INTO public.vocablo(id, palabra, tema_id)
      VALUES (486, 'Ciclismo', 11);
    
    INSERT INTO public.recurso(id, tipo, enlace, vocablo_id)
      VALUES (972, 'image', '/assets/images/ciclismo.png', 486);

    INSERT INTO public.recurso(id, tipo, enlace, vocablo_id)
      VALUES (973, 'video', '', 486);
    
    INSERT INTO public.vocablo(id, palabra, tema_id)
      VALUES (487, 'Museo', 12);
    
    INSERT INTO public.recurso(id, tipo, enlace, vocablo_id)
      VALUES (974, 'image', '/assets/images/museo.png', 487);

    INSERT INTO public.recurso(id, tipo, enlace, vocablo_id)
      VALUES (975, 'video', '', 487);
    
    INSERT INTO public.vocablo(id, palabra, tema_id)
      VALUES (488, 'Edificio', 12);
    
    INSERT INTO public.recurso(id, tipo, enlace, vocablo_id)
      VALUES (976, 'image', '/assets/images/edificio.png', 488);

    INSERT INTO public.recurso(id, tipo, enlace, vocablo_id)
      VALUES (977, 'video', '', 488);
    
    INSERT INTO public.vocablo(id, palabra, tema_id)
      VALUES (489, 'Pasillo', 12);
    
    INSERT INTO public.recurso(id, tipo, enlace, vocablo_id)
      VALUES (978, 'image', '/assets/images/pasillo.png', 489);

    INSERT INTO public.recurso(id, tipo, enlace, vocablo_id)
      VALUES (979, 'video', '', 489);
    
    INSERT INTO public.vocablo(id, palabra, tema_id)
      VALUES (490, 'Gradas', 12);
    
    INSERT INTO public.recurso(id, tipo, enlace, vocablo_id)
      VALUES (980, 'image', '/assets/images/gradas.png', 490);

    INSERT INTO public.recurso(id, tipo, enlace, vocablo_id)
      VALUES (981, 'video', '', 490);
    
    INSERT INTO public.vocablo(id, palabra, tema_id)
      VALUES (491, 'Estacionamiento', 12);
    
    INSERT INTO public.recurso(id, tipo, enlace, vocablo_id)
      VALUES (982, 'image', '/assets/images/estacionamiento.png', 491);

    INSERT INTO public.recurso(id, tipo, enlace, vocablo_id)
      VALUES (983, 'video', '', 491);
    
    INSERT INTO public.vocablo(id, palabra, tema_id)
      VALUES (492, 'Vivienda', 12);
    
    INSERT INTO public.recurso(id, tipo, enlace, vocablo_id)
      VALUES (984, 'image', '/assets/images/vivienda.png', 492);

    INSERT INTO public.recurso(id, tipo, enlace, vocablo_id)
      VALUES (985, 'video', '', 492);
    
    INSERT INTO public.vocablo(id, palabra, tema_id)
      VALUES (493, 'Choza', 12);
    
    INSERT INTO public.recurso(id, tipo, enlace, vocablo_id)
      VALUES (986, 'image', '/assets/images/choza.png', 493);

    INSERT INTO public.recurso(id, tipo, enlace, vocablo_id)
      VALUES (987, 'video', '', 493);
    
    INSERT INTO public.vocablo(id, palabra, tema_id)
      VALUES (494, 'Shabono', 12);
    
    INSERT INTO public.recurso(id, tipo, enlace, vocablo_id)
      VALUES (988, 'image', '/assets/images/shabono.png', 494);

    INSERT INTO public.recurso(id, tipo, enlace, vocablo_id)
      VALUES (989, 'video', '', 494);
    
    INSERT INTO public.vocablo(id, palabra, tema_id)
      VALUES (495, 'Los Aleros', 13);
    
    INSERT INTO public.recurso(id, tipo, enlace, vocablo_id)
      VALUES (990, 'image', '/assets/images/los-aleros.png', 495);

    INSERT INTO public.recurso(id, tipo, enlace, vocablo_id)
      VALUES (991, 'video', '', 495);
    
    INSERT INTO public.vocablo(id, palabra, tema_id)
      VALUES (496, 'La Culáta', 13);
    
    INSERT INTO public.recurso(id, tipo, enlace, vocablo_id)
      VALUES (992, 'image', '/assets/images/la-culata.png', 496);

    INSERT INTO public.recurso(id, tipo, enlace, vocablo_id)
      VALUES (993, 'video', '', 496);
    
    INSERT INTO public.vocablo(id, palabra, tema_id)
      VALUES (497, 'Páramo', 13);
    
    INSERT INTO public.recurso(id, tipo, enlace, vocablo_id)
      VALUES (994, 'image', '/assets/images/paramo.png', 497);

    INSERT INTO public.recurso(id, tipo, enlace, vocablo_id)
      VALUES (995, 'video', '', 497);
    
    INSERT INTO public.vocablo(id, palabra, tema_id)
      VALUES (498, 'Venezuela de Antier', 13);
    
    INSERT INTO public.recurso(id, tipo, enlace, vocablo_id)
      VALUES (996, 'image', '/assets/images/venezuela-de-antier.png', 498);

    INSERT INTO public.recurso(id, tipo, enlace, vocablo_id)
      VALUES (997, 'video', '', 498);
    
    INSERT INTO public.vocablo(id, palabra, tema_id)
      VALUES (499, 'Ferry', 14);
    
    INSERT INTO public.recurso(id, tipo, enlace, vocablo_id)
      VALUES (998, 'image', '/assets/images/ferry.png', 499);

    INSERT INTO public.recurso(id, tipo, enlace, vocablo_id)
      VALUES (999, 'video', '', 499);
    
    INSERT INTO public.vocablo(id, palabra, tema_id)
      VALUES (500, 'Submarino', 14);
    
    INSERT INTO public.recurso(id, tipo, enlace, vocablo_id)
      VALUES (1000, 'image', '/assets/images/submarino.png', 500);

    INSERT INTO public.recurso(id, tipo, enlace, vocablo_id)
      VALUES (1001, 'video', '', 500);
    
    INSERT INTO public.vocablo(id, palabra, tema_id)
      VALUES (501, 'Teleférico', 14);
    
    INSERT INTO public.recurso(id, tipo, enlace, vocablo_id)
      VALUES (1002, 'image', '/assets/images/teleferico.png', 501);

    INSERT INTO public.recurso(id, tipo, enlace, vocablo_id)
      VALUES (1003, 'video', '', 501);
    
    INSERT INTO public.vocablo(id, palabra, tema_id)
      VALUES (502, 'Aspiradora', 21);
    
    INSERT INTO public.recurso(id, tipo, enlace, vocablo_id)
      VALUES (1004, 'image', '/assets/images/aspiradora.png', 502);

    INSERT INTO public.recurso(id, tipo, enlace, vocablo_id)
      VALUES (1005, 'video', '', 502);
    
    INSERT INTO public.vocablo(id, palabra, tema_id)
      VALUES (503, 'Pulidora', 21);
    
    INSERT INTO public.recurso(id, tipo, enlace, vocablo_id)
      VALUES (1006, 'image', '/assets/images/pulidora.png', 503);

    INSERT INTO public.recurso(id, tipo, enlace, vocablo_id)
      VALUES (1007, 'video', '', 503);
    
    INSERT INTO public.vocablo(id, palabra, tema_id)
      VALUES (504, 'Tablet', 21);
    
    INSERT INTO public.recurso(id, tipo, enlace, vocablo_id)
      VALUES (1008, 'image', '/assets/images/tablet.png', 504);

    INSERT INTO public.recurso(id, tipo, enlace, vocablo_id)
      VALUES (1009, 'video', '', 504);
    
    INSERT INTO public.vocablo(id, palabra, tema_id)
      VALUES (505, 'Laptop', 21);
    
    INSERT INTO public.recurso(id, tipo, enlace, vocablo_id)
      VALUES (1010, 'image', '/assets/images/laptop.png', 505);

    INSERT INTO public.recurso(id, tipo, enlace, vocablo_id)
      VALUES (1011, 'video', '', 505);
    
    INSERT INTO public.vocablo(id, palabra, tema_id)
      VALUES (506, 'Arquitecto', 22);
    
    INSERT INTO public.recurso(id, tipo, enlace, vocablo_id)
      VALUES (1012, 'image', '/assets/images/arquitecto.png', 506);

    INSERT INTO public.recurso(id, tipo, enlace, vocablo_id)
      VALUES (1013, 'video', '', 506);
    
    INSERT INTO public.vocablo(id, palabra, tema_id)
      VALUES (507, 'Ingeniero', 22);
    
    INSERT INTO public.recurso(id, tipo, enlace, vocablo_id)
      VALUES (1014, 'image', '/assets/images/ingeniero.png', 507);

    INSERT INTO public.recurso(id, tipo, enlace, vocablo_id)
      VALUES (1015, 'video', '', 507);
    
    INSERT INTO public.vocablo(id, palabra, tema_id)
      VALUES (508, 'Abogado', 22);
    
    INSERT INTO public.recurso(id, tipo, enlace, vocablo_id)
      VALUES (1016, 'image', '/assets/images/abogado.png', 508);

    INSERT INTO public.recurso(id, tipo, enlace, vocablo_id)
      VALUES (1017, 'video', '', 508);
    
    INSERT INTO public.vocablo(id, palabra, tema_id)
      VALUES (509, 'Labios', 23);
    
    INSERT INTO public.recurso(id, tipo, enlace, vocablo_id)
      VALUES (1018, 'image', '/assets/images/labios.png', 509);

    INSERT INTO public.recurso(id, tipo, enlace, vocablo_id)
      VALUES (1019, 'video', '', 509);
    
    INSERT INTO public.vocablo(id, palabra, tema_id)
      VALUES (510, 'Tronco', 23);
    
    INSERT INTO public.recurso(id, tipo, enlace, vocablo_id)
      VALUES (1020, 'image', '/assets/images/tronco.png', 510);

    INSERT INTO public.recurso(id, tipo, enlace, vocablo_id)
      VALUES (1021, 'video', '', 510);
    
    INSERT INTO public.vocablo(id, palabra, tema_id)
      VALUES (511, 'Tobillo', 23);
    
    INSERT INTO public.recurso(id, tipo, enlace, vocablo_id)
      VALUES (1022, 'image', '/assets/images/tobillo.png', 511);

    INSERT INTO public.recurso(id, tipo, enlace, vocablo_id)
      VALUES (1023, 'video', '', 511);
    
    INSERT INTO public.vocablo(id, palabra, tema_id)
      VALUES (512, 'Mejilla', 23);
    
    INSERT INTO public.recurso(id, tipo, enlace, vocablo_id)
      VALUES (1024, 'image', '/assets/images/mejilla.png', 512);

    INSERT INTO public.recurso(id, tipo, enlace, vocablo_id)
      VALUES (1025, 'video', '', 512);
    
    INSERT INTO public.vocablo(id, palabra, tema_id)
      VALUES (513, 'Parpados', 23);
    
    INSERT INTO public.recurso(id, tipo, enlace, vocablo_id)
      VALUES (1026, 'image', '/assets/images/parpados.png', 513);

    INSERT INTO public.recurso(id, tipo, enlace, vocablo_id)
      VALUES (1027, 'video', '', 513);
    
    INSERT INTO public.vocablo(id, palabra, tema_id)
      VALUES (514, 'Axila', 23);
    
    INSERT INTO public.recurso(id, tipo, enlace, vocablo_id)
      VALUES (1028, 'image', '/assets/images/axila.png', 514);

    INSERT INTO public.recurso(id, tipo, enlace, vocablo_id)
      VALUES (1029, 'video', '', 514);
    
    INSERT INTO public.vocablo(id, palabra, tema_id)
      VALUES (515, 'Pulmón', 23);
    
    INSERT INTO public.recurso(id, tipo, enlace, vocablo_id)
      VALUES (1030, 'image', '/assets/images/pulmon.png', 515);

    INSERT INTO public.recurso(id, tipo, enlace, vocablo_id)
      VALUES (1031, 'video', '', 515);
    
    INSERT INTO public.vocablo(id, palabra, tema_id)
      VALUES (516, 'Riñón', 23);
    
    INSERT INTO public.recurso(id, tipo, enlace, vocablo_id)
      VALUES (1032, 'image', '/assets/images/rinon.png', 516);

    INSERT INTO public.recurso(id, tipo, enlace, vocablo_id)
      VALUES (1033, 'video', '', 516);
    
    INSERT INTO public.vocablo(id, palabra, tema_id)
      VALUES (517, 'Estomago', 23);
    
    INSERT INTO public.recurso(id, tipo, enlace, vocablo_id)
      VALUES (1034, 'image', '/assets/images/estomago.png', 517);

    INSERT INTO public.recurso(id, tipo, enlace, vocablo_id)
      VALUES (1035, 'video', '', 517);
    
    INSERT INTO public.vocablo(id, palabra, tema_id)
      VALUES (518, 'Intestino', 23);
    
    INSERT INTO public.recurso(id, tipo, enlace, vocablo_id)
      VALUES (1036, 'image', '/assets/images/intestino.png', 518);

    INSERT INTO public.recurso(id, tipo, enlace, vocablo_id)
      VALUES (1037, 'video', '', 518);
    
    INSERT INTO public.vocablo(id, palabra, tema_id)
      VALUES (519, 'Muela', 23);
    
    INSERT INTO public.recurso(id, tipo, enlace, vocablo_id)
      VALUES (1038, 'image', '/assets/images/muela.png', 519);

    INSERT INTO public.recurso(id, tipo, enlace, vocablo_id)
      VALUES (1039, 'video', '', 519);
    
    INSERT INTO public.vocablo(id, palabra, tema_id)
      VALUES (520, 'Vagina', 23);
    
    INSERT INTO public.recurso(id, tipo, enlace, vocablo_id)
      VALUES (1040, 'image', '/assets/images/vagina.png', 520);

    INSERT INTO public.recurso(id, tipo, enlace, vocablo_id)
      VALUES (1041, 'video', '', 520);
    
    INSERT INTO public.vocablo(id, palabra, tema_id)
      VALUES (521, 'Testiculos', 23);
    
    INSERT INTO public.recurso(id, tipo, enlace, vocablo_id)
      VALUES (1042, 'image', '/assets/images/testiculos.png', 521);

    INSERT INTO public.recurso(id, tipo, enlace, vocablo_id)
      VALUES (1043, 'video', '', 521);
    
    INSERT INTO public.vocablo(id, palabra, tema_id)
      VALUES (522, 'Guaicaipuro', 24);
    
    INSERT INTO public.recurso(id, tipo, enlace, vocablo_id)
      VALUES (1044, 'image', '/assets/images/guaicaipuro.png', 522);

    INSERT INTO public.recurso(id, tipo, enlace, vocablo_id)
      VALUES (1045, 'video', '', 522);
    
    INSERT INTO public.vocablo(id, palabra, tema_id)
      VALUES (523, 'Manuelita Saénz', 24);
    
    INSERT INTO public.recurso(id, tipo, enlace, vocablo_id)
      VALUES (1046, 'image', '/assets/images/manuelita-saenz.png', 523);

    INSERT INTO public.recurso(id, tipo, enlace, vocablo_id)
      VALUES (1047, 'video', '', 523);
    
    INSERT INTO public.vocablo(id, palabra, tema_id)
      VALUES (524, 'Negra Hipolita', 24);
    
    INSERT INTO public.recurso(id, tipo, enlace, vocablo_id)
      VALUES (1048, 'image', '/assets/images/negra-hipolita.png', 524);

    INSERT INTO public.recurso(id, tipo, enlace, vocablo_id)
      VALUES (1049, 'video', '', 524);
    
    INSERT INTO public.vocablo(id, palabra, tema_id)
      VALUES (525, 'Luisa Caceres de Arismendi', 24);
    
    INSERT INTO public.recurso(id, tipo, enlace, vocablo_id)
      VALUES (1050, 'image', '/assets/images/luisa-caceres-de-arismendi.png', 525);

    INSERT INTO public.recurso(id, tipo, enlace, vocablo_id)
      VALUES (1051, 'video', '', 525);
    
    INSERT INTO public.vocablo(id, palabra, tema_id)
      VALUES (526, 'Ana María Campos', 24);
    
    INSERT INTO public.recurso(id, tipo, enlace, vocablo_id)
      VALUES (1052, 'image', '/assets/images/ana-maria-campos.png', 526);

    INSERT INTO public.recurso(id, tipo, enlace, vocablo_id)
      VALUES (1053, 'video', '', 526);
    
    INSERT INTO public.vocablo(id, palabra, tema_id)
      VALUES (527, 'Mono deportivo', 26);
    
    INSERT INTO public.recurso(id, tipo, enlace, vocablo_id)
      VALUES (1054, 'image', '/assets/images/mono-deportivo.png', 527);

    INSERT INTO public.recurso(id, tipo, enlace, vocablo_id)
      VALUES (1055, 'video', '', 527);
    
    INSERT INTO public.vocablo(id, palabra, tema_id)
      VALUES (528, 'Chaqueta', 26);
    
    INSERT INTO public.recurso(id, tipo, enlace, vocablo_id)
      VALUES (1056, 'image', '/assets/images/chaqueta.png', 528);

    INSERT INTO public.recurso(id, tipo, enlace, vocablo_id)
      VALUES (1057, 'video', '', 528);
    
    INSERT INTO public.vocablo(id, palabra, tema_id)
      VALUES (529, 'Franelilla', 26);
    
    INSERT INTO public.recurso(id, tipo, enlace, vocablo_id)
      VALUES (1058, 'image', '/assets/images/franelilla.png', 529);

    INSERT INTO public.recurso(id, tipo, enlace, vocablo_id)
      VALUES (1059, 'video', '', 529);
    
    INSERT INTO public.vocablo(id, palabra, tema_id)
      VALUES (530, 'Bufanda', 26);
    
    INSERT INTO public.recurso(id, tipo, enlace, vocablo_id)
      VALUES (1060, 'image', '/assets/images/bufanda.png', 530);

    INSERT INTO public.recurso(id, tipo, enlace, vocablo_id)
      VALUES (1061, 'video', '', 530);
    
    INSERT INTO public.vocablo(id, palabra, tema_id)
      VALUES (531, 'Blusa', 26);
    
    INSERT INTO public.recurso(id, tipo, enlace, vocablo_id)
      VALUES (1062, 'image', '/assets/images/blusa.png', 531);

    INSERT INTO public.recurso(id, tipo, enlace, vocablo_id)
      VALUES (1063, 'video', '', 531);
    
    INSERT INTO public.vocablo(id, palabra, tema_id)
      VALUES (532, 'Erupción', 28);
    
    INSERT INTO public.recurso(id, tipo, enlace, vocablo_id)
      VALUES (1064, 'image', '/assets/images/erupcion.png', 532);

    INSERT INTO public.recurso(id, tipo, enlace, vocablo_id)
      VALUES (1065, 'video', '', 532);
    
    INSERT INTO public.vocablo(id, palabra, tema_id)
      VALUES (533, 'Ardor', 28);
    
    INSERT INTO public.recurso(id, tipo, enlace, vocablo_id)
      VALUES (1066, 'image', '/assets/images/ardor.png', 533);

    INSERT INTO public.recurso(id, tipo, enlace, vocablo_id)
      VALUES (1067, 'video', '', 533);
    
    INSERT INTO public.vocablo(id, palabra, tema_id)
      VALUES (534, 'Absceso', 28);
    
    INSERT INTO public.recurso(id, tipo, enlace, vocablo_id)
      VALUES (1068, 'image', '/assets/images/absceso.png', 534);

    INSERT INTO public.recurso(id, tipo, enlace, vocablo_id)
      VALUES (1069, 'video', '', 534);
    
    INSERT INTO public.vocablo(id, palabra, tema_id)
      VALUES (535, 'Cólico', 28);
    
    INSERT INTO public.recurso(id, tipo, enlace, vocablo_id)
      VALUES (1070, 'image', '/assets/images/colico.png', 535);

    INSERT INTO public.recurso(id, tipo, enlace, vocablo_id)
      VALUES (1071, 'video', '', 535);
    
    INSERT INTO public.vocablo(id, palabra, tema_id)
      VALUES (536, 'Diccionario', 30);
    
    INSERT INTO public.recurso(id, tipo, enlace, vocablo_id)
      VALUES (1072, 'image', '/assets/images/diccionario.png', 536);

    INSERT INTO public.recurso(id, tipo, enlace, vocablo_id)
      VALUES (1073, 'video', '', 536);
    
    INSERT INTO public.vocablo(id, palabra, tema_id)
      VALUES (537, 'Atlas', 30);
    
    INSERT INTO public.recurso(id, tipo, enlace, vocablo_id)
      VALUES (1074, 'image', '/assets/images/atlas.png', 537);

    INSERT INTO public.recurso(id, tipo, enlace, vocablo_id)
      VALUES (1075, 'video', '', 537);
    
    INSERT INTO public.vocablo(id, palabra, tema_id)
      VALUES (538, 'Enciclopedia', 30);
    
    INSERT INTO public.recurso(id, tipo, enlace, vocablo_id)
      VALUES (1076, 'image', '/assets/images/enciclopedia.png', 538);

    INSERT INTO public.recurso(id, tipo, enlace, vocablo_id)
      VALUES (1077, 'video', '', 538);
    
    INSERT INTO public.vocablo(id, palabra, tema_id)
      VALUES (539, 'Revistas', 30);
    
    INSERT INTO public.recurso(id, tipo, enlace, vocablo_id)
      VALUES (1078, 'image', '/assets/images/revistas.png', 539);

    INSERT INTO public.recurso(id, tipo, enlace, vocablo_id)
      VALUES (1079, 'video', '', 539);
    
    INSERT INTO public.vocablo(id, palabra, tema_id)
      VALUES (540, 'Folletos', 30);
    
    INSERT INTO public.recurso(id, tipo, enlace, vocablo_id)
      VALUES (1080, 'image', '/assets/images/folletos.png', 540);

    INSERT INTO public.recurso(id, tipo, enlace, vocablo_id)
      VALUES (1081, 'video', '', 540);
    
    INSERT INTO public.vocablo(id, palabra, tema_id)
      VALUES (541, 'Escuadras', 30);
    
    INSERT INTO public.recurso(id, tipo, enlace, vocablo_id)
      VALUES (1082, 'image', '/assets/images/escuadras.png', 541);

    INSERT INTO public.recurso(id, tipo, enlace, vocablo_id)
      VALUES (1083, 'video', '', 541);
    
    INSERT INTO public.vocablo(id, palabra, tema_id)
      VALUES (542, 'Silicón', 30);
    
    INSERT INTO public.recurso(id, tipo, enlace, vocablo_id)
      VALUES (1084, 'image', '/assets/images/silicon.png', 542);

    INSERT INTO public.recurso(id, tipo, enlace, vocablo_id)
      VALUES (1085, 'video', '', 542);
    
    INSERT INTO public.vocablo(id, palabra, tema_id)
      VALUES (543, 'Block', 30);
    
    INSERT INTO public.recurso(id, tipo, enlace, vocablo_id)
      VALUES (1086, 'image', '/assets/images/block.png', 543);

    INSERT INTO public.recurso(id, tipo, enlace, vocablo_id)
      VALUES (1087, 'video', '', 543);
    
    INSERT INTO public.vocablo(id, palabra, tema_id)
      VALUES (544, 'Hoja de Examen', 30);
    
    INSERT INTO public.recurso(id, tipo, enlace, vocablo_id)
      VALUES (1088, 'image', '/assets/images/hoja-de-examen.png', 544);

    INSERT INTO public.recurso(id, tipo, enlace, vocablo_id)
      VALUES (1089, 'video', '', 544);
    
    INSERT INTO public.vocablo(id, palabra, tema_id)
      VALUES (545, 'Cilantro', 31);
    
    INSERT INTO public.recurso(id, tipo, enlace, vocablo_id)
      VALUES (1090, 'image', '/assets/images/cilantro.png', 545);

    INSERT INTO public.recurso(id, tipo, enlace, vocablo_id)
      VALUES (1091, 'video', '', 545);
    
    INSERT INTO public.vocablo(id, palabra, tema_id)
      VALUES (546, 'Yuca', 31);
    
    INSERT INTO public.recurso(id, tipo, enlace, vocablo_id)
      VALUES (1092, 'image', '/assets/images/yuca.png', 546);

    INSERT INTO public.recurso(id, tipo, enlace, vocablo_id)
      VALUES (1093, 'video', '', 546);
    
    INSERT INTO public.vocablo(id, palabra, tema_id)
      VALUES (547, 'Maíz', 31);
    
    INSERT INTO public.recurso(id, tipo, enlace, vocablo_id)
      VALUES (1094, 'image', '/assets/images/maiz.png', 547);

    INSERT INTO public.recurso(id, tipo, enlace, vocablo_id)
      VALUES (1095, 'video', '', 547);
    
    INSERT INTO public.vocablo(id, palabra, tema_id)
      VALUES (548, 'Trigo', 31);
    
    INSERT INTO public.recurso(id, tipo, enlace, vocablo_id)
      VALUES (1096, 'image', '/assets/images/trigo.png', 548);

    INSERT INTO public.recurso(id, tipo, enlace, vocablo_id)
      VALUES (1097, 'video', '', 548);
    
    INSERT INTO public.vocablo(id, palabra, tema_id)
      VALUES (549, 'Perejil', 31);
    
    INSERT INTO public.recurso(id, tipo, enlace, vocablo_id)
      VALUES (1098, 'image', '/assets/images/perejil.png', 549);

    INSERT INTO public.recurso(id, tipo, enlace, vocablo_id)
      VALUES (1099, 'video', '', 549);
    
    INSERT INTO public.vocablo(id, palabra, tema_id)
      VALUES (550, 'Calabacín', 31);
    
    INSERT INTO public.recurso(id, tipo, enlace, vocablo_id)
      VALUES (1100, 'image', '/assets/images/calabacin.png', 550);

    INSERT INTO public.recurso(id, tipo, enlace, vocablo_id)
      VALUES (1101, 'video', '', 550);
    
    INSERT INTO public.vocablo(id, palabra, tema_id)
      VALUES (551, 'Pepino', 31);
    
    INSERT INTO public.recurso(id, tipo, enlace, vocablo_id)
      VALUES (1102, 'image', '/assets/images/pepino.png', 551);

    INSERT INTO public.recurso(id, tipo, enlace, vocablo_id)
      VALUES (1103, 'video', '', 551);
    
    INSERT INTO public.vocablo(id, palabra, tema_id)
      VALUES (552, 'Brocoli', 31);
    
    INSERT INTO public.recurso(id, tipo, enlace, vocablo_id)
      VALUES (1104, 'image', '/assets/images/brocoli.png', 552);

    INSERT INTO public.recurso(id, tipo, enlace, vocablo_id)
      VALUES (1105, 'video', '', 552);
    
    INSERT INTO public.vocablo(id, palabra, tema_id)
      VALUES (553, 'Coliflor', 31);
    
    INSERT INTO public.recurso(id, tipo, enlace, vocablo_id)
      VALUES (1106, 'image', '/assets/images/coliflor.png', 553);

    INSERT INTO public.recurso(id, tipo, enlace, vocablo_id)
      VALUES (1107, 'video', '', 553);
    
    INSERT INTO public.vocablo(id, palabra, tema_id)
      VALUES (554, 'Apio España', 31);
    
    INSERT INTO public.recurso(id, tipo, enlace, vocablo_id)
      VALUES (1108, 'image', '/assets/images/apio-espana.png', 554);

    INSERT INTO public.recurso(id, tipo, enlace, vocablo_id)
      VALUES (1109, 'video', '', 554);
    
    INSERT INTO public.vocablo(id, palabra, tema_id)
      VALUES (555, 'Berenjena', 31);
    
    INSERT INTO public.recurso(id, tipo, enlace, vocablo_id)
      VALUES (1110, 'image', '/assets/images/berenjena.png', 555);

    INSERT INTO public.recurso(id, tipo, enlace, vocablo_id)
      VALUES (1111, 'video', '', 555);
    
    INSERT INTO public.vocablo(id, palabra, tema_id)
      VALUES (556, 'Bucare', 2);
    
    INSERT INTO public.recurso(id, tipo, enlace, vocablo_id)
      VALUES (1112, 'image', '/assets/images/bucare.png', 556);

    INSERT INTO public.recurso(id, tipo, enlace, vocablo_id)
      VALUES (1113, 'video', '', 556);
    
    INSERT INTO public.vocablo(id, palabra, tema_id)
      VALUES (557, 'Coloradito', 2);
    
    INSERT INTO public.recurso(id, tipo, enlace, vocablo_id)
      VALUES (1114, 'image', '/assets/images/coloradito.png', 557);

    INSERT INTO public.recurso(id, tipo, enlace, vocablo_id)
      VALUES (1115, 'video', '', 557);
    
    INSERT INTO public.vocablo(id, palabra, tema_id)
      VALUES (558, 'Saman', 2);
    
    INSERT INTO public.recurso(id, tipo, enlace, vocablo_id)
      VALUES (1116, 'image', '/assets/images/saman.png', 558);

    INSERT INTO public.recurso(id, tipo, enlace, vocablo_id)
      VALUES (1117, 'video', '', 558);
    
    INSERT INTO public.vocablo(id, palabra, tema_id)
      VALUES (559, 'Arvejas', 0);
    
    INSERT INTO public.recurso(id, tipo, enlace, vocablo_id)
      VALUES (1118, 'image', '/assets/images/arvejas.png', 559);

    INSERT INTO public.recurso(id, tipo, enlace, vocablo_id)
      VALUES (1119, 'video', '', 559);
    
    INSERT INTO public.vocablo(id, palabra, tema_id)
      VALUES (560, 'Frijoles', 0);
    
    INSERT INTO public.recurso(id, tipo, enlace, vocablo_id)
      VALUES (1120, 'image', '/assets/images/frijoles.png', 560);

    INSERT INTO public.recurso(id, tipo, enlace, vocablo_id)
      VALUES (1121, 'video', '', 560);
    
    INSERT INTO public.vocablo(id, palabra, tema_id)
      VALUES (561, 'Hallacas', 0);
    
    INSERT INTO public.recurso(id, tipo, enlace, vocablo_id)
      VALUES (1122, 'image', '/assets/images/hallacas.png', 561);

    INSERT INTO public.recurso(id, tipo, enlace, vocablo_id)
      VALUES (1123, 'video', '', 561);
    
    INSERT INTO public.vocablo(id, palabra, tema_id)
      VALUES (562, 'Cardenal', 1);
    
    INSERT INTO public.recurso(id, tipo, enlace, vocablo_id)
      VALUES (1124, 'image', '/assets/images/cardenal.png', 562);

    INSERT INTO public.recurso(id, tipo, enlace, vocablo_id)
      VALUES (1125, 'video', '', 562);
    
    INSERT INTO public.vocablo(id, palabra, tema_id)
      VALUES (563, 'Cascabel', 1);
    
    INSERT INTO public.recurso(id, tipo, enlace, vocablo_id)
      VALUES (1126, 'image', '/assets/images/cascabel.png', 563);

    INSERT INTO public.recurso(id, tipo, enlace, vocablo_id)
      VALUES (1127, 'video', '', 563);
    
    INSERT INTO public.vocablo(id, palabra, tema_id)
      VALUES (564, 'Coral', 1);
    
    INSERT INTO public.recurso(id, tipo, enlace, vocablo_id)
      VALUES (1128, 'image', '/assets/images/coral.png', 564);

    INSERT INTO public.recurso(id, tipo, enlace, vocablo_id)
      VALUES (1129, 'video', '', 564);
    
    INSERT INTO public.vocablo(id, palabra, tema_id)
      VALUES (565, 'Culebra', 1);
    
    INSERT INTO public.recurso(id, tipo, enlace, vocablo_id)
      VALUES (1130, 'image', '/assets/images/culebra.png', 565);

    INSERT INTO public.recurso(id, tipo, enlace, vocablo_id)
      VALUES (1131, 'video', '', 565);
    
    INSERT INTO public.vocablo(id, palabra, tema_id)
      VALUES (566, 'Gavilan', 1);
    
    INSERT INTO public.recurso(id, tipo, enlace, vocablo_id)
      VALUES (1132, 'image', '/assets/images/gavilan.png', 566);

    INSERT INTO public.recurso(id, tipo, enlace, vocablo_id)
      VALUES (1133, 'video', '', 566);
    
    INSERT INTO public.vocablo(id, palabra, tema_id)
      VALUES (567, 'Gaviota', 1);
    
    INSERT INTO public.recurso(id, tipo, enlace, vocablo_id)
      VALUES (1134, 'image', '/assets/images/gaviota.png', 567);

    INSERT INTO public.recurso(id, tipo, enlace, vocablo_id)
      VALUES (1135, 'video', '', 567);
    
    INSERT INTO public.vocablo(id, palabra, tema_id)
      VALUES (568, 'Guacamaya', 1);
    
    INSERT INTO public.recurso(id, tipo, enlace, vocablo_id)
      VALUES (1136, 'image', '/assets/images/guacamaya.png', 568);

    INSERT INTO public.recurso(id, tipo, enlace, vocablo_id)
      VALUES (1137, 'video', '', 568);
    
    INSERT INTO public.vocablo(id, palabra, tema_id)
      VALUES (569, 'Mapanare', 1);
    
    INSERT INTO public.recurso(id, tipo, enlace, vocablo_id)
      VALUES (1138, 'image', '/assets/images/mapanare.png', 569);

    INSERT INTO public.recurso(id, tipo, enlace, vocablo_id)
      VALUES (1139, 'video', '', 569);
    
    INSERT INTO public.vocablo(id, palabra, tema_id)
      VALUES (570, 'Pavo real', 1);
    
    INSERT INTO public.recurso(id, tipo, enlace, vocablo_id)
      VALUES (1140, 'image', '/assets/images/pavo-real.png', 570);

    INSERT INTO public.recurso(id, tipo, enlace, vocablo_id)
      VALUES (1141, 'video', '', 570);
    
    INSERT INTO public.vocablo(id, palabra, tema_id)
      VALUES (571, 'Perico', 1);
    
    INSERT INTO public.recurso(id, tipo, enlace, vocablo_id)
      VALUES (1142, 'image', '/assets/images/perico.png', 571);

    INSERT INTO public.recurso(id, tipo, enlace, vocablo_id)
      VALUES (1143, 'video', '', 571);
    
    INSERT INTO public.vocablo(id, palabra, tema_id)
      VALUES (572, 'Zamuro', 1);
    
    INSERT INTO public.recurso(id, tipo, enlace, vocablo_id)
      VALUES (1144, 'image', '/assets/images/zamuro.png', 572);

    INSERT INTO public.recurso(id, tipo, enlace, vocablo_id)
      VALUES (1145, 'video', '', 572);
    
    INSERT INTO public.vocablo(id, palabra, tema_id)
      VALUES (573, 'Crema dental', 3);
    
    INSERT INTO public.recurso(id, tipo, enlace, vocablo_id)
      VALUES (1146, 'image', '/assets/images/crema-dental.png', 573);

    INSERT INTO public.recurso(id, tipo, enlace, vocablo_id)
      VALUES (1147, 'video', '', 573);
    
    INSERT INTO public.vocablo(id, palabra, tema_id)
      VALUES (574, 'Desodorante', 3);
    
    INSERT INTO public.recurso(id, tipo, enlace, vocablo_id)
      VALUES (1148, 'image', '/assets/images/desodorante.png', 574);

    INSERT INTO public.recurso(id, tipo, enlace, vocablo_id)
      VALUES (1149, 'video', '', 574);
    
    INSERT INTO public.vocablo(id, palabra, tema_id)
      VALUES (575, 'Enjuague', 3);
    
    INSERT INTO public.recurso(id, tipo, enlace, vocablo_id)
      VALUES (1150, 'image', '/assets/images/enjuague.png', 575);

    INSERT INTO public.recurso(id, tipo, enlace, vocablo_id)
      VALUES (1151, 'video', '', 575);
    
    INSERT INTO public.vocablo(id, palabra, tema_id)
      VALUES (576, 'Talco', 3);
    
    INSERT INTO public.recurso(id, tipo, enlace, vocablo_id)
      VALUES (1152, 'image', '/assets/images/talco.png', 576);

    INSERT INTO public.recurso(id, tipo, enlace, vocablo_id)
      VALUES (1153, 'video', '', 576);
    
    INSERT INTO public.vocablo(id, palabra, tema_id)
      VALUES (577, 'Toalla sanitaria', 3);
    
    INSERT INTO public.recurso(id, tipo, enlace, vocablo_id)
      VALUES (1154, 'image', '/assets/images/toalla-sanitaria.png', 577);

    INSERT INTO public.recurso(id, tipo, enlace, vocablo_id)
      VALUES (1155, 'video', '', 577);
    
    INSERT INTO public.vocablo(id, palabra, tema_id)
      VALUES (578, 'Purpura', 4);
    
    INSERT INTO public.recurso(id, tipo, enlace, vocablo_id)
      VALUES (1156, 'image', '/assets/images/purpura.png', 578);

    INSERT INTO public.recurso(id, tipo, enlace, vocablo_id)
      VALUES (1157, 'video', '', 578);
    
    INSERT INTO public.vocablo(id, palabra, tema_id)
      VALUES (579, 'Chocolate', 6);
    
    INSERT INTO public.recurso(id, tipo, enlace, vocablo_id)
      VALUES (1158, 'image', '/assets/images/chocolate.png', 579);

    INSERT INTO public.recurso(id, tipo, enlace, vocablo_id)
      VALUES (1159, 'video', '', 579);
    
    INSERT INTO public.vocablo(id, palabra, tema_id)
      VALUES (580, 'Cotufa', 6);
    
    INSERT INTO public.recurso(id, tipo, enlace, vocablo_id)
      VALUES (1160, 'image', '/assets/images/cotufa.png', 580);

    INSERT INTO public.recurso(id, tipo, enlace, vocablo_id)
      VALUES (1161, 'video', '', 580);
    
    INSERT INTO public.vocablo(id, palabra, tema_id)
      VALUES (581, 'Malta', 6);
    
    INSERT INTO public.recurso(id, tipo, enlace, vocablo_id)
      VALUES (1162, 'image', '/assets/images/malta.png', 581);

    INSERT INTO public.recurso(id, tipo, enlace, vocablo_id)
      VALUES (1163, 'video', '', 581);
    
    INSERT INTO public.vocablo(id, palabra, tema_id)
      VALUES (582, 'Pepito', 6);
    
    INSERT INTO public.recurso(id, tipo, enlace, vocablo_id)
      VALUES (1164, 'image', '/assets/images/pepito.png', 582);

    INSERT INTO public.recurso(id, tipo, enlace, vocablo_id)
      VALUES (1165, 'video', '', 582);
    
    INSERT INTO public.vocablo(id, palabra, tema_id)
      VALUES (583, 'Cancer', 7);
    
    INSERT INTO public.recurso(id, tipo, enlace, vocablo_id)
      VALUES (1166, 'image', '/assets/images/cancer.png', 583);

    INSERT INTO public.recurso(id, tipo, enlace, vocablo_id)
      VALUES (1167, 'video', '', 583);
    
    INSERT INTO public.vocablo(id, palabra, tema_id)
      VALUES (584, 'Diabete', 7);
    
    INSERT INTO public.recurso(id, tipo, enlace, vocablo_id)
      VALUES (1168, 'image', '/assets/images/diabete.png', 584);

    INSERT INTO public.recurso(id, tipo, enlace, vocablo_id)
      VALUES (1169, 'video', '', 584);
    
    INSERT INTO public.vocablo(id, palabra, tema_id)
      VALUES (585, 'Gonorrea', 7);
    
    INSERT INTO public.recurso(id, tipo, enlace, vocablo_id)
      VALUES (1170, 'image', '/assets/images/gonorrea.png', 585);

    INSERT INTO public.recurso(id, tipo, enlace, vocablo_id)
      VALUES (1171, 'video', '', 585);
    
    INSERT INTO public.vocablo(id, palabra, tema_id)
      VALUES (586, 'Herpes', 7);
    
    INSERT INTO public.recurso(id, tipo, enlace, vocablo_id)
      VALUES (1172, 'image', '/assets/images/herpes.png', 586);

    INSERT INTO public.recurso(id, tipo, enlace, vocablo_id)
      VALUES (1173, 'video', '', 586);
    
    INSERT INTO public.vocablo(id, palabra, tema_id)
      VALUES (587, 'Sida', 7);
    
    INSERT INTO public.recurso(id, tipo, enlace, vocablo_id)
      VALUES (1174, 'image', '/assets/images/sida.png', 587);

    INSERT INTO public.recurso(id, tipo, enlace, vocablo_id)
      VALUES (1175, 'video', '', 587);
    
    INSERT INTO public.vocablo(id, palabra, tema_id)
      VALUES (588, 'Sifilis', 7);
    
    INSERT INTO public.recurso(id, tipo, enlace, vocablo_id)
      VALUES (1176, 'image', '/assets/images/sifilis.png', 588);

    INSERT INTO public.recurso(id, tipo, enlace, vocablo_id)
      VALUES (1177, 'video', '', 588);
    
    INSERT INTO public.vocablo(id, palabra, tema_id)
      VALUES (589, 'VPH', 7);
    
    INSERT INTO public.recurso(id, tipo, enlace, vocablo_id)
      VALUES (1178, 'image', '/assets/images/vph.png', 589);

    INSERT INTO public.recurso(id, tipo, enlace, vocablo_id)
      VALUES (1179, 'video', '', 589);
    
    INSERT INTO public.vocablo(id, palabra, tema_id)
      VALUES (590, 'Guama', 9);
    
    INSERT INTO public.recurso(id, tipo, enlace, vocablo_id)
      VALUES (1180, 'image', '/assets/images/guama.png', 590);

    INSERT INTO public.recurso(id, tipo, enlace, vocablo_id)
      VALUES (1181, 'video', '', 590);
    
    INSERT INTO public.vocablo(id, palabra, tema_id)
      VALUES (591, 'Hicaco', 9);
    
    INSERT INTO public.recurso(id, tipo, enlace, vocablo_id)
      VALUES (1182, 'image', '/assets/images/hicaco.png', 591);

    INSERT INTO public.recurso(id, tipo, enlace, vocablo_id)
      VALUES (1183, 'video', '', 591);
    
    INSERT INTO public.vocablo(id, palabra, tema_id)
      VALUES (592, 'Nispero', 9);
    
    INSERT INTO public.recurso(id, tipo, enlace, vocablo_id)
      VALUES (1184, 'image', '/assets/images/nispero.png', 592);

    INSERT INTO public.recurso(id, tipo, enlace, vocablo_id)
      VALUES (1185, 'video', '', 592);
    
    INSERT INTO public.vocablo(id, palabra, tema_id)
      VALUES (593, 'Deportes extremos', 11);
    
    INSERT INTO public.recurso(id, tipo, enlace, vocablo_id)
      VALUES (1186, 'image', '/assets/images/deportes-extremos.png', 593);

    INSERT INTO public.recurso(id, tipo, enlace, vocablo_id)
      VALUES (1187, 'video', '', 593);
    
    INSERT INTO public.vocablo(id, palabra, tema_id)
      VALUES (594, 'Voleibol', 11);
    
    INSERT INTO public.recurso(id, tipo, enlace, vocablo_id)
      VALUES (1188, 'image', '/assets/images/voleibol.png', 594);

    INSERT INTO public.recurso(id, tipo, enlace, vocablo_id)
      VALUES (1189, 'video', '', 594);
    
    INSERT INTO public.vocablo(id, palabra, tema_id)
      VALUES (595, 'Ambulatorio', 12);
    
    INSERT INTO public.recurso(id, tipo, enlace, vocablo_id)
      VALUES (1190, 'image', '/assets/images/ambulatorio.png', 595);

    INSERT INTO public.recurso(id, tipo, enlace, vocablo_id)
      VALUES (1191, 'video', '', 595);
    
    INSERT INTO public.vocablo(id, palabra, tema_id)
      VALUES (596, 'Apartamento', 12);
    
    INSERT INTO public.recurso(id, tipo, enlace, vocablo_id)
      VALUES (1192, 'image', '/assets/images/apartamento.png', 596);

    INSERT INTO public.recurso(id, tipo, enlace, vocablo_id)
      VALUES (1193, 'video', '', 596);
    
    INSERT INTO public.vocablo(id, palabra, tema_id)
      VALUES (597, 'Bodega', 12);
    
    INSERT INTO public.recurso(id, tipo, enlace, vocablo_id)
      VALUES (1194, 'image', '/assets/images/bodega.png', 597);

    INSERT INTO public.recurso(id, tipo, enlace, vocablo_id)
      VALUES (1195, 'video', '', 597);
    
    INSERT INTO public.vocablo(id, palabra, tema_id)
      VALUES (598, 'Centro comercial', 12);
    
    INSERT INTO public.recurso(id, tipo, enlace, vocablo_id)
      VALUES (1196, 'image', '/assets/images/centro-comercial.png', 598);

    INSERT INTO public.recurso(id, tipo, enlace, vocablo_id)
      VALUES (1197, 'video', '', 598);
    
    INSERT INTO public.vocablo(id, palabra, tema_id)
      VALUES (599, 'Escaleras', 12);
    
    INSERT INTO public.recurso(id, tipo, enlace, vocablo_id)
      VALUES (1198, 'image', '/assets/images/escaleras.png', 599);

    INSERT INTO public.recurso(id, tipo, enlace, vocablo_id)
      VALUES (1199, 'video', '', 599);
    
    INSERT INTO public.vocablo(id, palabra, tema_id)
      VALUES (600, 'Farmacia', 12);
    
    INSERT INTO public.recurso(id, tipo, enlace, vocablo_id)
      VALUES (1200, 'image', '/assets/images/farmacia.png', 600);

    INSERT INTO public.recurso(id, tipo, enlace, vocablo_id)
      VALUES (1201, 'video', '', 600);
    
    INSERT INTO public.vocablo(id, palabra, tema_id)
      VALUES (601, 'Iglesia', 12);
    
    INSERT INTO public.recurso(id, tipo, enlace, vocablo_id)
      VALUES (1202, 'image', '/assets/images/iglesia.png', 601);

    INSERT INTO public.recurso(id, tipo, enlace, vocablo_id)
      VALUES (1203, 'video', '', 601);
    
    INSERT INTO public.vocablo(id, palabra, tema_id)
      VALUES (602, 'Aguas termales', 13);
    
    INSERT INTO public.recurso(id, tipo, enlace, vocablo_id)
      VALUES (1204, 'image', '/assets/images/aguas-termales.png', 602);

    INSERT INTO public.recurso(id, tipo, enlace, vocablo_id)
      VALUES (1205, 'video', '', 602);
    
    INSERT INTO public.vocablo(id, palabra, tema_id)
      VALUES (603, 'Aleros', 13);
    
    INSERT INTO public.recurso(id, tipo, enlace, vocablo_id)
      VALUES (1206, 'image', '/assets/images/aleros.png', 603);

    INSERT INTO public.recurso(id, tipo, enlace, vocablo_id)
      VALUES (1207, 'video', '', 603);
    
    INSERT INTO public.vocablo(id, palabra, tema_id)
      VALUES (604, 'Estadio metropolitano', 13);
    
    INSERT INTO public.recurso(id, tipo, enlace, vocablo_id)
      VALUES (1208, 'image', '/assets/images/estadio-metropolitano.png', 604);

    INSERT INTO public.recurso(id, tipo, enlace, vocablo_id)
      VALUES (1209, 'video', '', 604);
    
    INSERT INTO public.vocablo(id, palabra, tema_id)
      VALUES (605, 'La venezuela de antier', 13);
    
    INSERT INTO public.recurso(id, tipo, enlace, vocablo_id)
      VALUES (1210, 'image', '/assets/images/la-venezuela-de-antier.png', 605);

    INSERT INTO public.recurso(id, tipo, enlace, vocablo_id)
      VALUES (1211, 'video', '', 605);
    
    INSERT INTO public.vocablo(id, palabra, tema_id)
      VALUES (606, 'Montaña de los sueños', 13);
    
    INSERT INTO public.recurso(id, tipo, enlace, vocablo_id)
      VALUES (1212, 'image', '/assets/images/montana-de-los-suenos.png', 606);

    INSERT INTO public.recurso(id, tipo, enlace, vocablo_id)
      VALUES (1213, 'video', '', 606);
    
    INSERT INTO public.vocablo(id, palabra, tema_id)
      VALUES (607, 'Observatorio', 13);
    
    INSERT INTO public.recurso(id, tipo, enlace, vocablo_id)
      VALUES (1214, 'image', '/assets/images/observatorio.png', 607);

    INSERT INTO public.recurso(id, tipo, enlace, vocablo_id)
      VALUES (1215, 'video', '', 607);
    
    INSERT INTO public.vocablo(id, palabra, tema_id)
      VALUES (608, 'Picos de la sierra nevada', 13);
    
    INSERT INTO public.recurso(id, tipo, enlace, vocablo_id)
      VALUES (1216, 'image', '/assets/images/picos-de-la-sierra-nevada.png', 608);

    INSERT INTO public.recurso(id, tipo, enlace, vocablo_id)
      VALUES (1217, 'video', '', 608);
    
    INSERT INTO public.vocablo(id, palabra, tema_id)
      VALUES (609, 'Plaza de toro', 13);
    
    INSERT INTO public.recurso(id, tipo, enlace, vocablo_id)
      VALUES (1218, 'image', '/assets/images/plaza-de-toro.png', 609);

    INSERT INTO public.recurso(id, tipo, enlace, vocablo_id)
      VALUES (1219, 'video', '', 609);
    
    INSERT INTO public.vocablo(id, palabra, tema_id)
      VALUES (610, 'Soto rosa', 13);
    
    INSERT INTO public.recurso(id, tipo, enlace, vocablo_id)
      VALUES (1220, 'image', '/assets/images/soto-rosa.png', 610);

    INSERT INTO public.recurso(id, tipo, enlace, vocablo_id)
      VALUES (1221, 'video', '', 610);
    
    INSERT INTO public.vocablo(id, palabra, tema_id)
      VALUES (611, 'Globo aerostatico', 14);
    
    INSERT INTO public.recurso(id, tipo, enlace, vocablo_id)
      VALUES (1222, 'image', '/assets/images/globo-aerostatico.png', 611);

    INSERT INTO public.recurso(id, tipo, enlace, vocablo_id)
      VALUES (1223, 'video', '', 611);
    
    INSERT INTO public.vocablo(id, palabra, tema_id)
      VALUES (612, 'Jet', 14);
    
    INSERT INTO public.recurso(id, tipo, enlace, vocablo_id)
      VALUES (1224, 'image', '/assets/images/jet.png', 612);

    INSERT INTO public.recurso(id, tipo, enlace, vocablo_id)
      VALUES (1225, 'video', '', 612);
    
    INSERT INTO public.vocablo(id, palabra, tema_id)
      VALUES (613, 'Metrop', 14);
    
    INSERT INTO public.recurso(id, tipo, enlace, vocablo_id)
      VALUES (1226, 'image', '/assets/images/metrop.png', 613);

    INSERT INTO public.recurso(id, tipo, enlace, vocablo_id)
      VALUES (1227, 'video', '', 613);
    
    INSERT INTO public.vocablo(id, palabra, tema_id)
      VALUES (614, 'Nave espacial', 14);
    
    INSERT INTO public.recurso(id, tipo, enlace, vocablo_id)
      VALUES (1228, 'image', '/assets/images/nave-espacial.png', 614);

    INSERT INTO public.recurso(id, tipo, enlace, vocablo_id)
      VALUES (1229, 'video', '', 614);
    
    INSERT INTO public.vocablo(id, palabra, tema_id)
      VALUES (615, 'Sudmarino', 14);
    
    INSERT INTO public.recurso(id, tipo, enlace, vocablo_id)
      VALUES (1230, 'image', '/assets/images/sudmarino.png', 615);

    INSERT INTO public.recurso(id, tipo, enlace, vocablo_id)
      VALUES (1231, 'video', '', 615);
    
    INSERT INTO public.vocablo(id, palabra, tema_id)
      VALUES (616, 'Yate', 14);
    
    INSERT INTO public.recurso(id, tipo, enlace, vocablo_id)
      VALUES (1232, 'image', '/assets/images/yate.png', 616);

    INSERT INTO public.recurso(id, tipo, enlace, vocablo_id)
      VALUES (1233, 'video', '', 616);
    
    INSERT INTO public.vocablo(id, palabra, tema_id)
      VALUES (617, 'Camara', 21);
    
    INSERT INTO public.recurso(id, tipo, enlace, vocablo_id)
      VALUES (1234, 'image', '/assets/images/camara.png', 617);

    INSERT INTO public.recurso(id, tipo, enlace, vocablo_id)
      VALUES (1235, 'video', '', 617);
    
    INSERT INTO public.vocablo(id, palabra, tema_id)
      VALUES (618, 'Filmadora', 21);
    
    INSERT INTO public.recurso(id, tipo, enlace, vocablo_id)
      VALUES (1236, 'image', '/assets/images/filmadora.png', 618);

    INSERT INTO public.recurso(id, tipo, enlace, vocablo_id)
      VALUES (1237, 'video', '', 618);
    
    INSERT INTO public.vocablo(id, palabra, tema_id)
      VALUES (619, 'Fotocopiadora', 21);
    
    INSERT INTO public.recurso(id, tipo, enlace, vocablo_id)
      VALUES (1238, 'image', '/assets/images/fotocopiadora.png', 619);

    INSERT INTO public.recurso(id, tipo, enlace, vocablo_id)
      VALUES (1239, 'video', '', 619);
    
    INSERT INTO public.vocablo(id, palabra, tema_id)
      VALUES (620, 'Impresora', 21);
    
    INSERT INTO public.recurso(id, tipo, enlace, vocablo_id)
      VALUES (1240, 'image', '/assets/images/impresora.png', 620);

    INSERT INTO public.recurso(id, tipo, enlace, vocablo_id)
      VALUES (1241, 'video', '', 620);
    
    INSERT INTO public.vocablo(id, palabra, tema_id)
      VALUES (621, 'Teclado', 21);
    
    INSERT INTO public.recurso(id, tipo, enlace, vocablo_id)
      VALUES (1242, 'image', '/assets/images/teclado.png', 621);

    INSERT INTO public.recurso(id, tipo, enlace, vocablo_id)
      VALUES (1243, 'video', '', 621);
    
    INSERT INTO public.vocablo(id, palabra, tema_id)
      VALUES (622, 'Administrador', 22);
    
    INSERT INTO public.recurso(id, tipo, enlace, vocablo_id)
      VALUES (1244, 'image', '/assets/images/administrador.png', 622);

    INSERT INTO public.recurso(id, tipo, enlace, vocablo_id)
      VALUES (1245, 'video', '', 622);
    
    INSERT INTO public.vocablo(id, palabra, tema_id)
      VALUES (623, 'Cajero', 22);
    
    INSERT INTO public.recurso(id, tipo, enlace, vocablo_id)
      VALUES (1246, 'image', '/assets/images/cajero.png', 623);

    INSERT INTO public.recurso(id, tipo, enlace, vocablo_id)
      VALUES (1247, 'video', '', 623);
    
    INSERT INTO public.vocablo(id, palabra, tema_id)
      VALUES (624, 'Cocinero', 22);
    
    INSERT INTO public.recurso(id, tipo, enlace, vocablo_id)
      VALUES (1248, 'image', '/assets/images/cocinero.png', 624);

    INSERT INTO public.recurso(id, tipo, enlace, vocablo_id)
      VALUES (1249, 'video', '', 624);
    
    INSERT INTO public.vocablo(id, palabra, tema_id)
      VALUES (625, 'Construtor', 22);
    
    INSERT INTO public.recurso(id, tipo, enlace, vocablo_id)
      VALUES (1250, 'image', '/assets/images/construtor.png', 625);

    INSERT INTO public.recurso(id, tipo, enlace, vocablo_id)
      VALUES (1251, 'video', '', 625);
    
    INSERT INTO public.vocablo(id, palabra, tema_id)
      VALUES (626, 'Contador', 22);
    
    INSERT INTO public.recurso(id, tipo, enlace, vocablo_id)
      VALUES (1252, 'image', '/assets/images/contador.png', 626);

    INSERT INTO public.recurso(id, tipo, enlace, vocablo_id)
      VALUES (1253, 'video', '', 626);
    
    INSERT INTO public.vocablo(id, palabra, tema_id)
      VALUES (627, 'Farmaceutico', 22);
    
    INSERT INTO public.recurso(id, tipo, enlace, vocablo_id)
      VALUES (1254, 'image', '/assets/images/farmaceutico.png', 627);

    INSERT INTO public.recurso(id, tipo, enlace, vocablo_id)
      VALUES (1255, 'video', '', 627);
    
    INSERT INTO public.vocablo(id, palabra, tema_id)
      VALUES (628, 'Portero', 22);
    
    INSERT INTO public.recurso(id, tipo, enlace, vocablo_id)
      VALUES (1256, 'image', '/assets/images/portero.png', 628);

    INSERT INTO public.recurso(id, tipo, enlace, vocablo_id)
      VALUES (1257, 'video', '', 628);
    
    INSERT INTO public.vocablo(id, palabra, tema_id)
      VALUES (629, 'Seguridad', 22);
    
    INSERT INTO public.recurso(id, tipo, enlace, vocablo_id)
      VALUES (1258, 'image', '/assets/images/seguridad.png', 629);

    INSERT INTO public.recurso(id, tipo, enlace, vocablo_id)
      VALUES (1259, 'video', '', 629);
    
    INSERT INTO public.vocablo(id, palabra, tema_id)
      VALUES (630, 'Extremidadas', 23);
    
    INSERT INTO public.recurso(id, tipo, enlace, vocablo_id)
      VALUES (1260, 'image', '/assets/images/extremidadas.png', 630);

    INSERT INTO public.recurso(id, tipo, enlace, vocablo_id)
      VALUES (1261, 'video', '', 630);
    
    INSERT INTO public.vocablo(id, palabra, tema_id)
      VALUES (631, 'Sistema endocrino', 23);
    
    INSERT INTO public.recurso(id, tipo, enlace, vocablo_id)
      VALUES (1262, 'image', '/assets/images/sistema-endocrino.png', 631);

    INSERT INTO public.recurso(id, tipo, enlace, vocablo_id)
      VALUES (1263, 'video', '', 631);
    
    INSERT INTO public.vocablo(id, palabra, tema_id)
      VALUES (632, 'Sistema reproductivos', 23);
    
    INSERT INTO public.recurso(id, tipo, enlace, vocablo_id)
      VALUES (1264, 'image', '/assets/images/sistema-reproductivos.png', 632);

    INSERT INTO public.recurso(id, tipo, enlace, vocablo_id)
      VALUES (1265, 'video', '', 632);
    
    INSERT INTO public.vocablo(id, palabra, tema_id)
      VALUES (633, 'Sistema urinario', 23);
    
    INSERT INTO public.recurso(id, tipo, enlace, vocablo_id)
      VALUES (1266, 'image', '/assets/images/sistema-urinario.png', 633);

    INSERT INTO public.recurso(id, tipo, enlace, vocablo_id)
      VALUES (1267, 'video', '', 633);
    
    INSERT INTO public.vocablo(id, palabra, tema_id)
      VALUES (634, 'Caciques', 24);
    
    INSERT INTO public.recurso(id, tipo, enlace, vocablo_id)
      VALUES (1268, 'image', '/assets/images/caciques.png', 634);

    INSERT INTO public.recurso(id, tipo, enlace, vocablo_id)
      VALUES (1269, 'video', '', 634);
    
    INSERT INTO public.vocablo(id, palabra, tema_id)
      VALUES (635, 'Cesar rendifo', 24);
    
    INSERT INTO public.recurso(id, tipo, enlace, vocablo_id)
      VALUES (1270, 'image', '/assets/images/cesar-rendifo.png', 635);

    INSERT INTO public.recurso(id, tipo, enlace, vocablo_id)
      VALUES (1271, 'video', '', 635);
    
    INSERT INTO public.vocablo(id, palabra, tema_id)
      VALUES (636, 'Heroinas', 24);
    
    INSERT INTO public.recurso(id, tipo, enlace, vocablo_id)
      VALUES (1272, 'image', '/assets/images/heroinas.png', 636);

    INSERT INTO public.recurso(id, tipo, enlace, vocablo_id)
      VALUES (1273, 'video', '', 636);
    
    INSERT INTO public.vocablo(id, palabra, tema_id)
      VALUES (637, 'Luisa caceres', 24);
    
    INSERT INTO public.recurso(id, tipo, enlace, vocablo_id)
      VALUES (1274, 'image', '/assets/images/luisa-caceres.png', 637);

    INSERT INTO public.recurso(id, tipo, enlace, vocablo_id)
      VALUES (1275, 'video', '', 637);
    
    INSERT INTO public.vocablo(id, palabra, tema_id)
      VALUES (638, 'Negra matea', 24);
    
    INSERT INTO public.recurso(id, tipo, enlace, vocablo_id)
      VALUES (1276, 'image', '/assets/images/negra-matea.png', 638);

    INSERT INTO public.recurso(id, tipo, enlace, vocablo_id)
      VALUES (1277, 'video', '', 638);
    
    INSERT INTO public.vocablo(id, palabra, tema_id)
      VALUES (639, 'Pablo morillo', 24);
    
    INSERT INTO public.recurso(id, tipo, enlace, vocablo_id)
      VALUES (1278, 'image', '/assets/images/pablo-morillo.png', 639);

    INSERT INTO public.recurso(id, tipo, enlace, vocablo_id)
      VALUES (1279, 'video', '', 639);
    
    INSERT INTO public.vocablo(id, palabra, tema_id)
      VALUES (640, 'Piar', 24);
    
    INSERT INTO public.recurso(id, tipo, enlace, vocablo_id)
      VALUES (1280, 'image', '/assets/images/piar.png', 640);

    INSERT INTO public.recurso(id, tipo, enlace, vocablo_id)
      VALUES (1281, 'video', '', 640);
    
    INSERT INTO public.vocablo(id, palabra, tema_id)
      VALUES (641, 'Proceres', 24);
    
    INSERT INTO public.recurso(id, tipo, enlace, vocablo_id)
      VALUES (1282, 'image', '/assets/images/proceres.png', 641);

    INSERT INTO public.recurso(id, tipo, enlace, vocablo_id)
      VALUES (1283, 'video', '', 641);
    
    INSERT INTO public.vocablo(id, palabra, tema_id)
      VALUES (642, 'Tulio febres cordero', 24);
    
    INSERT INTO public.recurso(id, tipo, enlace, vocablo_id)
      VALUES (1284, 'image', '/assets/images/tulio-febres-cordero.png', 642);

    INSERT INTO public.recurso(id, tipo, enlace, vocablo_id)
      VALUES (1285, 'video', '', 642);
    
    INSERT INTO public.vocablo(id, palabra, tema_id)
      VALUES (643, 'Alcalde', 25);
    
    INSERT INTO public.recurso(id, tipo, enlace, vocablo_id)
      VALUES (1286, 'image', '/assets/images/alcalde.png', 643);

    INSERT INTO public.recurso(id, tipo, enlace, vocablo_id)
      VALUES (1287, 'video', '', 643);
    
    INSERT INTO public.vocablo(id, palabra, tema_id)
      VALUES (644, 'Gobernador', 25);
    
    INSERT INTO public.recurso(id, tipo, enlace, vocablo_id)
      VALUES (1288, 'image', '/assets/images/gobernador.png', 644);

    INSERT INTO public.recurso(id, tipo, enlace, vocablo_id)
      VALUES (1289, 'video', '', 644);
    
    INSERT INTO public.vocablo(id, palabra, tema_id)
      VALUES (645, 'Presidente', 25);
    
    INSERT INTO public.recurso(id, tipo, enlace, vocablo_id)
      VALUES (1290, 'image', '/assets/images/presidente.png', 645);

    INSERT INTO public.recurso(id, tipo, enlace, vocablo_id)
      VALUES (1291, 'video', '', 645);
    
    INSERT INTO public.vocablo(id, palabra, tema_id)
      VALUES (646, 'Profesor', 25);
    
    INSERT INTO public.recurso(id, tipo, enlace, vocablo_id)
      VALUES (1292, 'image', '/assets/images/profesor.png', 646);

    INSERT INTO public.recurso(id, tipo, enlace, vocablo_id)
      VALUES (1293, 'video', '', 646);
    
    INSERT INTO public.vocablo(id, palabra, tema_id)
      VALUES (647, 'Alparpatas', 26);
    
    INSERT INTO public.recurso(id, tipo, enlace, vocablo_id)
      VALUES (1294, 'image', '/assets/images/alparpatas.png', 647);

    INSERT INTO public.recurso(id, tipo, enlace, vocablo_id)
      VALUES (1295, 'video', '', 647);
    
    INSERT INTO public.vocablo(id, palabra, tema_id)
      VALUES (648, 'Bermudas', 26);
    
    INSERT INTO public.recurso(id, tipo, enlace, vocablo_id)
      VALUES (1296, 'image', '/assets/images/bermudas.png', 648);

    INSERT INTO public.recurso(id, tipo, enlace, vocablo_id)
      VALUES (1297, 'video', '', 648);
    
    INSERT INTO public.vocablo(id, palabra, tema_id)
      VALUES (649, 'Estraple', 26);
    
    INSERT INTO public.recurso(id, tipo, enlace, vocablo_id)
      VALUES (1298, 'image', '/assets/images/estraple.png', 649);

    INSERT INTO public.recurso(id, tipo, enlace, vocablo_id)
      VALUES (1299, 'video', '', 649);
    
    INSERT INTO public.vocablo(id, palabra, tema_id)
      VALUES (650, 'Guayabera', 26);
    
    INSERT INTO public.recurso(id, tipo, enlace, vocablo_id)
      VALUES (1300, 'image', '/assets/images/guayabera.png', 650);

    INSERT INTO public.recurso(id, tipo, enlace, vocablo_id)
      VALUES (1301, 'video', '', 650);
    
    INSERT INTO public.vocablo(id, palabra, tema_id)
      VALUES (651, 'Ruana', 26);
    
    INSERT INTO public.recurso(id, tipo, enlace, vocablo_id)
      VALUES (1302, 'image', '/assets/images/ruana.png', 651);

    INSERT INTO public.recurso(id, tipo, enlace, vocablo_id)
      VALUES (1303, 'video', '', 651);
    
    INSERT INTO public.vocablo(id, palabra, tema_id)
      VALUES (652, 'Sombrero', 26);
    
    INSERT INTO public.recurso(id, tipo, enlace, vocablo_id)
      VALUES (1304, 'image', '/assets/images/sombrero.png', 652);

    INSERT INTO public.recurso(id, tipo, enlace, vocablo_id)
      VALUES (1305, 'video', '', 652);
    
    INSERT INTO public.vocablo(id, palabra, tema_id)
      VALUES (653, 'Cayena', 10);
    
    INSERT INTO public.recurso(id, tipo, enlace, vocablo_id)
      VALUES (1306, 'image', '/assets/images/cayena.png', 653);

    INSERT INTO public.recurso(id, tipo, enlace, vocablo_id)
      VALUES (1307, 'video', '', 653);
    
    INSERT INTO public.vocablo(id, palabra, tema_id)
      VALUES (654, 'Clavel', 10);
    
    INSERT INTO public.recurso(id, tipo, enlace, vocablo_id)
      VALUES (1308, 'image', '/assets/images/clavel.png', 654);

    INSERT INTO public.recurso(id, tipo, enlace, vocablo_id)
      VALUES (1309, 'video', '', 654);
    
    INSERT INTO public.vocablo(id, palabra, tema_id)
      VALUES (655, 'Girasol', 10);
    
    INSERT INTO public.recurso(id, tipo, enlace, vocablo_id)
      VALUES (1310, 'image', '/assets/images/girasol.png', 655);

    INSERT INTO public.recurso(id, tipo, enlace, vocablo_id)
      VALUES (1311, 'video', '', 655);
    
    INSERT INTO public.vocablo(id, palabra, tema_id)
      VALUES (656, 'Lirio', 10);
    
    INSERT INTO public.recurso(id, tipo, enlace, vocablo_id)
      VALUES (1312, 'image', '/assets/images/lirio.png', 656);

    INSERT INTO public.recurso(id, tipo, enlace, vocablo_id)
      VALUES (1313, 'video', '', 656);
    
    INSERT INTO public.vocablo(id, palabra, tema_id)
      VALUES (657, 'Margarita', 10);
    
    INSERT INTO public.recurso(id, tipo, enlace, vocablo_id)
      VALUES (1314, 'image', '/assets/images/margarita.png', 657);

    INSERT INTO public.recurso(id, tipo, enlace, vocablo_id)
      VALUES (1315, 'video', '', 657);
    
    INSERT INTO public.vocablo(id, palabra, tema_id)
      VALUES (658, 'Rosa', 10);
    
    INSERT INTO public.recurso(id, tipo, enlace, vocablo_id)
      VALUES (1316, 'image', '/assets/images/rosa.png', 658);

    INSERT INTO public.recurso(id, tipo, enlace, vocablo_id)
      VALUES (1317, 'video', '', 658);
    
    INSERT INTO public.vocablo(id, palabra, tema_id)
      VALUES (659, 'Trinitaria', 10);
    
    INSERT INTO public.recurso(id, tipo, enlace, vocablo_id)
      VALUES (1318, 'image', '/assets/images/trinitaria.png', 659);

    INSERT INTO public.recurso(id, tipo, enlace, vocablo_id)
      VALUES (1319, 'video', '', 659);
    
    INSERT INTO public.vocablo(id, palabra, tema_id)
      VALUES (660, 'Tulipan', 10);
    
    INSERT INTO public.recurso(id, tipo, enlace, vocablo_id)
      VALUES (1320, 'image', '/assets/images/tulipan.png', 660);

    INSERT INTO public.recurso(id, tipo, enlace, vocablo_id)
      VALUES (1321, 'video', '', 660);
    
    INSERT INTO public.vocablo(id, palabra, tema_id)
      VALUES (661, 'Colicos', 28);
    
    INSERT INTO public.recurso(id, tipo, enlace, vocablo_id)
      VALUES (1322, 'image', '/assets/images/colicos.png', 661);

    INSERT INTO public.recurso(id, tipo, enlace, vocablo_id)
      VALUES (1323, 'video', '', 661);
    
    INSERT INTO public.vocablo(id, palabra, tema_id)
      VALUES (662, 'Dolor de estomago', 28);
    
    INSERT INTO public.recurso(id, tipo, enlace, vocablo_id)
      VALUES (1324, 'image', '/assets/images/dolor-de-estomago.png', 662);

    INSERT INTO public.recurso(id, tipo, enlace, vocablo_id)
      VALUES (1325, 'video', '', 662);
    
    INSERT INTO public.vocablo(id, palabra, tema_id)
      VALUES (663, 'Pus', 28);
    
    INSERT INTO public.recurso(id, tipo, enlace, vocablo_id)
      VALUES (1326, 'image', '/assets/images/pus.png', 663);

    INSERT INTO public.recurso(id, tipo, enlace, vocablo_id)
      VALUES (1327, 'video', '', 663);
    
    INSERT INTO public.vocablo(id, palabra, tema_id)
      VALUES (664, 'Brocha', 30);
    
    INSERT INTO public.recurso(id, tipo, enlace, vocablo_id)
      VALUES (1328, 'image', '/assets/images/brocha.png', 664);

    INSERT INTO public.recurso(id, tipo, enlace, vocablo_id)
      VALUES (1329, 'video', '', 664);
    
    INSERT INTO public.vocablo(id, palabra, tema_id)
      VALUES (665, 'Cartulina', 30);
    
    INSERT INTO public.recurso(id, tipo, enlace, vocablo_id)
      VALUES (1330, 'image', '/assets/images/cartulina.png', 665);

    INSERT INTO public.recurso(id, tipo, enlace, vocablo_id)
      VALUES (1331, 'video', '', 665);
    
    INSERT INTO public.vocablo(id, palabra, tema_id)
      VALUES (666, 'Lapiceros', 30);
    
    INSERT INTO public.recurso(id, tipo, enlace, vocablo_id)
      VALUES (1332, 'image', '/assets/images/lapiceros.png', 666);

    INSERT INTO public.recurso(id, tipo, enlace, vocablo_id)
      VALUES (1333, 'video', '', 666);
    
    INSERT INTO public.vocablo(id, palabra, tema_id)
      VALUES (667, 'Lija', 30);
    
    INSERT INTO public.recurso(id, tipo, enlace, vocablo_id)
      VALUES (1334, 'image', '/assets/images/lija.png', 667);

    INSERT INTO public.recurso(id, tipo, enlace, vocablo_id)
      VALUES (1335, 'video', '', 667);
    
    INSERT INTO public.vocablo(id, palabra, tema_id)
      VALUES (668, 'Marcadores', 30);
    
    INSERT INTO public.recurso(id, tipo, enlace, vocablo_id)
      VALUES (1336, 'image', '/assets/images/marcadores.png', 668);

    INSERT INTO public.recurso(id, tipo, enlace, vocablo_id)
      VALUES (1337, 'video', '', 668);
    
    INSERT INTO public.vocablo(id, palabra, tema_id)
      VALUES (669, 'Alcelga', 31);
    
    INSERT INTO public.recurso(id, tipo, enlace, vocablo_id)
      VALUES (1338, 'image', '/assets/images/alcelga.png', 669);

    INSERT INTO public.recurso(id, tipo, enlace, vocablo_id)
      VALUES (1339, 'video', '', 669);
    
    INSERT INTO public.vocablo(id, palabra, tema_id)
      VALUES (670, 'Batata', 31);
    
    INSERT INTO public.recurso(id, tipo, enlace, vocablo_id)
      VALUES (1340, 'image', '/assets/images/batata.png', 670);

    INSERT INTO public.recurso(id, tipo, enlace, vocablo_id)
      VALUES (1341, 'video', '', 670);
    
    INSERT INTO public.vocablo(id, palabra, tema_id)
      VALUES (671, 'Berros', 31);
    
    INSERT INTO public.recurso(id, tipo, enlace, vocablo_id)
      VALUES (1342, 'image', '/assets/images/berros.png', 671);

    INSERT INTO public.recurso(id, tipo, enlace, vocablo_id)
      VALUES (1343, 'video', '', 671);
    
    INSERT INTO public.vocablo(id, palabra, tema_id)
      VALUES (672, 'Ocumo', 31);
    
    INSERT INTO public.recurso(id, tipo, enlace, vocablo_id)
      VALUES (1344, 'image', '/assets/images/ocumo.png', 672);

    INSERT INTO public.recurso(id, tipo, enlace, vocablo_id)
      VALUES (1345, 'video', '', 672);
    
    INSERT INTO public.vocablo(id, palabra, tema_id)
      VALUES (673, 'Radicchio', 31);
    
    INSERT INTO public.recurso(id, tipo, enlace, vocablo_id)
      VALUES (1346, 'image', '/assets/images/radicchio.png', 673);

    INSERT INTO public.recurso(id, tipo, enlace, vocablo_id)
      VALUES (1347, 'video', '', 673);
    
    INSERT INTO public.vocablo(id, palabra, tema_id)
      VALUES (674, 'Rucula', 31);
    
    INSERT INTO public.recurso(id, tipo, enlace, vocablo_id)
      VALUES (1348, 'image', '/assets/images/rucula.png', 674);

    INSERT INTO public.recurso(id, tipo, enlace, vocablo_id)
      VALUES (1349, 'video', '', 674);
    
    INSERT INTO public.vocablo(id, palabra, tema_id)
      VALUES (675, 'Ficus', 2);
    
    INSERT INTO public.recurso(id, tipo, enlace, vocablo_id)
      VALUES (1350, 'image', '/assets/images/ficus.png', 675);

    INSERT INTO public.recurso(id, tipo, enlace, vocablo_id)
      VALUES (1351, 'video', '', 675);
    
    INSERT INTO public.vocablo(id, palabra, tema_id)
      VALUES (676, 'Cactus', 2);
    
    INSERT INTO public.recurso(id, tipo, enlace, vocablo_id)
      VALUES (1352, 'image', '/assets/images/cactus.png', 676);

    INSERT INTO public.recurso(id, tipo, enlace, vocablo_id)
      VALUES (1353, 'video', '', 676);
    
    INSERT INTO public.vocablo(id, palabra, tema_id)
      VALUES (677, 'Caujaro', 2);
    
    INSERT INTO public.recurso(id, tipo, enlace, vocablo_id)
      VALUES (1354, 'image', '/assets/images/caujaro.png', 677);

    INSERT INTO public.recurso(id, tipo, enlace, vocablo_id)
      VALUES (1355, 'video', '', 677);
    
    INSERT INTO public.vocablo(id, palabra, tema_id)
      VALUES (678, 'Dinosaurios', 1);
    
    INSERT INTO public.recurso(id, tipo, enlace, vocablo_id)
      VALUES (1356, 'image', '/assets/images/dinosaurios.png', 678);

    INSERT INTO public.recurso(id, tipo, enlace, vocablo_id)
      VALUES (1357, 'video', '', 678);
    
    INSERT INTO public.vocablo(id, palabra, tema_id)
      VALUES (679, 'Cunaguaro', 1);
    
    INSERT INTO public.recurso(id, tipo, enlace, vocablo_id)
      VALUES (1358, 'image', '/assets/images/cunaguaro.png', 679);

    INSERT INTO public.recurso(id, tipo, enlace, vocablo_id)
      VALUES (1359, 'video', '', 679);
    
    INSERT INTO public.vocablo(id, palabra, tema_id)
      VALUES (680, 'Bocadillo', 6);
    
    INSERT INTO public.recurso(id, tipo, enlace, vocablo_id)
      VALUES (1360, 'image', '/assets/images/bocadillo.png', 680);

    INSERT INTO public.recurso(id, tipo, enlace, vocablo_id)
      VALUES (1361, 'video', '', 680);
    
    INSERT INTO public.vocablo(id, palabra, tema_id)
      VALUES (681, 'Mermelada', 6);
    
    INSERT INTO public.recurso(id, tipo, enlace, vocablo_id)
      VALUES (1362, 'image', '/assets/images/mermelada.png', 681);

    INSERT INTO public.recurso(id, tipo, enlace, vocablo_id)
      VALUES (1363, 'video', '', 681);
    
    INSERT INTO public.vocablo(id, palabra, tema_id)
      VALUES (682, 'Cremas', 6);
    
    INSERT INTO public.recurso(id, tipo, enlace, vocablo_id)
      VALUES (1364, 'image', '/assets/images/cremas.png', 682);

    INSERT INTO public.recurso(id, tipo, enlace, vocablo_id)
      VALUES (1365, 'video', '', 682);
    
    INSERT INTO public.vocablo(id, palabra, tema_id)
      VALUES (683, 'Batidos', 6);
    
    INSERT INTO public.recurso(id, tipo, enlace, vocablo_id)
      VALUES (1366, 'image', '/assets/images/batidos.png', 683);

    INSERT INTO public.recurso(id, tipo, enlace, vocablo_id)
      VALUES (1367, 'video', '', 683);
    
    INSERT INTO public.vocablo(id, palabra, tema_id)
      VALUES (684, 'Peritonitis', 7);
    
    INSERT INTO public.recurso(id, tipo, enlace, vocablo_id)
      VALUES (1368, 'image', '/assets/images/peritonitis.png', 684);

    INSERT INTO public.recurso(id, tipo, enlace, vocablo_id)
      VALUES (1369, 'video', '', 684);
    
    INSERT INTO public.vocablo(id, palabra, tema_id)
      VALUES (685, 'Amigdalitis', 7);
    
    INSERT INTO public.recurso(id, tipo, enlace, vocablo_id)
      VALUES (1370, 'image', '/assets/images/amigdalitis.png', 685);

    INSERT INTO public.recurso(id, tipo, enlace, vocablo_id)
      VALUES (1371, 'video', '', 685);
    
    INSERT INTO public.vocablo(id, palabra, tema_id)
      VALUES (686, 'Apendicitis', 7);
    
    INSERT INTO public.recurso(id, tipo, enlace, vocablo_id)
      VALUES (1372, 'image', '/assets/images/apendicitis.png', 686);

    INSERT INTO public.recurso(id, tipo, enlace, vocablo_id)
      VALUES (1373, 'video', '', 686);
    
    INSERT INTO public.vocablo(id, palabra, tema_id)
      VALUES (687, 'Poliedro', 8);
    
    INSERT INTO public.recurso(id, tipo, enlace, vocablo_id)
      VALUES (1374, 'image', '/assets/images/poliedro.png', 687);

    INSERT INTO public.recurso(id, tipo, enlace, vocablo_id)
      VALUES (1375, 'video', '', 687);
    
    INSERT INTO public.vocablo(id, palabra, tema_id)
      VALUES (688, 'Momumento del Perro', 13);
    
    INSERT INTO public.recurso(id, tipo, enlace, vocablo_id)
      VALUES (1376, 'image', '/assets/images/momumento-del-perro.png', 688);

    INSERT INTO public.recurso(id, tipo, enlace, vocablo_id)
      VALUES (1377, 'video', '', 688);
    
    INSERT INTO public.vocablo(id, palabra, tema_id)
      VALUES (689, 'Tisure', 13);
    
    INSERT INTO public.recurso(id, tipo, enlace, vocablo_id)
      VALUES (1378, 'image', '/assets/images/tisure.png', 689);

    INSERT INTO public.recurso(id, tipo, enlace, vocablo_id)
      VALUES (1379, 'video', '', 689);
    
    INSERT INTO public.vocablo(id, palabra, tema_id)
      VALUES (690, 'Los Nevados', 13);
    
    INSERT INTO public.recurso(id, tipo, enlace, vocablo_id)
      VALUES (1380, 'image', '/assets/images/los-nevados.png', 690);

    INSERT INTO public.recurso(id, tipo, enlace, vocablo_id)
      VALUES (1381, 'video', '', 690);
    
    INSERT INTO public.vocablo(id, palabra, tema_id)
      VALUES (691, 'La Loca Luz Caraballo', 13);
    
    INSERT INTO public.recurso(id, tipo, enlace, vocablo_id)
      VALUES (1382, 'image', '/assets/images/la-loca-luz-caraballo.png', 691);

    INSERT INTO public.recurso(id, tipo, enlace, vocablo_id)
      VALUES (1383, 'video', '', 691);
    
    INSERT INTO public.vocablo(id, palabra, tema_id)
      VALUES (692, 'La Mucuy', 13);
    
    INSERT INTO public.recurso(id, tipo, enlace, vocablo_id)
      VALUES (1384, 'image', '/assets/images/la-mucuy.png', 692);

    INSERT INTO public.recurso(id, tipo, enlace, vocablo_id)
      VALUES (1385, 'video', '', 692);
    
    INSERT INTO public.vocablo(id, palabra, tema_id)
      VALUES (693, 'La Laguna', 13);
    
    INSERT INTO public.recurso(id, tipo, enlace, vocablo_id)
      VALUES (1386, 'image', '/assets/images/la-laguna.png', 693);

    INSERT INTO public.recurso(id, tipo, enlace, vocablo_id)
      VALUES (1387, 'video', '', 693);
    
    INSERT INTO public.vocablo(id, palabra, tema_id)
      VALUES (694, 'Billones', 20);
    
    INSERT INTO public.recurso(id, tipo, enlace, vocablo_id)
      VALUES (1388, 'image', '/assets/images/billones.png', 694);

    INSERT INTO public.recurso(id, tipo, enlace, vocablo_id)
      VALUES (1389, 'video', '', 694);
    
    INSERT INTO public.vocablo(id, palabra, tema_id)
      VALUES (695, 'Manuel Gual', 24);
    
    INSERT INTO public.recurso(id, tipo, enlace, vocablo_id)
      VALUES (1390, 'image', '/assets/images/manuel-gual.png', 695);

    INSERT INTO public.recurso(id, tipo, enlace, vocablo_id)
      VALUES (1391, 'video', '', 695);
    
    INSERT INTO public.vocablo(id, palabra, tema_id)
      VALUES (696, 'Jose Maria España', 24);
    
    INSERT INTO public.recurso(id, tipo, enlace, vocablo_id)
      VALUES (1392, 'image', '/assets/images/jose-maria-espana.png', 696);

    INSERT INTO public.recurso(id, tipo, enlace, vocablo_id)
      VALUES (1393, 'video', '', 696);
    
    INSERT INTO public.vocablo(id, palabra, tema_id)
      VALUES (697, 'Vicente de Emparan', 24);
    
    INSERT INTO public.recurso(id, tipo, enlace, vocablo_id)
      VALUES (1394, 'image', '/assets/images/vicente-de-emparan.png', 697);

    INSERT INTO public.recurso(id, tipo, enlace, vocablo_id)
      VALUES (1395, 'video', '', 697);
    
    INSERT INTO public.vocablo(id, palabra, tema_id)
      VALUES (698, 'Jose Leonardo Chirinos', 24);
    
    INSERT INTO public.recurso(id, tipo, enlace, vocablo_id)
      VALUES (1396, 'image', '/assets/images/jose-leonardo-chirinos.png', 698);

    INSERT INTO public.recurso(id, tipo, enlace, vocablo_id)
      VALUES (1397, 'video', '', 698);
    
    INSERT INTO public.vocablo(id, palabra, tema_id)
      VALUES (699, 'Diputado', 25);
    
    INSERT INTO public.recurso(id, tipo, enlace, vocablo_id)
      VALUES (1398, 'image', '/assets/images/diputado.png', 699);

    INSERT INTO public.recurso(id, tipo, enlace, vocablo_id)
      VALUES (1399, 'video', '', 699);
    
    INSERT INTO public.vocablo(id, palabra, tema_id)
      VALUES (700, 'Senador', 25);
    
    INSERT INTO public.recurso(id, tipo, enlace, vocablo_id)
      VALUES (1400, 'image', '/assets/images/senador.png', 700);

    INSERT INTO public.recurso(id, tipo, enlace, vocablo_id)
      VALUES (1401, 'video', '', 700);
    
    INSERT INTO public.vocablo(id, palabra, tema_id)
      VALUES (701, 'Embajador', 25);
    
    INSERT INTO public.recurso(id, tipo, enlace, vocablo_id)
      VALUES (1402, 'image', '/assets/images/embajador.png', 701);

    INSERT INTO public.recurso(id, tipo, enlace, vocablo_id)
      VALUES (1403, 'video', '', 701);
    
    INSERT INTO public.vocablo(id, palabra, tema_id)
      VALUES (702, 'Cónsul', 25);
    
    INSERT INTO public.recurso(id, tipo, enlace, vocablo_id)
      VALUES (1404, 'image', '/assets/images/consul.png', 702);

    INSERT INTO public.recurso(id, tipo, enlace, vocablo_id)
      VALUES (1405, 'video', '', 702);
    
    INSERT INTO public.vocablo(id, palabra, tema_id)
      VALUES (703, 'Pastor', 25);
    
    INSERT INTO public.recurso(id, tipo, enlace, vocablo_id)
      VALUES (1406, 'image', '/assets/images/pastor.png', 703);

    INSERT INTO public.recurso(id, tipo, enlace, vocablo_id)
      VALUES (1407, 'video', '', 703);
    
    INSERT INTO public.vocablo(id, palabra, tema_id)
      VALUES (704, 'Cintillo', 26);
    
    INSERT INTO public.recurso(id, tipo, enlace, vocablo_id)
      VALUES (1408, 'image', '/assets/images/cintillo.png', 704);

    INSERT INTO public.recurso(id, tipo, enlace, vocablo_id)
      VALUES (1409, 'video', '', 704);
    
    INSERT INTO public.vocablo(id, palabra, tema_id)
      VALUES (705, 'Acidez', 28);
    
    INSERT INTO public.recurso(id, tipo, enlace, vocablo_id)
      VALUES (1410, 'image', '/assets/images/acidez.png', 705);

    INSERT INTO public.recurso(id, tipo, enlace, vocablo_id)
      VALUES (1411, 'video', '', 705);
    
    INSERT INTO public.vocablo(id, palabra, tema_id)
      VALUES (706, 'Reflujo', 28);
    
    INSERT INTO public.recurso(id, tipo, enlace, vocablo_id)
      VALUES (1412, 'image', '/assets/images/reflujo.png', 706);

    INSERT INTO public.recurso(id, tipo, enlace, vocablo_id)
      VALUES (1413, 'video', '', 706);
    
    INSERT INTO public.vocablo(id, palabra, tema_id)
      VALUES (707, 'Inflamacion', 28);
    
    INSERT INTO public.recurso(id, tipo, enlace, vocablo_id)
      VALUES (1414, 'image', '/assets/images/inflamacion.png', 707);

    INSERT INTO public.recurso(id, tipo, enlace, vocablo_id)
      VALUES (1415, 'video', '', 707);
    
    INSERT INTO public.vocablo(id, palabra, tema_id)
      VALUES (708, 'Abceso', 28);
    
    INSERT INTO public.recurso(id, tipo, enlace, vocablo_id)
      VALUES (1416, 'image', '/assets/images/abceso.png', 708);

    INSERT INTO public.recurso(id, tipo, enlace, vocablo_id)
      VALUES (1417, 'video', '', 708);
    


--
-- Preescolar
--

    INSERT INTO public.grado_tema(grado_id, tema_id)
      VALUES (0, 32);
    

    INSERT INTO public.grado_tema_vocablo(grado_id, tema_id, vocablo_id)
      VALUES (0, 32, 0);
    

    INSERT INTO public.grado_tema_vocablo(grado_id, tema_id, vocablo_id)
      VALUES (0, 32, 1);
    

    INSERT INTO public.grado_tema_vocablo(grado_id, tema_id, vocablo_id)
      VALUES (0, 32, 2);
    

    INSERT INTO public.grado_tema_vocablo(grado_id, tema_id, vocablo_id)
      VALUES (0, 32, 3);
    

    INSERT INTO public.grado_tema_vocablo(grado_id, tema_id, vocablo_id)
      VALUES (0, 32, 4);
    

    INSERT INTO public.grado_tema_vocablo(grado_id, tema_id, vocablo_id)
      VALUES (0, 32, 5);
    

    INSERT INTO public.grado_tema_vocablo(grado_id, tema_id, vocablo_id)
      VALUES (0, 32, 6);
    

    INSERT INTO public.grado_tema_vocablo(grado_id, tema_id, vocablo_id)
      VALUES (0, 32, 7);
    

    INSERT INTO public.grado_tema_vocablo(grado_id, tema_id, vocablo_id)
      VALUES (0, 32, 8);
    

    INSERT INTO public.grado_tema_vocablo(grado_id, tema_id, vocablo_id)
      VALUES (0, 32, 9);
    

    INSERT INTO public.grado_tema_vocablo(grado_id, tema_id, vocablo_id)
      VALUES (0, 32, 10);
    

    INSERT INTO public.grado_tema_vocablo(grado_id, tema_id, vocablo_id)
      VALUES (0, 32, 11);
    

    INSERT INTO public.grado_tema_vocablo(grado_id, tema_id, vocablo_id)
      VALUES (0, 32, 12);
    

    INSERT INTO public.grado_tema_vocablo(grado_id, tema_id, vocablo_id)
      VALUES (0, 32, 13);
    

    INSERT INTO public.grado_tema_vocablo(grado_id, tema_id, vocablo_id)
      VALUES (0, 32, 14);
    

    INSERT INTO public.grado_tema(grado_id, tema_id)
      VALUES (0, 0);
    

    INSERT INTO public.grado_tema_vocablo(grado_id, tema_id, vocablo_id)
      VALUES (0, 0, 105);
    

    INSERT INTO public.grado_tema_vocablo(grado_id, tema_id, vocablo_id)
      VALUES (0, 0, 106);
    

    INSERT INTO public.grado_tema_vocablo(grado_id, tema_id, vocablo_id)
      VALUES (0, 0, 107);
    

    INSERT INTO public.grado_tema_vocablo(grado_id, tema_id, vocablo_id)
      VALUES (0, 0, 108);
    

    INSERT INTO public.grado_tema_vocablo(grado_id, tema_id, vocablo_id)
      VALUES (0, 0, 109);
    

    INSERT INTO public.grado_tema(grado_id, tema_id)
      VALUES (0, 1);
    

    INSERT INTO public.grado_tema_vocablo(grado_id, tema_id, vocablo_id)
      VALUES (0, 1, 11);
    

    INSERT INTO public.grado_tema_vocablo(grado_id, tema_id, vocablo_id)
      VALUES (0, 1, 12);
    

    INSERT INTO public.grado_tema_vocablo(grado_id, tema_id, vocablo_id)
      VALUES (0, 1, 13);
    

    INSERT INTO public.grado_tema_vocablo(grado_id, tema_id, vocablo_id)
      VALUES (0, 1, 14);
    

    INSERT INTO public.grado_tema(grado_id, tema_id)
      VALUES (0, 4);
    

    INSERT INTO public.grado_tema_vocablo(grado_id, tema_id, vocablo_id)
      VALUES (0, 4, 8);
    

    INSERT INTO public.grado_tema_vocablo(grado_id, tema_id, vocablo_id)
      VALUES (0, 4, 9);
    

    INSERT INTO public.grado_tema_vocablo(grado_id, tema_id, vocablo_id)
      VALUES (0, 4, 10);
    

    INSERT INTO public.grado_tema(grado_id, tema_id)
      VALUES (0, 5);
    

    INSERT INTO public.grado_tema_vocablo(grado_id, tema_id, vocablo_id)
      VALUES (0, 5, 110);
    

    INSERT INTO public.grado_tema_vocablo(grado_id, tema_id, vocablo_id)
      VALUES (0, 5, 111);
    

    INSERT INTO public.grado_tema(grado_id, tema_id)
      VALUES (0, 8);
    

    INSERT INTO public.grado_tema_vocablo(grado_id, tema_id, vocablo_id)
      VALUES (0, 8, 112);
    

    INSERT INTO public.grado_tema(grado_id, tema_id)
      VALUES (0, 9);
    

    INSERT INTO public.grado_tema_vocablo(grado_id, tema_id, vocablo_id)
      VALUES (0, 9, 113);
    

    INSERT INTO public.grado_tema_vocablo(grado_id, tema_id, vocablo_id)
      VALUES (0, 9, 114);
    

    INSERT INTO public.grado_tema(grado_id, tema_id)
      VALUES (0, 11);
    

    INSERT INTO public.grado_tema_vocablo(grado_id, tema_id, vocablo_id)
      VALUES (0, 11, 115);
    

    INSERT INTO public.grado_tema_vocablo(grado_id, tema_id, vocablo_id)
      VALUES (0, 11, 116);
    

    INSERT INTO public.grado_tema(grado_id, tema_id)
      VALUES (0, 12);
    

    INSERT INTO public.grado_tema_vocablo(grado_id, tema_id, vocablo_id)
      VALUES (0, 12, 117);
    

    INSERT INTO public.grado_tema_vocablo(grado_id, tema_id, vocablo_id)
      VALUES (0, 12, 118);
    

    INSERT INTO public.grado_tema_vocablo(grado_id, tema_id, vocablo_id)
      VALUES (0, 12, 119);
    

    INSERT INTO public.grado_tema_vocablo(grado_id, tema_id, vocablo_id)
      VALUES (0, 12, 120);
    

    INSERT INTO public.grado_tema(grado_id, tema_id)
      VALUES (0, 13);
    

    INSERT INTO public.grado_tema_vocablo(grado_id, tema_id, vocablo_id)
      VALUES (0, 13, 121);
    

    INSERT INTO public.grado_tema_vocablo(grado_id, tema_id, vocablo_id)
      VALUES (0, 13, 122);
    

    INSERT INTO public.grado_tema(grado_id, tema_id)
      VALUES (0, 14);
    

    INSERT INTO public.grado_tema_vocablo(grado_id, tema_id, vocablo_id)
      VALUES (0, 14, 123);
    

    INSERT INTO public.grado_tema_vocablo(grado_id, tema_id, vocablo_id)
      VALUES (0, 14, 124);
    

    INSERT INTO public.grado_tema_vocablo(grado_id, tema_id, vocablo_id)
      VALUES (0, 14, 125);
    

    INSERT INTO public.grado_tema_vocablo(grado_id, tema_id, vocablo_id)
      VALUES (0, 14, 126);
    

    INSERT INTO public.grado_tema(grado_id, tema_id)
      VALUES (0, 16);
    

    INSERT INTO public.grado_tema_vocablo(grado_id, tema_id, vocablo_id)
      VALUES (0, 16, 127);
    

    INSERT INTO public.grado_tema_vocablo(grado_id, tema_id, vocablo_id)
      VALUES (0, 16, 128);
    

    INSERT INTO public.grado_tema_vocablo(grado_id, tema_id, vocablo_id)
      VALUES (0, 16, 129);
    

    INSERT INTO public.grado_tema(grado_id, tema_id)
      VALUES (0, 17);
    

    INSERT INTO public.grado_tema_vocablo(grado_id, tema_id, vocablo_id)
      VALUES (0, 17, 130);
    

    INSERT INTO public.grado_tema_vocablo(grado_id, tema_id, vocablo_id)
      VALUES (0, 17, 131);
    

    INSERT INTO public.grado_tema_vocablo(grado_id, tema_id, vocablo_id)
      VALUES (0, 17, 132);
    

    INSERT INTO public.grado_tema_vocablo(grado_id, tema_id, vocablo_id)
      VALUES (0, 17, 133);
    

    INSERT INTO public.grado_tema_vocablo(grado_id, tema_id, vocablo_id)
      VALUES (0, 17, 134);
    

    INSERT INTO public.grado_tema_vocablo(grado_id, tema_id, vocablo_id)
      VALUES (0, 17, 135);
    

    INSERT INTO public.grado_tema_vocablo(grado_id, tema_id, vocablo_id)
      VALUES (0, 17, 136);
    

    INSERT INTO public.grado_tema(grado_id, tema_id)
      VALUES (0, 18);
    

    INSERT INTO public.grado_tema_vocablo(grado_id, tema_id, vocablo_id)
      VALUES (0, 18, 137);
    

    INSERT INTO public.grado_tema_vocablo(grado_id, tema_id, vocablo_id)
      VALUES (0, 18, 138);
    

    INSERT INTO public.grado_tema(grado_id, tema_id)
      VALUES (0, 19);
    

    INSERT INTO public.grado_tema_vocablo(grado_id, tema_id, vocablo_id)
      VALUES (0, 19, 139);
    

    INSERT INTO public.grado_tema_vocablo(grado_id, tema_id, vocablo_id)
      VALUES (0, 19, 140);
    

    INSERT INTO public.grado_tema_vocablo(grado_id, tema_id, vocablo_id)
      VALUES (0, 19, 141);
    

    INSERT INTO public.grado_tema(grado_id, tema_id)
      VALUES (0, 20);
    

    INSERT INTO public.grado_tema_vocablo(grado_id, tema_id, vocablo_id)
      VALUES (0, 20, 5);
    

    INSERT INTO public.grado_tema_vocablo(grado_id, tema_id, vocablo_id)
      VALUES (0, 20, 6);
    

    INSERT INTO public.grado_tema_vocablo(grado_id, tema_id, vocablo_id)
      VALUES (0, 20, 7);
    

    INSERT INTO public.grado_tema(grado_id, tema_id)
      VALUES (0, 21);
    

    INSERT INTO public.grado_tema_vocablo(grado_id, tema_id, vocablo_id)
      VALUES (0, 21, 142);
    

    INSERT INTO public.grado_tema_vocablo(grado_id, tema_id, vocablo_id)
      VALUES (0, 21, 143);
    

    INSERT INTO public.grado_tema(grado_id, tema_id)
      VALUES (0, 22);
    

    INSERT INTO public.grado_tema_vocablo(grado_id, tema_id, vocablo_id)
      VALUES (0, 22, 144);
    

    INSERT INTO public.grado_tema_vocablo(grado_id, tema_id, vocablo_id)
      VALUES (0, 22, 145);
    

    INSERT INTO public.grado_tema(grado_id, tema_id)
      VALUES (0, 23);
    

    INSERT INTO public.grado_tema_vocablo(grado_id, tema_id, vocablo_id)
      VALUES (0, 23, 146);
    

    INSERT INTO public.grado_tema_vocablo(grado_id, tema_id, vocablo_id)
      VALUES (0, 23, 147);
    

    INSERT INTO public.grado_tema_vocablo(grado_id, tema_id, vocablo_id)
      VALUES (0, 23, 148);
    

    INSERT INTO public.grado_tema_vocablo(grado_id, tema_id, vocablo_id)
      VALUES (0, 23, 149);
    

    INSERT INTO public.grado_tema(grado_id, tema_id)
      VALUES (0, 24);
    

    INSERT INTO public.grado_tema_vocablo(grado_id, tema_id, vocablo_id)
      VALUES (0, 24, 150);
    

    INSERT INTO public.grado_tema(grado_id, tema_id)
      VALUES (0, 25);
    

    INSERT INTO public.grado_tema_vocablo(grado_id, tema_id, vocablo_id)
      VALUES (0, 25, 151);
    

    INSERT INTO public.grado_tema_vocablo(grado_id, tema_id, vocablo_id)
      VALUES (0, 25, 99);
    

    INSERT INTO public.grado_tema_vocablo(grado_id, tema_id, vocablo_id)
      VALUES (0, 25, 152);
    

    INSERT INTO public.grado_tema_vocablo(grado_id, tema_id, vocablo_id)
      VALUES (0, 25, 153);
    

    INSERT INTO public.grado_tema_vocablo(grado_id, tema_id, vocablo_id)
      VALUES (0, 25, 154);
    

    INSERT INTO public.grado_tema(grado_id, tema_id)
      VALUES (0, 26);
    

    INSERT INTO public.grado_tema_vocablo(grado_id, tema_id, vocablo_id)
      VALUES (0, 26, 155);
    

    INSERT INTO public.grado_tema_vocablo(grado_id, tema_id, vocablo_id)
      VALUES (0, 26, 156);
    

    INSERT INTO public.grado_tema_vocablo(grado_id, tema_id, vocablo_id)
      VALUES (0, 26, 157);
    

    INSERT INTO public.grado_tema_vocablo(grado_id, tema_id, vocablo_id)
      VALUES (0, 26, 158);
    

    INSERT INTO public.grado_tema(grado_id, tema_id)
      VALUES (0, 27);
    

    INSERT INTO public.grado_tema_vocablo(grado_id, tema_id, vocablo_id)
      VALUES (0, 27, 159);
    


--
-- Primer Grado
--

    INSERT INTO public.grado_tema(grado_id, tema_id)
      VALUES (1, 33);
    

    INSERT INTO public.grado_tema_vocablo(grado_id, tema_id, vocablo_id)
      VALUES (1, 33, 15);
    

    INSERT INTO public.grado_tema_vocablo(grado_id, tema_id, vocablo_id)
      VALUES (1, 33, 16);
    

    INSERT INTO public.grado_tema_vocablo(grado_id, tema_id, vocablo_id)
      VALUES (1, 33, 17);
    

    INSERT INTO public.grado_tema_vocablo(grado_id, tema_id, vocablo_id)
      VALUES (1, 33, 18);
    

    INSERT INTO public.grado_tema_vocablo(grado_id, tema_id, vocablo_id)
      VALUES (1, 33, 19);
    

    INSERT INTO public.grado_tema_vocablo(grado_id, tema_id, vocablo_id)
      VALUES (1, 33, 20);
    

    INSERT INTO public.grado_tema_vocablo(grado_id, tema_id, vocablo_id)
      VALUES (1, 33, 21);
    

    INSERT INTO public.grado_tema_vocablo(grado_id, tema_id, vocablo_id)
      VALUES (1, 33, 22);
    

    INSERT INTO public.grado_tema_vocablo(grado_id, tema_id, vocablo_id)
      VALUES (1, 33, 23);
    

    INSERT INTO public.grado_tema_vocablo(grado_id, tema_id, vocablo_id)
      VALUES (1, 33, 24);
    

    INSERT INTO public.grado_tema_vocablo(grado_id, tema_id, vocablo_id)
      VALUES (1, 33, 25);
    

    INSERT INTO public.grado_tema_vocablo(grado_id, tema_id, vocablo_id)
      VALUES (1, 33, 26);
    

    INSERT INTO public.grado_tema_vocablo(grado_id, tema_id, vocablo_id)
      VALUES (1, 33, 27);
    

    INSERT INTO public.grado_tema_vocablo(grado_id, tema_id, vocablo_id)
      VALUES (1, 33, 28);
    

    INSERT INTO public.grado_tema_vocablo(grado_id, tema_id, vocablo_id)
      VALUES (1, 33, 29);
    

    INSERT INTO public.grado_tema(grado_id, tema_id)
      VALUES (1, 0);
    

    INSERT INTO public.grado_tema_vocablo(grado_id, tema_id, vocablo_id)
      VALUES (1, 0, 15);
    

    INSERT INTO public.grado_tema_vocablo(grado_id, tema_id, vocablo_id)
      VALUES (1, 0, 16);
    

    INSERT INTO public.grado_tema_vocablo(grado_id, tema_id, vocablo_id)
      VALUES (1, 0, 18);
    

    INSERT INTO public.grado_tema_vocablo(grado_id, tema_id, vocablo_id)
      VALUES (1, 0, 17);
    

    INSERT INTO public.grado_tema_vocablo(grado_id, tema_id, vocablo_id)
      VALUES (1, 0, 160);
    

    INSERT INTO public.grado_tema(grado_id, tema_id)
      VALUES (1, 1);
    

    INSERT INTO public.grado_tema_vocablo(grado_id, tema_id, vocablo_id)
      VALUES (1, 1, 161);
    

    INSERT INTO public.grado_tema_vocablo(grado_id, tema_id, vocablo_id)
      VALUES (1, 1, 162);
    

    INSERT INTO public.grado_tema_vocablo(grado_id, tema_id, vocablo_id)
      VALUES (1, 1, 163);
    

    INSERT INTO public.grado_tema_vocablo(grado_id, tema_id, vocablo_id)
      VALUES (1, 1, 164);
    

    INSERT INTO public.grado_tema_vocablo(grado_id, tema_id, vocablo_id)
      VALUES (1, 1, 18);
    

    INSERT INTO public.grado_tema_vocablo(grado_id, tema_id, vocablo_id)
      VALUES (1, 1, 165);
    

    INSERT INTO public.grado_tema_vocablo(grado_id, tema_id, vocablo_id)
      VALUES (1, 1, 166);
    

    INSERT INTO public.grado_tema_vocablo(grado_id, tema_id, vocablo_id)
      VALUES (1, 1, 167);
    

    INSERT INTO public.grado_tema(grado_id, tema_id)
      VALUES (1, 2);
    

    INSERT INTO public.grado_tema_vocablo(grado_id, tema_id, vocablo_id)
      VALUES (1, 2, 168);
    

    INSERT INTO public.grado_tema(grado_id, tema_id)
      VALUES (1, 4);
    

    INSERT INTO public.grado_tema_vocablo(grado_id, tema_id, vocablo_id)
      VALUES (1, 4, 8);
    

    INSERT INTO public.grado_tema_vocablo(grado_id, tema_id, vocablo_id)
      VALUES (1, 4, 9);
    

    INSERT INTO public.grado_tema_vocablo(grado_id, tema_id, vocablo_id)
      VALUES (1, 4, 10);
    

    INSERT INTO public.grado_tema_vocablo(grado_id, tema_id, vocablo_id)
      VALUES (1, 4, 19);
    

    INSERT INTO public.grado_tema(grado_id, tema_id)
      VALUES (1, 5);
    

    INSERT INTO public.grado_tema_vocablo(grado_id, tema_id, vocablo_id)
      VALUES (1, 5, 110);
    

    INSERT INTO public.grado_tema_vocablo(grado_id, tema_id, vocablo_id)
      VALUES (1, 5, 111);
    

    INSERT INTO public.grado_tema_vocablo(grado_id, tema_id, vocablo_id)
      VALUES (1, 5, 169);
    

    INSERT INTO public.grado_tema(grado_id, tema_id)
      VALUES (1, 7);
    

    INSERT INTO public.grado_tema_vocablo(grado_id, tema_id, vocablo_id)
      VALUES (1, 7, 170);
    

    INSERT INTO public.grado_tema_vocablo(grado_id, tema_id, vocablo_id)
      VALUES (1, 7, 171);
    

    INSERT INTO public.grado_tema_vocablo(grado_id, tema_id, vocablo_id)
      VALUES (1, 7, 172);
    

    INSERT INTO public.grado_tema(grado_id, tema_id)
      VALUES (1, 8);
    

    INSERT INTO public.grado_tema_vocablo(grado_id, tema_id, vocablo_id)
      VALUES (1, 8, 112);
    

    INSERT INTO public.grado_tema_vocablo(grado_id, tema_id, vocablo_id)
      VALUES (1, 8, 173);
    

    INSERT INTO public.grado_tema_vocablo(grado_id, tema_id, vocablo_id)
      VALUES (1, 8, 174);
    

    INSERT INTO public.grado_tema(grado_id, tema_id)
      VALUES (1, 9);
    

    INSERT INTO public.grado_tema_vocablo(grado_id, tema_id, vocablo_id)
      VALUES (1, 9, 20);
    

    INSERT INTO public.grado_tema_vocablo(grado_id, tema_id, vocablo_id)
      VALUES (1, 9, 21);
    

    INSERT INTO public.grado_tema_vocablo(grado_id, tema_id, vocablo_id)
      VALUES (1, 9, 22);
    

    INSERT INTO public.grado_tema_vocablo(grado_id, tema_id, vocablo_id)
      VALUES (1, 9, 29);
    

    INSERT INTO public.grado_tema_vocablo(grado_id, tema_id, vocablo_id)
      VALUES (1, 9, 23);
    

    INSERT INTO public.grado_tema(grado_id, tema_id)
      VALUES (1, 11);
    

    INSERT INTO public.grado_tema_vocablo(grado_id, tema_id, vocablo_id)
      VALUES (1, 11, 175);
    

    INSERT INTO public.grado_tema_vocablo(grado_id, tema_id, vocablo_id)
      VALUES (1, 11, 176);
    

    INSERT INTO public.grado_tema_vocablo(grado_id, tema_id, vocablo_id)
      VALUES (1, 11, 177);
    

    INSERT INTO public.grado_tema(grado_id, tema_id)
      VALUES (1, 12);
    

    INSERT INTO public.grado_tema_vocablo(grado_id, tema_id, vocablo_id)
      VALUES (1, 12, 178);
    

    INSERT INTO public.grado_tema_vocablo(grado_id, tema_id, vocablo_id)
      VALUES (1, 12, 179);
    

    INSERT INTO public.grado_tema_vocablo(grado_id, tema_id, vocablo_id)
      VALUES (1, 12, 117);
    

    INSERT INTO public.grado_tema_vocablo(grado_id, tema_id, vocablo_id)
      VALUES (1, 12, 180);
    

    INSERT INTO public.grado_tema_vocablo(grado_id, tema_id, vocablo_id)
      VALUES (1, 12, 181);
    

    INSERT INTO public.grado_tema(grado_id, tema_id)
      VALUES (1, 13);
    

    INSERT INTO public.grado_tema_vocablo(grado_id, tema_id, vocablo_id)
      VALUES (1, 13, 121);
    

    INSERT INTO public.grado_tema_vocablo(grado_id, tema_id, vocablo_id)
      VALUES (1, 13, 182);
    

    INSERT INTO public.grado_tema_vocablo(grado_id, tema_id, vocablo_id)
      VALUES (1, 13, 183);
    

    INSERT INTO public.grado_tema(grado_id, tema_id)
      VALUES (1, 14);
    

    INSERT INTO public.grado_tema_vocablo(grado_id, tema_id, vocablo_id)
      VALUES (1, 14, 184);
    

    INSERT INTO public.grado_tema_vocablo(grado_id, tema_id, vocablo_id)
      VALUES (1, 14, 185);
    

    INSERT INTO public.grado_tema_vocablo(grado_id, tema_id, vocablo_id)
      VALUES (1, 14, 186);
    

    INSERT INTO public.grado_tema_vocablo(grado_id, tema_id, vocablo_id)
      VALUES (1, 14, 187);
    

    INSERT INTO public.grado_tema(grado_id, tema_id)
      VALUES (1, 15);
    

    INSERT INTO public.grado_tema_vocablo(grado_id, tema_id, vocablo_id)
      VALUES (1, 15, 188);
    

    INSERT INTO public.grado_tema_vocablo(grado_id, tema_id, vocablo_id)
      VALUES (1, 15, 189);
    

    INSERT INTO public.grado_tema_vocablo(grado_id, tema_id, vocablo_id)
      VALUES (1, 15, 190);
    

    INSERT INTO public.grado_tema_vocablo(grado_id, tema_id, vocablo_id)
      VALUES (1, 15, 191);
    

    INSERT INTO public.grado_tema(grado_id, tema_id)
      VALUES (1, 16);
    

    INSERT INTO public.grado_tema_vocablo(grado_id, tema_id, vocablo_id)
      VALUES (1, 16, 128);
    

    INSERT INTO public.grado_tema_vocablo(grado_id, tema_id, vocablo_id)
      VALUES (1, 16, 129);
    

    INSERT INTO public.grado_tema_vocablo(grado_id, tema_id, vocablo_id)
      VALUES (1, 16, 192);
    

    INSERT INTO public.grado_tema_vocablo(grado_id, tema_id, vocablo_id)
      VALUES (1, 16, 127);
    

    INSERT INTO public.grado_tema(grado_id, tema_id)
      VALUES (1, 17);
    

    INSERT INTO public.grado_tema_vocablo(grado_id, tema_id, vocablo_id)
      VALUES (1, 17, 135);
    

    INSERT INTO public.grado_tema_vocablo(grado_id, tema_id, vocablo_id)
      VALUES (1, 17, 136);
    

    INSERT INTO public.grado_tema_vocablo(grado_id, tema_id, vocablo_id)
      VALUES (1, 17, 133);
    

    INSERT INTO public.grado_tema_vocablo(grado_id, tema_id, vocablo_id)
      VALUES (1, 17, 130);
    

    INSERT INTO public.grado_tema_vocablo(grado_id, tema_id, vocablo_id)
      VALUES (1, 17, 134);
    

    INSERT INTO public.grado_tema_vocablo(grado_id, tema_id, vocablo_id)
      VALUES (1, 17, 132);
    

    INSERT INTO public.grado_tema_vocablo(grado_id, tema_id, vocablo_id)
      VALUES (1, 17, 131);
    

    INSERT INTO public.grado_tema(grado_id, tema_id)
      VALUES (1, 18);
    

    INSERT INTO public.grado_tema_vocablo(grado_id, tema_id, vocablo_id)
      VALUES (1, 18, 138);
    

    INSERT INTO public.grado_tema_vocablo(grado_id, tema_id, vocablo_id)
      VALUES (1, 18, 137);
    

    INSERT INTO public.grado_tema_vocablo(grado_id, tema_id, vocablo_id)
      VALUES (1, 18, 193);
    

    INSERT INTO public.grado_tema_vocablo(grado_id, tema_id, vocablo_id)
      VALUES (1, 18, 194);
    

    INSERT INTO public.grado_tema_vocablo(grado_id, tema_id, vocablo_id)
      VALUES (1, 18, 195);
    

    INSERT INTO public.grado_tema_vocablo(grado_id, tema_id, vocablo_id)
      VALUES (1, 18, 196);
    

    INSERT INTO public.grado_tema_vocablo(grado_id, tema_id, vocablo_id)
      VALUES (1, 18, 197);
    

    INSERT INTO public.grado_tema_vocablo(grado_id, tema_id, vocablo_id)
      VALUES (1, 18, 198);
    

    INSERT INTO public.grado_tema(grado_id, tema_id)
      VALUES (1, 19);
    

    INSERT INTO public.grado_tema_vocablo(grado_id, tema_id, vocablo_id)
      VALUES (1, 19, 199);
    

    INSERT INTO public.grado_tema_vocablo(grado_id, tema_id, vocablo_id)
      VALUES (1, 19, 200);
    

    INSERT INTO public.grado_tema_vocablo(grado_id, tema_id, vocablo_id)
      VALUES (1, 19, 201);
    

    INSERT INTO public.grado_tema_vocablo(grado_id, tema_id, vocablo_id)
      VALUES (1, 19, 202);
    

    INSERT INTO public.grado_tema_vocablo(grado_id, tema_id, vocablo_id)
      VALUES (1, 19, 203);
    

    INSERT INTO public.grado_tema(grado_id, tema_id)
      VALUES (1, 20);
    

    INSERT INTO public.grado_tema_vocablo(grado_id, tema_id, vocablo_id)
      VALUES (1, 20, 204);
    

    INSERT INTO public.grado_tema_vocablo(grado_id, tema_id, vocablo_id)
      VALUES (1, 20, 205);
    

    INSERT INTO public.grado_tema_vocablo(grado_id, tema_id, vocablo_id)
      VALUES (1, 20, 206);
    

    INSERT INTO public.grado_tema_vocablo(grado_id, tema_id, vocablo_id)
      VALUES (1, 20, 207);
    

    INSERT INTO public.grado_tema_vocablo(grado_id, tema_id, vocablo_id)
      VALUES (1, 20, 208);
    

    INSERT INTO public.grado_tema_vocablo(grado_id, tema_id, vocablo_id)
      VALUES (1, 20, 209);
    

    INSERT INTO public.grado_tema_vocablo(grado_id, tema_id, vocablo_id)
      VALUES (1, 20, 210);
    

    INSERT INTO public.grado_tema(grado_id, tema_id)
      VALUES (1, 21);
    

    INSERT INTO public.grado_tema_vocablo(grado_id, tema_id, vocablo_id)
      VALUES (1, 21, 211);
    

    INSERT INTO public.grado_tema_vocablo(grado_id, tema_id, vocablo_id)
      VALUES (1, 21, 24);
    

    INSERT INTO public.grado_tema(grado_id, tema_id)
      VALUES (1, 22);
    

    INSERT INTO public.grado_tema_vocablo(grado_id, tema_id, vocablo_id)
      VALUES (1, 22, 212);
    

    INSERT INTO public.grado_tema_vocablo(grado_id, tema_id, vocablo_id)
      VALUES (1, 22, 144);
    

    INSERT INTO public.grado_tema_vocablo(grado_id, tema_id, vocablo_id)
      VALUES (1, 22, 145);
    

    INSERT INTO public.grado_tema_vocablo(grado_id, tema_id, vocablo_id)
      VALUES (1, 22, 213);
    

    INSERT INTO public.grado_tema_vocablo(grado_id, tema_id, vocablo_id)
      VALUES (1, 22, 214);
    

    INSERT INTO public.grado_tema_vocablo(grado_id, tema_id, vocablo_id)
      VALUES (1, 22, 215);
    

    INSERT INTO public.grado_tema(grado_id, tema_id)
      VALUES (1, 23);
    

    INSERT INTO public.grado_tema_vocablo(grado_id, tema_id, vocablo_id)
      VALUES (1, 23, 216);
    

    INSERT INTO public.grado_tema_vocablo(grado_id, tema_id, vocablo_id)
      VALUES (1, 23, 217);
    

    INSERT INTO public.grado_tema_vocablo(grado_id, tema_id, vocablo_id)
      VALUES (1, 23, 218);
    

    INSERT INTO public.grado_tema_vocablo(grado_id, tema_id, vocablo_id)
      VALUES (1, 23, 219);
    

    INSERT INTO public.grado_tema_vocablo(grado_id, tema_id, vocablo_id)
      VALUES (1, 23, 220);
    

    INSERT INTO public.grado_tema_vocablo(grado_id, tema_id, vocablo_id)
      VALUES (1, 23, 221);
    

    INSERT INTO public.grado_tema_vocablo(grado_id, tema_id, vocablo_id)
      VALUES (1, 23, 222);
    

    INSERT INTO public.grado_tema(grado_id, tema_id)
      VALUES (1, 24);
    

    INSERT INTO public.grado_tema_vocablo(grado_id, tema_id, vocablo_id)
      VALUES (1, 24, 150);
    

    INSERT INTO public.grado_tema_vocablo(grado_id, tema_id, vocablo_id)
      VALUES (1, 24, 223);
    

    INSERT INTO public.grado_tema_vocablo(grado_id, tema_id, vocablo_id)
      VALUES (1, 24, 224);
    

    INSERT INTO public.grado_tema(grado_id, tema_id)
      VALUES (1, 25);
    

    INSERT INTO public.grado_tema_vocablo(grado_id, tema_id, vocablo_id)
      VALUES (1, 25, 225);
    

    INSERT INTO public.grado_tema_vocablo(grado_id, tema_id, vocablo_id)
      VALUES (1, 25, 226);
    

    INSERT INTO public.grado_tema_vocablo(grado_id, tema_id, vocablo_id)
      VALUES (1, 25, 227);
    

    INSERT INTO public.grado_tema_vocablo(grado_id, tema_id, vocablo_id)
      VALUES (1, 25, 228);
    

    INSERT INTO public.grado_tema_vocablo(grado_id, tema_id, vocablo_id)
      VALUES (1, 25, 229);
    

    INSERT INTO public.grado_tema_vocablo(grado_id, tema_id, vocablo_id)
      VALUES (1, 25, 230);
    

    INSERT INTO public.grado_tema(grado_id, tema_id)
      VALUES (1, 26);
    

    INSERT INTO public.grado_tema_vocablo(grado_id, tema_id, vocablo_id)
      VALUES (1, 26, 155);
    

    INSERT INTO public.grado_tema_vocablo(grado_id, tema_id, vocablo_id)
      VALUES (1, 26, 156);
    

    INSERT INTO public.grado_tema_vocablo(grado_id, tema_id, vocablo_id)
      VALUES (1, 26, 157);
    

    INSERT INTO public.grado_tema_vocablo(grado_id, tema_id, vocablo_id)
      VALUES (1, 26, 158);
    

    INSERT INTO public.grado_tema(grado_id, tema_id)
      VALUES (1, 27);
    

    INSERT INTO public.grado_tema_vocablo(grado_id, tema_id, vocablo_id)
      VALUES (1, 27, 231);
    

    INSERT INTO public.grado_tema_vocablo(grado_id, tema_id, vocablo_id)
      VALUES (1, 27, 232);
    

    INSERT INTO public.grado_tema(grado_id, tema_id)
      VALUES (1, 28);
    

    INSERT INTO public.grado_tema_vocablo(grado_id, tema_id, vocablo_id)
      VALUES (1, 28, 233);
    

    INSERT INTO public.grado_tema_vocablo(grado_id, tema_id, vocablo_id)
      VALUES (1, 28, 234);
    

    INSERT INTO public.grado_tema_vocablo(grado_id, tema_id, vocablo_id)
      VALUES (1, 28, 235);
    

    INSERT INTO public.grado_tema_vocablo(grado_id, tema_id, vocablo_id)
      VALUES (1, 28, 236);
    

    INSERT INTO public.grado_tema(grado_id, tema_id)
      VALUES (1, 29);
    

    INSERT INTO public.grado_tema_vocablo(grado_id, tema_id, vocablo_id)
      VALUES (1, 29, 237);
    

    INSERT INTO public.grado_tema_vocablo(grado_id, tema_id, vocablo_id)
      VALUES (1, 29, 238);
    

    INSERT INTO public.grado_tema_vocablo(grado_id, tema_id, vocablo_id)
      VALUES (1, 29, 25);
    

    INSERT INTO public.grado_tema(grado_id, tema_id)
      VALUES (1, 30);
    

    INSERT INTO public.grado_tema_vocablo(grado_id, tema_id, vocablo_id)
      VALUES (1, 30, 26);
    

    INSERT INTO public.grado_tema_vocablo(grado_id, tema_id, vocablo_id)
      VALUES (1, 30, 27);
    

    INSERT INTO public.grado_tema_vocablo(grado_id, tema_id, vocablo_id)
      VALUES (1, 30, 28);
    

    INSERT INTO public.grado_tema_vocablo(grado_id, tema_id, vocablo_id)
      VALUES (1, 30, 239);
    

    INSERT INTO public.grado_tema(grado_id, tema_id)
      VALUES (1, 31);
    

    INSERT INTO public.grado_tema_vocablo(grado_id, tema_id, vocablo_id)
      VALUES (1, 31, 99);
    

    INSERT INTO public.grado_tema_vocablo(grado_id, tema_id, vocablo_id)
      VALUES (1, 31, 240);
    

    INSERT INTO public.grado_tema_vocablo(grado_id, tema_id, vocablo_id)
      VALUES (1, 31, 241);
    


--
-- Segundo Grado
--

    INSERT INTO public.grado_tema(grado_id, tema_id)
      VALUES (2, 34);
    

    INSERT INTO public.grado_tema_vocablo(grado_id, tema_id, vocablo_id)
      VALUES (2, 34, 30);
    

    INSERT INTO public.grado_tema_vocablo(grado_id, tema_id, vocablo_id)
      VALUES (2, 34, 31);
    

    INSERT INTO public.grado_tema_vocablo(grado_id, tema_id, vocablo_id)
      VALUES (2, 34, 32);
    

    INSERT INTO public.grado_tema_vocablo(grado_id, tema_id, vocablo_id)
      VALUES (2, 34, 33);
    

    INSERT INTO public.grado_tema_vocablo(grado_id, tema_id, vocablo_id)
      VALUES (2, 34, 34);
    

    INSERT INTO public.grado_tema_vocablo(grado_id, tema_id, vocablo_id)
      VALUES (2, 34, 35);
    

    INSERT INTO public.grado_tema_vocablo(grado_id, tema_id, vocablo_id)
      VALUES (2, 34, 36);
    

    INSERT INTO public.grado_tema_vocablo(grado_id, tema_id, vocablo_id)
      VALUES (2, 34, 37);
    

    INSERT INTO public.grado_tema_vocablo(grado_id, tema_id, vocablo_id)
      VALUES (2, 34, 38);
    

    INSERT INTO public.grado_tema_vocablo(grado_id, tema_id, vocablo_id)
      VALUES (2, 34, 39);
    

    INSERT INTO public.grado_tema_vocablo(grado_id, tema_id, vocablo_id)
      VALUES (2, 34, 40);
    

    INSERT INTO public.grado_tema_vocablo(grado_id, tema_id, vocablo_id)
      VALUES (2, 34, 41);
    

    INSERT INTO public.grado_tema_vocablo(grado_id, tema_id, vocablo_id)
      VALUES (2, 34, 42);
    

    INSERT INTO public.grado_tema_vocablo(grado_id, tema_id, vocablo_id)
      VALUES (2, 34, 43);
    

    INSERT INTO public.grado_tema_vocablo(grado_id, tema_id, vocablo_id)
      VALUES (2, 34, 44);
    

    INSERT INTO public.grado_tema(grado_id, tema_id)
      VALUES (2, 0);
    

    INSERT INTO public.grado_tema_vocablo(grado_id, tema_id, vocablo_id)
      VALUES (2, 0, 242);
    

    INSERT INTO public.grado_tema_vocablo(grado_id, tema_id, vocablo_id)
      VALUES (2, 0, 243);
    

    INSERT INTO public.grado_tema_vocablo(grado_id, tema_id, vocablo_id)
      VALUES (2, 0, 244);
    

    INSERT INTO public.grado_tema_vocablo(grado_id, tema_id, vocablo_id)
      VALUES (2, 0, 245);
    

    INSERT INTO public.grado_tema_vocablo(grado_id, tema_id, vocablo_id)
      VALUES (2, 0, 246);
    

    INSERT INTO public.grado_tema(grado_id, tema_id)
      VALUES (2, 1);
    

    INSERT INTO public.grado_tema_vocablo(grado_id, tema_id, vocablo_id)
      VALUES (2, 1, 247);
    

    INSERT INTO public.grado_tema_vocablo(grado_id, tema_id, vocablo_id)
      VALUES (2, 1, 248);
    

    INSERT INTO public.grado_tema_vocablo(grado_id, tema_id, vocablo_id)
      VALUES (2, 1, 249);
    

    INSERT INTO public.grado_tema_vocablo(grado_id, tema_id, vocablo_id)
      VALUES (2, 1, 250);
    

    INSERT INTO public.grado_tema_vocablo(grado_id, tema_id, vocablo_id)
      VALUES (2, 1, 251);
    

    INSERT INTO public.grado_tema(grado_id, tema_id)
      VALUES (2, 2);
    

    INSERT INTO public.grado_tema_vocablo(grado_id, tema_id, vocablo_id)
      VALUES (2, 2, 252);
    

    INSERT INTO public.grado_tema(grado_id, tema_id)
      VALUES (2, 4);
    

    INSERT INTO public.grado_tema_vocablo(grado_id, tema_id, vocablo_id)
      VALUES (2, 4, 8);
    

    INSERT INTO public.grado_tema_vocablo(grado_id, tema_id, vocablo_id)
      VALUES (2, 4, 9);
    

    INSERT INTO public.grado_tema_vocablo(grado_id, tema_id, vocablo_id)
      VALUES (2, 4, 253);
    

    INSERT INTO public.grado_tema_vocablo(grado_id, tema_id, vocablo_id)
      VALUES (2, 4, 30);
    

    INSERT INTO public.grado_tema_vocablo(grado_id, tema_id, vocablo_id)
      VALUES (2, 4, 19);
    

    INSERT INTO public.grado_tema(grado_id, tema_id)
      VALUES (2, 5);
    

    INSERT INTO public.grado_tema_vocablo(grado_id, tema_id, vocablo_id)
      VALUES (2, 5, 254);
    

    INSERT INTO public.grado_tema_vocablo(grado_id, tema_id, vocablo_id)
      VALUES (2, 5, 110);
    

    INSERT INTO public.grado_tema_vocablo(grado_id, tema_id, vocablo_id)
      VALUES (2, 5, 111);
    

    INSERT INTO public.grado_tema_vocablo(grado_id, tema_id, vocablo_id)
      VALUES (2, 5, 255);
    

    INSERT INTO public.grado_tema_vocablo(grado_id, tema_id, vocablo_id)
      VALUES (2, 5, 169);
    

    INSERT INTO public.grado_tema(grado_id, tema_id)
      VALUES (2, 7);
    

    INSERT INTO public.grado_tema_vocablo(grado_id, tema_id, vocablo_id)
      VALUES (2, 7, 256);
    

    INSERT INTO public.grado_tema_vocablo(grado_id, tema_id, vocablo_id)
      VALUES (2, 7, 257);
    

    INSERT INTO public.grado_tema_vocablo(grado_id, tema_id, vocablo_id)
      VALUES (2, 7, 258);
    

    INSERT INTO public.grado_tema(grado_id, tema_id)
      VALUES (2, 8);
    

    INSERT INTO public.grado_tema_vocablo(grado_id, tema_id, vocablo_id)
      VALUES (2, 8, 112);
    

    INSERT INTO public.grado_tema_vocablo(grado_id, tema_id, vocablo_id)
      VALUES (2, 8, 174);
    

    INSERT INTO public.grado_tema_vocablo(grado_id, tema_id, vocablo_id)
      VALUES (2, 8, 259);
    

    INSERT INTO public.grado_tema_vocablo(grado_id, tema_id, vocablo_id)
      VALUES (2, 8, 260);
    

    INSERT INTO public.grado_tema_vocablo(grado_id, tema_id, vocablo_id)
      VALUES (2, 8, 173);
    

    INSERT INTO public.grado_tema(grado_id, tema_id)
      VALUES (2, 9);
    

    INSERT INTO public.grado_tema_vocablo(grado_id, tema_id, vocablo_id)
      VALUES (2, 9, 20);
    

    INSERT INTO public.grado_tema_vocablo(grado_id, tema_id, vocablo_id)
      VALUES (2, 9, 114);
    

    INSERT INTO public.grado_tema_vocablo(grado_id, tema_id, vocablo_id)
      VALUES (2, 9, 31);
    

    INSERT INTO public.grado_tema_vocablo(grado_id, tema_id, vocablo_id)
      VALUES (2, 9, 32);
    

    INSERT INTO public.grado_tema_vocablo(grado_id, tema_id, vocablo_id)
      VALUES (2, 9, 113);
    

    INSERT INTO public.grado_tema(grado_id, tema_id)
      VALUES (2, 11);
    

    INSERT INTO public.grado_tema_vocablo(grado_id, tema_id, vocablo_id)
      VALUES (2, 11, 261);
    

    INSERT INTO public.grado_tema_vocablo(grado_id, tema_id, vocablo_id)
      VALUES (2, 11, 262);
    

    INSERT INTO public.grado_tema_vocablo(grado_id, tema_id, vocablo_id)
      VALUES (2, 11, 263);
    

    INSERT INTO public.grado_tema_vocablo(grado_id, tema_id, vocablo_id)
      VALUES (2, 11, 264);
    

    INSERT INTO public.grado_tema_vocablo(grado_id, tema_id, vocablo_id)
      VALUES (2, 11, 265);
    

    INSERT INTO public.grado_tema(grado_id, tema_id)
      VALUES (2, 12);
    

    INSERT INTO public.grado_tema_vocablo(grado_id, tema_id, vocablo_id)
      VALUES (2, 12, 266);
    

    INSERT INTO public.grado_tema_vocablo(grado_id, tema_id, vocablo_id)
      VALUES (2, 12, 267);
    

    INSERT INTO public.grado_tema_vocablo(grado_id, tema_id, vocablo_id)
      VALUES (2, 12, 268);
    

    INSERT INTO public.grado_tema_vocablo(grado_id, tema_id, vocablo_id)
      VALUES (2, 12, 269);
    

    INSERT INTO public.grado_tema_vocablo(grado_id, tema_id, vocablo_id)
      VALUES (2, 12, 270);
    

    INSERT INTO public.grado_tema(grado_id, tema_id)
      VALUES (2, 13);
    

    INSERT INTO public.grado_tema_vocablo(grado_id, tema_id, vocablo_id)
      VALUES (2, 13, 271);
    

    INSERT INTO public.grado_tema_vocablo(grado_id, tema_id, vocablo_id)
      VALUES (2, 13, 272);
    

    INSERT INTO public.grado_tema_vocablo(grado_id, tema_id, vocablo_id)
      VALUES (2, 13, 273);
    

    INSERT INTO public.grado_tema(grado_id, tema_id)
      VALUES (2, 14);
    

    INSERT INTO public.grado_tema_vocablo(grado_id, tema_id, vocablo_id)
      VALUES (2, 14, 123);
    

    INSERT INTO public.grado_tema_vocablo(grado_id, tema_id, vocablo_id)
      VALUES (2, 14, 33);
    

    INSERT INTO public.grado_tema_vocablo(grado_id, tema_id, vocablo_id)
      VALUES (2, 14, 34);
    

    INSERT INTO public.grado_tema_vocablo(grado_id, tema_id, vocablo_id)
      VALUES (2, 14, 35);
    

    INSERT INTO public.grado_tema_vocablo(grado_id, tema_id, vocablo_id)
      VALUES (2, 14, 36);
    

    INSERT INTO public.grado_tema(grado_id, tema_id)
      VALUES (2, 15);
    

    INSERT INTO public.grado_tema_vocablo(grado_id, tema_id, vocablo_id)
      VALUES (2, 15, 274);
    

    INSERT INTO public.grado_tema_vocablo(grado_id, tema_id, vocablo_id)
      VALUES (2, 15, 275);
    

    INSERT INTO public.grado_tema_vocablo(grado_id, tema_id, vocablo_id)
      VALUES (2, 15, 188);
    

    INSERT INTO public.grado_tema_vocablo(grado_id, tema_id, vocablo_id)
      VALUES (2, 15, 276);
    

    INSERT INTO public.grado_tema_vocablo(grado_id, tema_id, vocablo_id)
      VALUES (2, 15, 277);
    

    INSERT INTO public.grado_tema(grado_id, tema_id)
      VALUES (2, 16);
    

    INSERT INTO public.grado_tema_vocablo(grado_id, tema_id, vocablo_id)
      VALUES (2, 16, 278);
    

    INSERT INTO public.grado_tema_vocablo(grado_id, tema_id, vocablo_id)
      VALUES (2, 16, 279);
    

    INSERT INTO public.grado_tema_vocablo(grado_id, tema_id, vocablo_id)
      VALUES (2, 16, 280);
    

    INSERT INTO public.grado_tema_vocablo(grado_id, tema_id, vocablo_id)
      VALUES (2, 16, 281);
    

    INSERT INTO public.grado_tema_vocablo(grado_id, tema_id, vocablo_id)
      VALUES (2, 16, 282);
    

    INSERT INTO public.grado_tema(grado_id, tema_id)
      VALUES (2, 17);
    

    INSERT INTO public.grado_tema_vocablo(grado_id, tema_id, vocablo_id)
      VALUES (2, 17, 135);
    

    INSERT INTO public.grado_tema_vocablo(grado_id, tema_id, vocablo_id)
      VALUES (2, 17, 133);
    

    INSERT INTO public.grado_tema_vocablo(grado_id, tema_id, vocablo_id)
      VALUES (2, 17, 130);
    

    INSERT INTO public.grado_tema_vocablo(grado_id, tema_id, vocablo_id)
      VALUES (2, 17, 134);
    

    INSERT INTO public.grado_tema_vocablo(grado_id, tema_id, vocablo_id)
      VALUES (2, 17, 131);
    

    INSERT INTO public.grado_tema(grado_id, tema_id)
      VALUES (2, 18);
    

    INSERT INTO public.grado_tema_vocablo(grado_id, tema_id, vocablo_id)
      VALUES (2, 18, 283);
    

    INSERT INTO public.grado_tema_vocablo(grado_id, tema_id, vocablo_id)
      VALUES (2, 18, 284);
    

    INSERT INTO public.grado_tema_vocablo(grado_id, tema_id, vocablo_id)
      VALUES (2, 18, 285);
    

    INSERT INTO public.grado_tema_vocablo(grado_id, tema_id, vocablo_id)
      VALUES (2, 18, 286);
    

    INSERT INTO public.grado_tema_vocablo(grado_id, tema_id, vocablo_id)
      VALUES (2, 18, 287);
    

    INSERT INTO public.grado_tema(grado_id, tema_id)
      VALUES (2, 19);
    

    INSERT INTO public.grado_tema_vocablo(grado_id, tema_id, vocablo_id)
      VALUES (2, 19, 139);
    

    INSERT INTO public.grado_tema_vocablo(grado_id, tema_id, vocablo_id)
      VALUES (2, 19, 202);
    

    INSERT INTO public.grado_tema_vocablo(grado_id, tema_id, vocablo_id)
      VALUES (2, 19, 140);
    

    INSERT INTO public.grado_tema_vocablo(grado_id, tema_id, vocablo_id)
      VALUES (2, 19, 141);
    

    INSERT INTO public.grado_tema_vocablo(grado_id, tema_id, vocablo_id)
      VALUES (2, 19, 203);
    

    INSERT INTO public.grado_tema(grado_id, tema_id)
      VALUES (2, 20);
    

    INSERT INTO public.grado_tema_vocablo(grado_id, tema_id, vocablo_id)
      VALUES (2, 20, 205);
    

    INSERT INTO public.grado_tema_vocablo(grado_id, tema_id, vocablo_id)
      VALUES (2, 20, 209);
    

    INSERT INTO public.grado_tema_vocablo(grado_id, tema_id, vocablo_id)
      VALUES (2, 20, 208);
    

    INSERT INTO public.grado_tema_vocablo(grado_id, tema_id, vocablo_id)
      VALUES (2, 20, 7);
    

    INSERT INTO public.grado_tema_vocablo(grado_id, tema_id, vocablo_id)
      VALUES (2, 20, 5);
    

    INSERT INTO public.grado_tema(grado_id, tema_id)
      VALUES (2, 21);
    

    INSERT INTO public.grado_tema_vocablo(grado_id, tema_id, vocablo_id)
      VALUES (2, 21, 288);
    

    INSERT INTO public.grado_tema_vocablo(grado_id, tema_id, vocablo_id)
      VALUES (2, 21, 37);
    

    INSERT INTO public.grado_tema_vocablo(grado_id, tema_id, vocablo_id)
      VALUES (2, 21, 289);
    

    INSERT INTO public.grado_tema_vocablo(grado_id, tema_id, vocablo_id)
      VALUES (2, 21, 143);
    

    INSERT INTO public.grado_tema_vocablo(grado_id, tema_id, vocablo_id)
      VALUES (2, 21, 38);
    

    INSERT INTO public.grado_tema(grado_id, tema_id)
      VALUES (2, 22);
    

    INSERT INTO public.grado_tema_vocablo(grado_id, tema_id, vocablo_id)
      VALUES (2, 22, 39);
    

    INSERT INTO public.grado_tema_vocablo(grado_id, tema_id, vocablo_id)
      VALUES (2, 22, 290);
    

    INSERT INTO public.grado_tema_vocablo(grado_id, tema_id, vocablo_id)
      VALUES (2, 22, 291);
    

    INSERT INTO public.grado_tema_vocablo(grado_id, tema_id, vocablo_id)
      VALUES (2, 22, 40);
    

    INSERT INTO public.grado_tema_vocablo(grado_id, tema_id, vocablo_id)
      VALUES (2, 22, 292);
    

    INSERT INTO public.grado_tema(grado_id, tema_id)
      VALUES (2, 23);
    

    INSERT INTO public.grado_tema_vocablo(grado_id, tema_id, vocablo_id)
      VALUES (2, 23, 293);
    

    INSERT INTO public.grado_tema_vocablo(grado_id, tema_id, vocablo_id)
      VALUES (2, 23, 294);
    

    INSERT INTO public.grado_tema_vocablo(grado_id, tema_id, vocablo_id)
      VALUES (2, 23, 295);
    

    INSERT INTO public.grado_tema_vocablo(grado_id, tema_id, vocablo_id)
      VALUES (2, 23, 41);
    

    INSERT INTO public.grado_tema_vocablo(grado_id, tema_id, vocablo_id)
      VALUES (2, 23, 296);
    

    INSERT INTO public.grado_tema(grado_id, tema_id)
      VALUES (2, 24);
    

    INSERT INTO public.grado_tema_vocablo(grado_id, tema_id, vocablo_id)
      VALUES (2, 24, 98);
    

    INSERT INTO public.grado_tema_vocablo(grado_id, tema_id, vocablo_id)
      VALUES (2, 24, 297);
    

    INSERT INTO public.grado_tema_vocablo(grado_id, tema_id, vocablo_id)
      VALUES (2, 24, 298);
    

    INSERT INTO public.grado_tema_vocablo(grado_id, tema_id, vocablo_id)
      VALUES (2, 24, 299);
    

    INSERT INTO public.grado_tema_vocablo(grado_id, tema_id, vocablo_id)
      VALUES (2, 24, 150);
    

    INSERT INTO public.grado_tema(grado_id, tema_id)
      VALUES (2, 25);
    

    INSERT INTO public.grado_tema_vocablo(grado_id, tema_id, vocablo_id)
      VALUES (2, 25, 226);
    

    INSERT INTO public.grado_tema_vocablo(grado_id, tema_id, vocablo_id)
      VALUES (2, 25, 300);
    

    INSERT INTO public.grado_tema_vocablo(grado_id, tema_id, vocablo_id)
      VALUES (2, 25, 301);
    

    INSERT INTO public.grado_tema_vocablo(grado_id, tema_id, vocablo_id)
      VALUES (2, 25, 302);
    

    INSERT INTO public.grado_tema_vocablo(grado_id, tema_id, vocablo_id)
      VALUES (2, 25, 303);
    

    INSERT INTO public.grado_tema(grado_id, tema_id)
      VALUES (2, 26);
    

    INSERT INTO public.grado_tema_vocablo(grado_id, tema_id, vocablo_id)
      VALUES (2, 26, 304);
    

    INSERT INTO public.grado_tema_vocablo(grado_id, tema_id, vocablo_id)
      VALUES (2, 26, 305);
    

    INSERT INTO public.grado_tema_vocablo(grado_id, tema_id, vocablo_id)
      VALUES (2, 26, 306);
    

    INSERT INTO public.grado_tema_vocablo(grado_id, tema_id, vocablo_id)
      VALUES (2, 26, 307);
    

    INSERT INTO public.grado_tema_vocablo(grado_id, tema_id, vocablo_id)
      VALUES (2, 26, 308);
    

    INSERT INTO public.grado_tema(grado_id, tema_id)
      VALUES (2, 27);
    

    INSERT INTO public.grado_tema_vocablo(grado_id, tema_id, vocablo_id)
      VALUES (2, 27, 168);
    

    INSERT INTO public.grado_tema_vocablo(grado_id, tema_id, vocablo_id)
      VALUES (2, 27, 159);
    

    INSERT INTO public.grado_tema_vocablo(grado_id, tema_id, vocablo_id)
      VALUES (2, 27, 309);
    

    INSERT INTO public.grado_tema_vocablo(grado_id, tema_id, vocablo_id)
      VALUES (2, 27, 310);
    

    INSERT INTO public.grado_tema(grado_id, tema_id)
      VALUES (2, 28);
    

    INSERT INTO public.grado_tema_vocablo(grado_id, tema_id, vocablo_id)
      VALUES (2, 28, 311);
    

    INSERT INTO public.grado_tema_vocablo(grado_id, tema_id, vocablo_id)
      VALUES (2, 28, 312);
    

    INSERT INTO public.grado_tema_vocablo(grado_id, tema_id, vocablo_id)
      VALUES (2, 28, 313);
    

    INSERT INTO public.grado_tema_vocablo(grado_id, tema_id, vocablo_id)
      VALUES (2, 28, 314);
    

    INSERT INTO public.grado_tema_vocablo(grado_id, tema_id, vocablo_id)
      VALUES (2, 28, 235);
    

    INSERT INTO public.grado_tema(grado_id, tema_id)
      VALUES (2, 29);
    

    INSERT INTO public.grado_tema_vocablo(grado_id, tema_id, vocablo_id)
      VALUES (2, 29, 42);
    

    INSERT INTO public.grado_tema_vocablo(grado_id, tema_id, vocablo_id)
      VALUES (2, 29, 315);
    

    INSERT INTO public.grado_tema_vocablo(grado_id, tema_id, vocablo_id)
      VALUES (2, 29, 43);
    

    INSERT INTO public.grado_tema(grado_id, tema_id)
      VALUES (2, 30);
    

    INSERT INTO public.grado_tema_vocablo(grado_id, tema_id, vocablo_id)
      VALUES (2, 30, 316);
    

    INSERT INTO public.grado_tema_vocablo(grado_id, tema_id, vocablo_id)
      VALUES (2, 30, 44);
    

    INSERT INTO public.grado_tema_vocablo(grado_id, tema_id, vocablo_id)
      VALUES (2, 30, 317);
    

    INSERT INTO public.grado_tema_vocablo(grado_id, tema_id, vocablo_id)
      VALUES (2, 30, 318);
    

    INSERT INTO public.grado_tema_vocablo(grado_id, tema_id, vocablo_id)
      VALUES (2, 30, 319);
    

    INSERT INTO public.grado_tema(grado_id, tema_id)
      VALUES (2, 31);
    

    INSERT INTO public.grado_tema_vocablo(grado_id, tema_id, vocablo_id)
      VALUES (2, 31, 320);
    

    INSERT INTO public.grado_tema_vocablo(grado_id, tema_id, vocablo_id)
      VALUES (2, 31, 321);
    

    INSERT INTO public.grado_tema_vocablo(grado_id, tema_id, vocablo_id)
      VALUES (2, 31, 322);
    

    INSERT INTO public.grado_tema_vocablo(grado_id, tema_id, vocablo_id)
      VALUES (2, 31, 323);
    

    INSERT INTO public.grado_tema_vocablo(grado_id, tema_id, vocablo_id)
      VALUES (2, 31, 324);
    


--
-- Tercer Grado
--

    INSERT INTO public.grado_tema(grado_id, tema_id)
      VALUES (3, 35);
    

    INSERT INTO public.grado_tema_vocablo(grado_id, tema_id, vocablo_id)
      VALUES (3, 35, 45);
    

    INSERT INTO public.grado_tema_vocablo(grado_id, tema_id, vocablo_id)
      VALUES (3, 35, 46);
    

    INSERT INTO public.grado_tema_vocablo(grado_id, tema_id, vocablo_id)
      VALUES (3, 35, 47);
    

    INSERT INTO public.grado_tema_vocablo(grado_id, tema_id, vocablo_id)
      VALUES (3, 35, 48);
    

    INSERT INTO public.grado_tema_vocablo(grado_id, tema_id, vocablo_id)
      VALUES (3, 35, 49);
    

    INSERT INTO public.grado_tema_vocablo(grado_id, tema_id, vocablo_id)
      VALUES (3, 35, 50);
    

    INSERT INTO public.grado_tema_vocablo(grado_id, tema_id, vocablo_id)
      VALUES (3, 35, 51);
    

    INSERT INTO public.grado_tema_vocablo(grado_id, tema_id, vocablo_id)
      VALUES (3, 35, 52);
    

    INSERT INTO public.grado_tema_vocablo(grado_id, tema_id, vocablo_id)
      VALUES (3, 35, 53);
    

    INSERT INTO public.grado_tema_vocablo(grado_id, tema_id, vocablo_id)
      VALUES (3, 35, 54);
    

    INSERT INTO public.grado_tema_vocablo(grado_id, tema_id, vocablo_id)
      VALUES (3, 35, 55);
    

    INSERT INTO public.grado_tema_vocablo(grado_id, tema_id, vocablo_id)
      VALUES (3, 35, 56);
    

    INSERT INTO public.grado_tema_vocablo(grado_id, tema_id, vocablo_id)
      VALUES (3, 35, 57);
    

    INSERT INTO public.grado_tema_vocablo(grado_id, tema_id, vocablo_id)
      VALUES (3, 35, 58);
    

    INSERT INTO public.grado_tema_vocablo(grado_id, tema_id, vocablo_id)
      VALUES (3, 35, 59);
    

    INSERT INTO public.grado_tema(grado_id, tema_id)
      VALUES (3, 0);
    

    INSERT INTO public.grado_tema_vocablo(grado_id, tema_id, vocablo_id)
      VALUES (3, 0, 45);
    

    INSERT INTO public.grado_tema_vocablo(grado_id, tema_id, vocablo_id)
      VALUES (3, 0, 46);
    

    INSERT INTO public.grado_tema_vocablo(grado_id, tema_id, vocablo_id)
      VALUES (3, 0, 325);
    

    INSERT INTO public.grado_tema_vocablo(grado_id, tema_id, vocablo_id)
      VALUES (3, 0, 47);
    

    INSERT INTO public.grado_tema_vocablo(grado_id, tema_id, vocablo_id)
      VALUES (3, 0, 48);
    

    INSERT INTO public.grado_tema_vocablo(grado_id, tema_id, vocablo_id)
      VALUES (3, 0, 326);
    

    INSERT INTO public.grado_tema_vocablo(grado_id, tema_id, vocablo_id)
      VALUES (3, 0, 327);
    

    INSERT INTO public.grado_tema_vocablo(grado_id, tema_id, vocablo_id)
      VALUES (3, 0, 328);
    

    INSERT INTO public.grado_tema_vocablo(grado_id, tema_id, vocablo_id)
      VALUES (3, 0, 49);
    

    INSERT INTO public.grado_tema(grado_id, tema_id)
      VALUES (3, 1);
    

    INSERT INTO public.grado_tema_vocablo(grado_id, tema_id, vocablo_id)
      VALUES (3, 1, 329);
    

    INSERT INTO public.grado_tema_vocablo(grado_id, tema_id, vocablo_id)
      VALUES (3, 1, 330);
    

    INSERT INTO public.grado_tema_vocablo(grado_id, tema_id, vocablo_id)
      VALUES (3, 1, 331);
    

    INSERT INTO public.grado_tema_vocablo(grado_id, tema_id, vocablo_id)
      VALUES (3, 1, 332);
    

    INSERT INTO public.grado_tema_vocablo(grado_id, tema_id, vocablo_id)
      VALUES (3, 1, 333);
    

    INSERT INTO public.grado_tema_vocablo(grado_id, tema_id, vocablo_id)
      VALUES (3, 1, 334);
    

    INSERT INTO public.grado_tema(grado_id, tema_id)
      VALUES (3, 4);
    

    INSERT INTO public.grado_tema_vocablo(grado_id, tema_id, vocablo_id)
      VALUES (3, 4, 50);
    

    INSERT INTO public.grado_tema_vocablo(grado_id, tema_id, vocablo_id)
      VALUES (3, 4, 51);
    

    INSERT INTO public.grado_tema_vocablo(grado_id, tema_id, vocablo_id)
      VALUES (3, 4, 335);
    

    INSERT INTO public.grado_tema_vocablo(grado_id, tema_id, vocablo_id)
      VALUES (3, 4, 336);
    

    INSERT INTO public.grado_tema_vocablo(grado_id, tema_id, vocablo_id)
      VALUES (3, 4, 52);
    

    INSERT INTO public.grado_tema(grado_id, tema_id)
      VALUES (3, 29);
    

    INSERT INTO public.grado_tema_vocablo(grado_id, tema_id, vocablo_id)
      VALUES (3, 29, 337);
    

    INSERT INTO public.grado_tema_vocablo(grado_id, tema_id, vocablo_id)
      VALUES (3, 29, 338);
    

    INSERT INTO public.grado_tema_vocablo(grado_id, tema_id, vocablo_id)
      VALUES (3, 29, 53);
    

    INSERT INTO public.grado_tema_vocablo(grado_id, tema_id, vocablo_id)
      VALUES (3, 29, 339);
    

    INSERT INTO public.grado_tema_vocablo(grado_id, tema_id, vocablo_id)
      VALUES (3, 29, 340);
    

    INSERT INTO public.grado_tema(grado_id, tema_id)
      VALUES (3, 7);
    

    INSERT INTO public.grado_tema_vocablo(grado_id, tema_id, vocablo_id)
      VALUES (3, 7, 341);
    

    INSERT INTO public.grado_tema_vocablo(grado_id, tema_id, vocablo_id)
      VALUES (3, 7, 257);
    

    INSERT INTO public.grado_tema_vocablo(grado_id, tema_id, vocablo_id)
      VALUES (3, 7, 170);
    

    INSERT INTO public.grado_tema_vocablo(grado_id, tema_id, vocablo_id)
      VALUES (3, 7, 342);
    

    INSERT INTO public.grado_tema_vocablo(grado_id, tema_id, vocablo_id)
      VALUES (3, 7, 171);
    

    INSERT INTO public.grado_tema_vocablo(grado_id, tema_id, vocablo_id)
      VALUES (3, 7, 172);
    

    INSERT INTO public.grado_tema_vocablo(grado_id, tema_id, vocablo_id)
      VALUES (3, 7, 258);
    

    INSERT INTO public.grado_tema_vocablo(grado_id, tema_id, vocablo_id)
      VALUES (3, 7, 343);
    

    INSERT INTO public.grado_tema(grado_id, tema_id)
      VALUES (3, 8);
    

    INSERT INTO public.grado_tema_vocablo(grado_id, tema_id, vocablo_id)
      VALUES (3, 8, 344);
    

    INSERT INTO public.grado_tema_vocablo(grado_id, tema_id, vocablo_id)
      VALUES (3, 8, 345);
    

    INSERT INTO public.grado_tema_vocablo(grado_id, tema_id, vocablo_id)
      VALUES (3, 8, 346);
    

    INSERT INTO public.grado_tema_vocablo(grado_id, tema_id, vocablo_id)
      VALUES (3, 8, 347);
    

    INSERT INTO public.grado_tema(grado_id, tema_id)
      VALUES (3, 9);
    

    INSERT INTO public.grado_tema_vocablo(grado_id, tema_id, vocablo_id)
      VALUES (3, 9, 348);
    

    INSERT INTO public.grado_tema_vocablo(grado_id, tema_id, vocablo_id)
      VALUES (3, 9, 54);
    

    INSERT INTO public.grado_tema_vocablo(grado_id, tema_id, vocablo_id)
      VALUES (3, 9, 55);
    

    INSERT INTO public.grado_tema_vocablo(grado_id, tema_id, vocablo_id)
      VALUES (3, 9, 56);
    

    INSERT INTO public.grado_tema_vocablo(grado_id, tema_id, vocablo_id)
      VALUES (3, 9, 349);
    

    INSERT INTO public.grado_tema(grado_id, tema_id)
      VALUES (3, 11);
    

    INSERT INTO public.grado_tema_vocablo(grado_id, tema_id, vocablo_id)
      VALUES (3, 11, 350);
    

    INSERT INTO public.grado_tema_vocablo(grado_id, tema_id, vocablo_id)
      VALUES (3, 11, 351);
    

    INSERT INTO public.grado_tema_vocablo(grado_id, tema_id, vocablo_id)
      VALUES (3, 11, 352);
    

    INSERT INTO public.grado_tema_vocablo(grado_id, tema_id, vocablo_id)
      VALUES (3, 11, 353);
    

    INSERT INTO public.grado_tema_vocablo(grado_id, tema_id, vocablo_id)
      VALUES (3, 11, 354);
    

    INSERT INTO public.grado_tema_vocablo(grado_id, tema_id, vocablo_id)
      VALUES (3, 11, 355);
    

    INSERT INTO public.grado_tema(grado_id, tema_id)
      VALUES (3, 12);
    

    INSERT INTO public.grado_tema_vocablo(grado_id, tema_id, vocablo_id)
      VALUES (3, 12, 356);
    

    INSERT INTO public.grado_tema_vocablo(grado_id, tema_id, vocablo_id)
      VALUES (3, 12, 357);
    

    INSERT INTO public.grado_tema_vocablo(grado_id, tema_id, vocablo_id)
      VALUES (3, 12, 358);
    

    INSERT INTO public.grado_tema_vocablo(grado_id, tema_id, vocablo_id)
      VALUES (3, 12, 359);
    

    INSERT INTO public.grado_tema_vocablo(grado_id, tema_id, vocablo_id)
      VALUES (3, 12, 360);
    

    INSERT INTO public.grado_tema_vocablo(grado_id, tema_id, vocablo_id)
      VALUES (3, 12, 361);
    

    INSERT INTO public.grado_tema_vocablo(grado_id, tema_id, vocablo_id)
      VALUES (3, 12, 362);
    

    INSERT INTO public.grado_tema_vocablo(grado_id, tema_id, vocablo_id)
      VALUES (3, 12, 57);
    

    INSERT INTO public.grado_tema_vocablo(grado_id, tema_id, vocablo_id)
      VALUES (3, 12, 363);
    

    INSERT INTO public.grado_tema(grado_id, tema_id)
      VALUES (3, 13);
    

    INSERT INTO public.grado_tema_vocablo(grado_id, tema_id, vocablo_id)
      VALUES (3, 13, 364);
    

    INSERT INTO public.grado_tema_vocablo(grado_id, tema_id, vocablo_id)
      VALUES (3, 13, 365);
    

    INSERT INTO public.grado_tema_vocablo(grado_id, tema_id, vocablo_id)
      VALUES (3, 13, 366);
    

    INSERT INTO public.grado_tema_vocablo(grado_id, tema_id, vocablo_id)
      VALUES (3, 13, 367);
    

    INSERT INTO public.grado_tema(grado_id, tema_id)
      VALUES (3, 15);
    

    INSERT INTO public.grado_tema_vocablo(grado_id, tema_id, vocablo_id)
      VALUES (3, 15, 275);
    

    INSERT INTO public.grado_tema_vocablo(grado_id, tema_id, vocablo_id)
      VALUES (3, 15, 368);
    

    INSERT INTO public.grado_tema_vocablo(grado_id, tema_id, vocablo_id)
      VALUES (3, 15, 277);
    

    INSERT INTO public.grado_tema_vocablo(grado_id, tema_id, vocablo_id)
      VALUES (3, 15, 369);
    

    INSERT INTO public.grado_tema(grado_id, tema_id)
      VALUES (3, 16);
    

    INSERT INTO public.grado_tema_vocablo(grado_id, tema_id, vocablo_id)
      VALUES (3, 16, 370);
    

    INSERT INTO public.grado_tema_vocablo(grado_id, tema_id, vocablo_id)
      VALUES (3, 16, 371);
    

    INSERT INTO public.grado_tema_vocablo(grado_id, tema_id, vocablo_id)
      VALUES (3, 16, 372);
    

    INSERT INTO public.grado_tema(grado_id, tema_id)
      VALUES (3, 18);
    

    INSERT INTO public.grado_tema_vocablo(grado_id, tema_id, vocablo_id)
      VALUES (3, 18, 138);
    

    INSERT INTO public.grado_tema_vocablo(grado_id, tema_id, vocablo_id)
      VALUES (3, 18, 284);
    

    INSERT INTO public.grado_tema_vocablo(grado_id, tema_id, vocablo_id)
      VALUES (3, 18, 285);
    

    INSERT INTO public.grado_tema_vocablo(grado_id, tema_id, vocablo_id)
      VALUES (3, 18, 286);
    

    INSERT INTO public.grado_tema_vocablo(grado_id, tema_id, vocablo_id)
      VALUES (3, 18, 137);
    

    INSERT INTO public.grado_tema_vocablo(grado_id, tema_id, vocablo_id)
      VALUES (3, 18, 193);
    

    INSERT INTO public.grado_tema_vocablo(grado_id, tema_id, vocablo_id)
      VALUES (3, 18, 194);
    

    INSERT INTO public.grado_tema_vocablo(grado_id, tema_id, vocablo_id)
      VALUES (3, 18, 195);
    

    INSERT INTO public.grado_tema_vocablo(grado_id, tema_id, vocablo_id)
      VALUES (3, 18, 287);
    

    INSERT INTO public.grado_tema_vocablo(grado_id, tema_id, vocablo_id)
      VALUES (3, 18, 196);
    

    INSERT INTO public.grado_tema_vocablo(grado_id, tema_id, vocablo_id)
      VALUES (3, 18, 283);
    

    INSERT INTO public.grado_tema_vocablo(grado_id, tema_id, vocablo_id)
      VALUES (3, 18, 197);
    

    INSERT INTO public.grado_tema_vocablo(grado_id, tema_id, vocablo_id)
      VALUES (3, 18, 373);
    

    INSERT INTO public.grado_tema_vocablo(grado_id, tema_id, vocablo_id)
      VALUES (3, 18, 198);
    

    INSERT INTO public.grado_tema(grado_id, tema_id)
      VALUES (3, 17);
    

    INSERT INTO public.grado_tema_vocablo(grado_id, tema_id, vocablo_id)
      VALUES (3, 17, 374);
    

    INSERT INTO public.grado_tema_vocablo(grado_id, tema_id, vocablo_id)
      VALUES (3, 17, 375);
    

    INSERT INTO public.grado_tema_vocablo(grado_id, tema_id, vocablo_id)
      VALUES (3, 17, 376);
    

    INSERT INTO public.grado_tema(grado_id, tema_id)
      VALUES (3, 19);
    

    INSERT INTO public.grado_tema_vocablo(grado_id, tema_id, vocablo_id)
      VALUES (3, 19, 377);
    

    INSERT INTO public.grado_tema_vocablo(grado_id, tema_id, vocablo_id)
      VALUES (3, 19, 378);
    

    INSERT INTO public.grado_tema(grado_id, tema_id)
      VALUES (3, 20);
    

    INSERT INTO public.grado_tema_vocablo(grado_id, tema_id, vocablo_id)
      VALUES (3, 20, 379);
    

    INSERT INTO public.grado_tema_vocablo(grado_id, tema_id, vocablo_id)
      VALUES (3, 20, 380);
    

    INSERT INTO public.grado_tema_vocablo(grado_id, tema_id, vocablo_id)
      VALUES (3, 20, 381);
    

    INSERT INTO public.grado_tema_vocablo(grado_id, tema_id, vocablo_id)
      VALUES (3, 20, 382);
    

    INSERT INTO public.grado_tema_vocablo(grado_id, tema_id, vocablo_id)
      VALUES (3, 20, 383);
    

    INSERT INTO public.grado_tema_vocablo(grado_id, tema_id, vocablo_id)
      VALUES (3, 20, 384);
    

    INSERT INTO public.grado_tema_vocablo(grado_id, tema_id, vocablo_id)
      VALUES (3, 20, 385);
    

    INSERT INTO public.grado_tema(grado_id, tema_id)
      VALUES (3, 21);
    

    INSERT INTO public.grado_tema_vocablo(grado_id, tema_id, vocablo_id)
      VALUES (3, 21, 386);
    

    INSERT INTO public.grado_tema_vocablo(grado_id, tema_id, vocablo_id)
      VALUES (3, 21, 58);
    

    INSERT INTO public.grado_tema_vocablo(grado_id, tema_id, vocablo_id)
      VALUES (3, 21, 59);
    

    INSERT INTO public.grado_tema_vocablo(grado_id, tema_id, vocablo_id)
      VALUES (3, 21, 387);
    

    INSERT INTO public.grado_tema_vocablo(grado_id, tema_id, vocablo_id)
      VALUES (3, 21, 388);
    

    INSERT INTO public.grado_tema(grado_id, tema_id)
      VALUES (3, 23);
    

    INSERT INTO public.grado_tema_vocablo(grado_id, tema_id, vocablo_id)
      VALUES (3, 23, 389);
    

    INSERT INTO public.grado_tema_vocablo(grado_id, tema_id, vocablo_id)
      VALUES (3, 23, 390);
    

    INSERT INTO public.grado_tema_vocablo(grado_id, tema_id, vocablo_id)
      VALUES (3, 23, 391);
    

    INSERT INTO public.grado_tema_vocablo(grado_id, tema_id, vocablo_id)
      VALUES (3, 23, 392);
    

    INSERT INTO public.grado_tema_vocablo(grado_id, tema_id, vocablo_id)
      VALUES (3, 23, 393);
    

    INSERT INTO public.grado_tema_vocablo(grado_id, tema_id, vocablo_id)
      VALUES (3, 23, 394);
    

    INSERT INTO public.grado_tema_vocablo(grado_id, tema_id, vocablo_id)
      VALUES (3, 23, 395);
    

    INSERT INTO public.grado_tema_vocablo(grado_id, tema_id, vocablo_id)
      VALUES (3, 23, 396);
    

    INSERT INTO public.grado_tema_vocablo(grado_id, tema_id, vocablo_id)
      VALUES (3, 23, 397);
    

    INSERT INTO public.grado_tema_vocablo(grado_id, tema_id, vocablo_id)
      VALUES (3, 23, 398);
    

    INSERT INTO public.grado_tema_vocablo(grado_id, tema_id, vocablo_id)
      VALUES (3, 23, 399);
    

    INSERT INTO public.grado_tema_vocablo(grado_id, tema_id, vocablo_id)
      VALUES (3, 23, 400);
    

    INSERT INTO public.grado_tema(grado_id, tema_id)
      VALUES (3, 24);
    

    INSERT INTO public.grado_tema_vocablo(grado_id, tema_id, vocablo_id)
      VALUES (3, 24, 401);
    

    INSERT INTO public.grado_tema_vocablo(grado_id, tema_id, vocablo_id)
      VALUES (3, 24, 223);
    

    INSERT INTO public.grado_tema_vocablo(grado_id, tema_id, vocablo_id)
      VALUES (3, 24, 298);
    

    INSERT INTO public.grado_tema_vocablo(grado_id, tema_id, vocablo_id)
      VALUES (3, 24, 299);
    

    INSERT INTO public.grado_tema_vocablo(grado_id, tema_id, vocablo_id)
      VALUES (3, 24, 150);
    

    INSERT INTO public.grado_tema_vocablo(grado_id, tema_id, vocablo_id)
      VALUES (3, 24, 224);
    

    INSERT INTO public.grado_tema(grado_id, tema_id)
      VALUES (3, 25);
    

    INSERT INTO public.grado_tema_vocablo(grado_id, tema_id, vocablo_id)
      VALUES (3, 25, 402);
    

    INSERT INTO public.grado_tema_vocablo(grado_id, tema_id, vocablo_id)
      VALUES (3, 25, 403);
    

    INSERT INTO public.grado_tema_vocablo(grado_id, tema_id, vocablo_id)
      VALUES (3, 25, 404);
    

    INSERT INTO public.grado_tema_vocablo(grado_id, tema_id, vocablo_id)
      VALUES (3, 25, 405);
    

    INSERT INTO public.grado_tema_vocablo(grado_id, tema_id, vocablo_id)
      VALUES (3, 25, 406);
    

    INSERT INTO public.grado_tema_vocablo(grado_id, tema_id, vocablo_id)
      VALUES (3, 25, 407);
    

    INSERT INTO public.grado_tema_vocablo(grado_id, tema_id, vocablo_id)
      VALUES (3, 25, 408);
    

    INSERT INTO public.grado_tema_vocablo(grado_id, tema_id, vocablo_id)
      VALUES (3, 25, 409);
    

    INSERT INTO public.grado_tema_vocablo(grado_id, tema_id, vocablo_id)
      VALUES (3, 25, 410);
    

    INSERT INTO public.grado_tema(grado_id, tema_id)
      VALUES (3, 22);
    

    INSERT INTO public.grado_tema_vocablo(grado_id, tema_id, vocablo_id)
      VALUES (3, 22, 214);
    

    INSERT INTO public.grado_tema_vocablo(grado_id, tema_id, vocablo_id)
      VALUES (3, 22, 39);
    

    INSERT INTO public.grado_tema_vocablo(grado_id, tema_id, vocablo_id)
      VALUES (3, 22, 411);
    

    INSERT INTO public.grado_tema_vocablo(grado_id, tema_id, vocablo_id)
      VALUES (3, 22, 290);
    

    INSERT INTO public.grado_tema_vocablo(grado_id, tema_id, vocablo_id)
      VALUES (3, 22, 412);
    

    INSERT INTO public.grado_tema_vocablo(grado_id, tema_id, vocablo_id)
      VALUES (3, 22, 144);
    

    INSERT INTO public.grado_tema_vocablo(grado_id, tema_id, vocablo_id)
      VALUES (3, 22, 291);
    

    INSERT INTO public.grado_tema_vocablo(grado_id, tema_id, vocablo_id)
      VALUES (3, 22, 40);
    

    INSERT INTO public.grado_tema_vocablo(grado_id, tema_id, vocablo_id)
      VALUES (3, 22, 213);
    

    INSERT INTO public.grado_tema_vocablo(grado_id, tema_id, vocablo_id)
      VALUES (3, 22, 292);
    

    INSERT INTO public.grado_tema_vocablo(grado_id, tema_id, vocablo_id)
      VALUES (3, 22, 413);
    

    INSERT INTO public.grado_tema_vocablo(grado_id, tema_id, vocablo_id)
      VALUES (3, 22, 414);
    

    INSERT INTO public.grado_tema_vocablo(grado_id, tema_id, vocablo_id)
      VALUES (3, 22, 415);
    

    INSERT INTO public.grado_tema_vocablo(grado_id, tema_id, vocablo_id)
      VALUES (3, 22, 416);
    

    INSERT INTO public.grado_tema(grado_id, tema_id)
      VALUES (3, 26);
    

    INSERT INTO public.grado_tema_vocablo(grado_id, tema_id, vocablo_id)
      VALUES (3, 26, 417);
    

    INSERT INTO public.grado_tema_vocablo(grado_id, tema_id, vocablo_id)
      VALUES (3, 26, 418);
    

    INSERT INTO public.grado_tema_vocablo(grado_id, tema_id, vocablo_id)
      VALUES (3, 26, 419);
    

    INSERT INTO public.grado_tema_vocablo(grado_id, tema_id, vocablo_id)
      VALUES (3, 26, 420);
    

    INSERT INTO public.grado_tema_vocablo(grado_id, tema_id, vocablo_id)
      VALUES (3, 26, 421);
    

    INSERT INTO public.grado_tema_vocablo(grado_id, tema_id, vocablo_id)
      VALUES (3, 26, 422);
    

    INSERT INTO public.grado_tema(grado_id, tema_id)
      VALUES (3, 27);
    

    INSERT INTO public.grado_tema_vocablo(grado_id, tema_id, vocablo_id)
      VALUES (3, 27, 423);
    

    INSERT INTO public.grado_tema_vocablo(grado_id, tema_id, vocablo_id)
      VALUES (3, 27, 161);
    

    INSERT INTO public.grado_tema_vocablo(grado_id, tema_id, vocablo_id)
      VALUES (3, 27, 424);
    

    INSERT INTO public.grado_tema_vocablo(grado_id, tema_id, vocablo_id)
      VALUES (3, 27, 425);
    

    INSERT INTO public.grado_tema(grado_id, tema_id)
      VALUES (3, 28);
    

    INSERT INTO public.grado_tema_vocablo(grado_id, tema_id, vocablo_id)
      VALUES (3, 28, 233);
    

    INSERT INTO public.grado_tema_vocablo(grado_id, tema_id, vocablo_id)
      VALUES (3, 28, 234);
    

    INSERT INTO public.grado_tema_vocablo(grado_id, tema_id, vocablo_id)
      VALUES (3, 28, 311);
    

    INSERT INTO public.grado_tema_vocablo(grado_id, tema_id, vocablo_id)
      VALUES (3, 28, 312);
    

    INSERT INTO public.grado_tema_vocablo(grado_id, tema_id, vocablo_id)
      VALUES (3, 28, 172);
    

    INSERT INTO public.grado_tema_vocablo(grado_id, tema_id, vocablo_id)
      VALUES (3, 28, 313);
    

    INSERT INTO public.grado_tema_vocablo(grado_id, tema_id, vocablo_id)
      VALUES (3, 28, 314);
    

    INSERT INTO public.grado_tema_vocablo(grado_id, tema_id, vocablo_id)
      VALUES (3, 28, 235);
    

    INSERT INTO public.grado_tema_vocablo(grado_id, tema_id, vocablo_id)
      VALUES (3, 28, 236);
    

    INSERT INTO public.grado_tema(grado_id, tema_id)
      VALUES (3, 14);
    

    INSERT INTO public.grado_tema_vocablo(grado_id, tema_id, vocablo_id)
      VALUES (3, 14, 426);
    

    INSERT INTO public.grado_tema_vocablo(grado_id, tema_id, vocablo_id)
      VALUES (3, 14, 427);
    

    INSERT INTO public.grado_tema_vocablo(grado_id, tema_id, vocablo_id)
      VALUES (3, 14, 428);
    

    INSERT INTO public.grado_tema(grado_id, tema_id)
      VALUES (3, 30);
    

    INSERT INTO public.grado_tema_vocablo(grado_id, tema_id, vocablo_id)
      VALUES (3, 30, 429);
    

    INSERT INTO public.grado_tema_vocablo(grado_id, tema_id, vocablo_id)
      VALUES (3, 30, 430);
    

    INSERT INTO public.grado_tema_vocablo(grado_id, tema_id, vocablo_id)
      VALUES (3, 30, 431);
    

    INSERT INTO public.grado_tema_vocablo(grado_id, tema_id, vocablo_id)
      VALUES (3, 30, 432);
    

    INSERT INTO public.grado_tema_vocablo(grado_id, tema_id, vocablo_id)
      VALUES (3, 30, 433);
    

    INSERT INTO public.grado_tema_vocablo(grado_id, tema_id, vocablo_id)
      VALUES (3, 30, 434);
    

    INSERT INTO public.grado_tema_vocablo(grado_id, tema_id, vocablo_id)
      VALUES (3, 30, 435);
    

    INSERT INTO public.grado_tema_vocablo(grado_id, tema_id, vocablo_id)
      VALUES (3, 30, 436);
    

    INSERT INTO public.grado_tema(grado_id, tema_id)
      VALUES (3, 31);
    

    INSERT INTO public.grado_tema_vocablo(grado_id, tema_id, vocablo_id)
      VALUES (3, 31, 437);
    

    INSERT INTO public.grado_tema_vocablo(grado_id, tema_id, vocablo_id)
      VALUES (3, 31, 438);
    

    INSERT INTO public.grado_tema_vocablo(grado_id, tema_id, vocablo_id)
      VALUES (3, 31, 439);
    

    INSERT INTO public.grado_tema_vocablo(grado_id, tema_id, vocablo_id)
      VALUES (3, 31, 440);
    

    INSERT INTO public.grado_tema_vocablo(grado_id, tema_id, vocablo_id)
      VALUES (3, 31, 441);
    

    INSERT INTO public.grado_tema_vocablo(grado_id, tema_id, vocablo_id)
      VALUES (3, 31, 442);
    


--
-- Cuarto Grado
--

    INSERT INTO public.grado_tema(grado_id, tema_id)
      VALUES (4, 36);
    

    INSERT INTO public.grado_tema_vocablo(grado_id, tema_id, vocablo_id)
      VALUES (4, 36, 60);
    

    INSERT INTO public.grado_tema_vocablo(grado_id, tema_id, vocablo_id)
      VALUES (4, 36, 61);
    

    INSERT INTO public.grado_tema_vocablo(grado_id, tema_id, vocablo_id)
      VALUES (4, 36, 62);
    

    INSERT INTO public.grado_tema_vocablo(grado_id, tema_id, vocablo_id)
      VALUES (4, 36, 63);
    

    INSERT INTO public.grado_tema_vocablo(grado_id, tema_id, vocablo_id)
      VALUES (4, 36, 64);
    

    INSERT INTO public.grado_tema_vocablo(grado_id, tema_id, vocablo_id)
      VALUES (4, 36, 65);
    

    INSERT INTO public.grado_tema_vocablo(grado_id, tema_id, vocablo_id)
      VALUES (4, 36, 66);
    

    INSERT INTO public.grado_tema_vocablo(grado_id, tema_id, vocablo_id)
      VALUES (4, 36, 67);
    

    INSERT INTO public.grado_tema_vocablo(grado_id, tema_id, vocablo_id)
      VALUES (4, 36, 68);
    

    INSERT INTO public.grado_tema_vocablo(grado_id, tema_id, vocablo_id)
      VALUES (4, 36, 69);
    

    INSERT INTO public.grado_tema_vocablo(grado_id, tema_id, vocablo_id)
      VALUES (4, 36, 70);
    

    INSERT INTO public.grado_tema_vocablo(grado_id, tema_id, vocablo_id)
      VALUES (4, 36, 71);
    

    INSERT INTO public.grado_tema_vocablo(grado_id, tema_id, vocablo_id)
      VALUES (4, 36, 72);
    

    INSERT INTO public.grado_tema_vocablo(grado_id, tema_id, vocablo_id)
      VALUES (4, 36, 73);
    

    INSERT INTO public.grado_tema_vocablo(grado_id, tema_id, vocablo_id)
      VALUES (4, 36, 74);
    

    INSERT INTO public.grado_tema(grado_id, tema_id)
      VALUES (4, 2);
    

    INSERT INTO public.grado_tema_vocablo(grado_id, tema_id, vocablo_id)
      VALUES (4, 2, 443);
    

    INSERT INTO public.grado_tema_vocablo(grado_id, tema_id, vocablo_id)
      VALUES (4, 2, 444);
    

    INSERT INTO public.grado_tema(grado_id, tema_id)
      VALUES (4, 0);
    

    INSERT INTO public.grado_tema_vocablo(grado_id, tema_id, vocablo_id)
      VALUES (4, 0, 445);
    

    INSERT INTO public.grado_tema_vocablo(grado_id, tema_id, vocablo_id)
      VALUES (4, 0, 446);
    

    INSERT INTO public.grado_tema_vocablo(grado_id, tema_id, vocablo_id)
      VALUES (4, 0, 447);
    

    INSERT INTO public.grado_tema_vocablo(grado_id, tema_id, vocablo_id)
      VALUES (4, 0, 60);
    

    INSERT INTO public.grado_tema_vocablo(grado_id, tema_id, vocablo_id)
      VALUES (4, 0, 61);
    

    INSERT INTO public.grado_tema_vocablo(grado_id, tema_id, vocablo_id)
      VALUES (4, 0, 448);
    

    INSERT INTO public.grado_tema_vocablo(grado_id, tema_id, vocablo_id)
      VALUES (4, 0, 449);
    

    INSERT INTO public.grado_tema_vocablo(grado_id, tema_id, vocablo_id)
      VALUES (4, 0, 450);
    

    INSERT INTO public.grado_tema(grado_id, tema_id)
      VALUES (4, 1);
    

    INSERT INTO public.grado_tema_vocablo(grado_id, tema_id, vocablo_id)
      VALUES (4, 1, 451);
    

    INSERT INTO public.grado_tema_vocablo(grado_id, tema_id, vocablo_id)
      VALUES (4, 1, 452);
    

    INSERT INTO public.grado_tema_vocablo(grado_id, tema_id, vocablo_id)
      VALUES (4, 1, 453);
    

    INSERT INTO public.grado_tema_vocablo(grado_id, tema_id, vocablo_id)
      VALUES (4, 1, 454);
    

    INSERT INTO public.grado_tema_vocablo(grado_id, tema_id, vocablo_id)
      VALUES (4, 1, 455);
    

    INSERT INTO public.grado_tema_vocablo(grado_id, tema_id, vocablo_id)
      VALUES (4, 1, 456);
    

    INSERT INTO public.grado_tema_vocablo(grado_id, tema_id, vocablo_id)
      VALUES (4, 1, 457);
    

    INSERT INTO public.grado_tema_vocablo(grado_id, tema_id, vocablo_id)
      VALUES (4, 1, 458);
    

    INSERT INTO public.grado_tema_vocablo(grado_id, tema_id, vocablo_id)
      VALUES (4, 1, 459);
    

    INSERT INTO public.grado_tema_vocablo(grado_id, tema_id, vocablo_id)
      VALUES (4, 1, 460);
    

    INSERT INTO public.grado_tema_vocablo(grado_id, tema_id, vocablo_id)
      VALUES (4, 1, 461);
    

    INSERT INTO public.grado_tema_vocablo(grado_id, tema_id, vocablo_id)
      VALUES (4, 1, 462);
    

    INSERT INTO public.grado_tema(grado_id, tema_id)
      VALUES (4, 4);
    

    INSERT INTO public.grado_tema_vocablo(grado_id, tema_id, vocablo_id)
      VALUES (4, 4, 463);
    

    INSERT INTO public.grado_tema_vocablo(grado_id, tema_id, vocablo_id)
      VALUES (4, 4, 464);
    

    INSERT INTO public.grado_tema_vocablo(grado_id, tema_id, vocablo_id)
      VALUES (4, 4, 465);
    

    INSERT INTO public.grado_tema_vocablo(grado_id, tema_id, vocablo_id)
      VALUES (4, 4, 466);
    

    INSERT INTO public.grado_tema_vocablo(grado_id, tema_id, vocablo_id)
      VALUES (4, 4, 467);
    

    INSERT INTO public.grado_tema_vocablo(grado_id, tema_id, vocablo_id)
      VALUES (4, 4, 468);
    

    INSERT INTO public.grado_tema_vocablo(grado_id, tema_id, vocablo_id)
      VALUES (4, 4, 469);
    

    INSERT INTO public.grado_tema_vocablo(grado_id, tema_id, vocablo_id)
      VALUES (4, 4, 62);
    

    INSERT INTO public.grado_tema_vocablo(grado_id, tema_id, vocablo_id)
      VALUES (4, 4, 63);
    

    INSERT INTO public.grado_tema(grado_id, tema_id)
      VALUES (4, 6);
    

    INSERT INTO public.grado_tema_vocablo(grado_id, tema_id, vocablo_id)
      VALUES (4, 6, 470);
    

    INSERT INTO public.grado_tema_vocablo(grado_id, tema_id, vocablo_id)
      VALUES (4, 6, 471);
    

    INSERT INTO public.grado_tema_vocablo(grado_id, tema_id, vocablo_id)
      VALUES (4, 6, 472);
    

    INSERT INTO public.grado_tema_vocablo(grado_id, tema_id, vocablo_id)
      VALUES (4, 6, 473);
    

    INSERT INTO public.grado_tema_vocablo(grado_id, tema_id, vocablo_id)
      VALUES (4, 6, 474);
    

    INSERT INTO public.grado_tema_vocablo(grado_id, tema_id, vocablo_id)
      VALUES (4, 6, 475);
    

    INSERT INTO public.grado_tema_vocablo(grado_id, tema_id, vocablo_id)
      VALUES (4, 6, 476);
    

    INSERT INTO public.grado_tema(grado_id, tema_id)
      VALUES (4, 7);
    

    INSERT INTO public.grado_tema_vocablo(grado_id, tema_id, vocablo_id)
      VALUES (4, 7, 477);
    

    INSERT INTO public.grado_tema_vocablo(grado_id, tema_id, vocablo_id)
      VALUES (4, 7, 478);
    

    INSERT INTO public.grado_tema_vocablo(grado_id, tema_id, vocablo_id)
      VALUES (4, 7, 479);
    

    INSERT INTO public.grado_tema_vocablo(grado_id, tema_id, vocablo_id)
      VALUES (4, 7, 480);
    

    INSERT INTO public.grado_tema(grado_id, tema_id)
      VALUES (4, 9);
    

    INSERT INTO public.grado_tema_vocablo(grado_id, tema_id, vocablo_id)
      VALUES (4, 9, 64);
    

    INSERT INTO public.grado_tema_vocablo(grado_id, tema_id, vocablo_id)
      VALUES (4, 9, 65);
    

    INSERT INTO public.grado_tema_vocablo(grado_id, tema_id, vocablo_id)
      VALUES (4, 9, 66);
    

    INSERT INTO public.grado_tema_vocablo(grado_id, tema_id, vocablo_id)
      VALUES (4, 9, 67);
    

    INSERT INTO public.grado_tema_vocablo(grado_id, tema_id, vocablo_id)
      VALUES (4, 9, 481);
    

    INSERT INTO public.grado_tema_vocablo(grado_id, tema_id, vocablo_id)
      VALUES (4, 9, 482);
    

    INSERT INTO public.grado_tema(grado_id, tema_id)
      VALUES (4, 11);
    

    INSERT INTO public.grado_tema_vocablo(grado_id, tema_id, vocablo_id)
      VALUES (4, 11, 262);
    

    INSERT INTO public.grado_tema_vocablo(grado_id, tema_id, vocablo_id)
      VALUES (4, 11, 263);
    

    INSERT INTO public.grado_tema_vocablo(grado_id, tema_id, vocablo_id)
      VALUES (4, 11, 483);
    

    INSERT INTO public.grado_tema_vocablo(grado_id, tema_id, vocablo_id)
      VALUES (4, 11, 484);
    

    INSERT INTO public.grado_tema_vocablo(grado_id, tema_id, vocablo_id)
      VALUES (4, 11, 485);
    

    INSERT INTO public.grado_tema_vocablo(grado_id, tema_id, vocablo_id)
      VALUES (4, 11, 486);
    

    INSERT INTO public.grado_tema(grado_id, tema_id)
      VALUES (4, 12);
    

    INSERT INTO public.grado_tema_vocablo(grado_id, tema_id, vocablo_id)
      VALUES (4, 12, 487);
    

    INSERT INTO public.grado_tema_vocablo(grado_id, tema_id, vocablo_id)
      VALUES (4, 12, 488);
    

    INSERT INTO public.grado_tema_vocablo(grado_id, tema_id, vocablo_id)
      VALUES (4, 12, 489);
    

    INSERT INTO public.grado_tema_vocablo(grado_id, tema_id, vocablo_id)
      VALUES (4, 12, 490);
    

    INSERT INTO public.grado_tema_vocablo(grado_id, tema_id, vocablo_id)
      VALUES (4, 12, 491);
    

    INSERT INTO public.grado_tema_vocablo(grado_id, tema_id, vocablo_id)
      VALUES (4, 12, 492);
    

    INSERT INTO public.grado_tema_vocablo(grado_id, tema_id, vocablo_id)
      VALUES (4, 12, 493);
    

    INSERT INTO public.grado_tema_vocablo(grado_id, tema_id, vocablo_id)
      VALUES (4, 12, 494);
    

    INSERT INTO public.grado_tema(grado_id, tema_id)
      VALUES (4, 13);
    

    INSERT INTO public.grado_tema_vocablo(grado_id, tema_id, vocablo_id)
      VALUES (4, 13, 495);
    

    INSERT INTO public.grado_tema_vocablo(grado_id, tema_id, vocablo_id)
      VALUES (4, 13, 68);
    

    INSERT INTO public.grado_tema_vocablo(grado_id, tema_id, vocablo_id)
      VALUES (4, 13, 496);
    

    INSERT INTO public.grado_tema_vocablo(grado_id, tema_id, vocablo_id)
      VALUES (4, 13, 497);
    

    INSERT INTO public.grado_tema_vocablo(grado_id, tema_id, vocablo_id)
      VALUES (4, 13, 498);
    

    INSERT INTO public.grado_tema(grado_id, tema_id)
      VALUES (4, 14);
    

    INSERT INTO public.grado_tema_vocablo(grado_id, tema_id, vocablo_id)
      VALUES (4, 14, 69);
    

    INSERT INTO public.grado_tema_vocablo(grado_id, tema_id, vocablo_id)
      VALUES (4, 14, 70);
    

    INSERT INTO public.grado_tema_vocablo(grado_id, tema_id, vocablo_id)
      VALUES (4, 14, 499);
    

    INSERT INTO public.grado_tema_vocablo(grado_id, tema_id, vocablo_id)
      VALUES (4, 14, 500);
    

    INSERT INTO public.grado_tema_vocablo(grado_id, tema_id, vocablo_id)
      VALUES (4, 14, 501);
    

    INSERT INTO public.grado_tema(grado_id, tema_id)
      VALUES (4, 21);
    

    INSERT INTO public.grado_tema_vocablo(grado_id, tema_id, vocablo_id)
      VALUES (4, 21, 71);
    

    INSERT INTO public.grado_tema_vocablo(grado_id, tema_id, vocablo_id)
      VALUES (4, 21, 502);
    

    INSERT INTO public.grado_tema_vocablo(grado_id, tema_id, vocablo_id)
      VALUES (4, 21, 503);
    

    INSERT INTO public.grado_tema_vocablo(grado_id, tema_id, vocablo_id)
      VALUES (4, 21, 72);
    

    INSERT INTO public.grado_tema_vocablo(grado_id, tema_id, vocablo_id)
      VALUES (4, 21, 504);
    

    INSERT INTO public.grado_tema_vocablo(grado_id, tema_id, vocablo_id)
      VALUES (4, 21, 505);
    

    INSERT INTO public.grado_tema(grado_id, tema_id)
      VALUES (4, 22);
    

    INSERT INTO public.grado_tema_vocablo(grado_id, tema_id, vocablo_id)
      VALUES (4, 22, 506);
    

    INSERT INTO public.grado_tema_vocablo(grado_id, tema_id, vocablo_id)
      VALUES (4, 22, 507);
    

    INSERT INTO public.grado_tema_vocablo(grado_id, tema_id, vocablo_id)
      VALUES (4, 22, 508);
    

    INSERT INTO public.grado_tema_vocablo(grado_id, tema_id, vocablo_id)
      VALUES (4, 22, 73);
    

    INSERT INTO public.grado_tema_vocablo(grado_id, tema_id, vocablo_id)
      VALUES (4, 22, 74);
    

    INSERT INTO public.grado_tema(grado_id, tema_id)
      VALUES (4, 23);
    

    INSERT INTO public.grado_tema_vocablo(grado_id, tema_id, vocablo_id)
      VALUES (4, 23, 509);
    

    INSERT INTO public.grado_tema_vocablo(grado_id, tema_id, vocablo_id)
      VALUES (4, 23, 510);
    

    INSERT INTO public.grado_tema_vocablo(grado_id, tema_id, vocablo_id)
      VALUES (4, 23, 511);
    

    INSERT INTO public.grado_tema_vocablo(grado_id, tema_id, vocablo_id)
      VALUES (4, 23, 512);
    

    INSERT INTO public.grado_tema_vocablo(grado_id, tema_id, vocablo_id)
      VALUES (4, 23, 513);
    

    INSERT INTO public.grado_tema_vocablo(grado_id, tema_id, vocablo_id)
      VALUES (4, 23, 514);
    

    INSERT INTO public.grado_tema_vocablo(grado_id, tema_id, vocablo_id)
      VALUES (4, 23, 515);
    

    INSERT INTO public.grado_tema_vocablo(grado_id, tema_id, vocablo_id)
      VALUES (4, 23, 516);
    

    INSERT INTO public.grado_tema_vocablo(grado_id, tema_id, vocablo_id)
      VALUES (4, 23, 517);
    

    INSERT INTO public.grado_tema_vocablo(grado_id, tema_id, vocablo_id)
      VALUES (4, 23, 518);
    

    INSERT INTO public.grado_tema_vocablo(grado_id, tema_id, vocablo_id)
      VALUES (4, 23, 519);
    

    INSERT INTO public.grado_tema_vocablo(grado_id, tema_id, vocablo_id)
      VALUES (4, 23, 520);
    

    INSERT INTO public.grado_tema_vocablo(grado_id, tema_id, vocablo_id)
      VALUES (4, 23, 521);
    

    INSERT INTO public.grado_tema(grado_id, tema_id)
      VALUES (4, 24);
    

    INSERT INTO public.grado_tema_vocablo(grado_id, tema_id, vocablo_id)
      VALUES (4, 24, 297);
    

    INSERT INTO public.grado_tema_vocablo(grado_id, tema_id, vocablo_id)
      VALUES (4, 24, 522);
    

    INSERT INTO public.grado_tema_vocablo(grado_id, tema_id, vocablo_id)
      VALUES (4, 24, 523);
    

    INSERT INTO public.grado_tema_vocablo(grado_id, tema_id, vocablo_id)
      VALUES (4, 24, 524);
    

    INSERT INTO public.grado_tema_vocablo(grado_id, tema_id, vocablo_id)
      VALUES (4, 24, 525);
    

    INSERT INTO public.grado_tema_vocablo(grado_id, tema_id, vocablo_id)
      VALUES (4, 24, 526);
    

    INSERT INTO public.grado_tema(grado_id, tema_id)
      VALUES (4, 26);
    

    INSERT INTO public.grado_tema_vocablo(grado_id, tema_id, vocablo_id)
      VALUES (4, 26, 527);
    

    INSERT INTO public.grado_tema_vocablo(grado_id, tema_id, vocablo_id)
      VALUES (4, 26, 528);
    

    INSERT INTO public.grado_tema_vocablo(grado_id, tema_id, vocablo_id)
      VALUES (4, 26, 529);
    

    INSERT INTO public.grado_tema_vocablo(grado_id, tema_id, vocablo_id)
      VALUES (4, 26, 530);
    

    INSERT INTO public.grado_tema_vocablo(grado_id, tema_id, vocablo_id)
      VALUES (4, 26, 531);
    

    INSERT INTO public.grado_tema(grado_id, tema_id)
      VALUES (4, 28);
    

    INSERT INTO public.grado_tema_vocablo(grado_id, tema_id, vocablo_id)
      VALUES (4, 28, 532);
    

    INSERT INTO public.grado_tema_vocablo(grado_id, tema_id, vocablo_id)
      VALUES (4, 28, 533);
    

    INSERT INTO public.grado_tema_vocablo(grado_id, tema_id, vocablo_id)
      VALUES (4, 28, 534);
    

    INSERT INTO public.grado_tema_vocablo(grado_id, tema_id, vocablo_id)
      VALUES (4, 28, 535);
    

    INSERT INTO public.grado_tema(grado_id, tema_id)
      VALUES (4, 30);
    

    INSERT INTO public.grado_tema_vocablo(grado_id, tema_id, vocablo_id)
      VALUES (4, 30, 536);
    

    INSERT INTO public.grado_tema_vocablo(grado_id, tema_id, vocablo_id)
      VALUES (4, 30, 537);
    

    INSERT INTO public.grado_tema_vocablo(grado_id, tema_id, vocablo_id)
      VALUES (4, 30, 538);
    

    INSERT INTO public.grado_tema_vocablo(grado_id, tema_id, vocablo_id)
      VALUES (4, 30, 539);
    

    INSERT INTO public.grado_tema_vocablo(grado_id, tema_id, vocablo_id)
      VALUES (4, 30, 540);
    

    INSERT INTO public.grado_tema_vocablo(grado_id, tema_id, vocablo_id)
      VALUES (4, 30, 541);
    

    INSERT INTO public.grado_tema_vocablo(grado_id, tema_id, vocablo_id)
      VALUES (4, 30, 542);
    

    INSERT INTO public.grado_tema_vocablo(grado_id, tema_id, vocablo_id)
      VALUES (4, 30, 543);
    

    INSERT INTO public.grado_tema_vocablo(grado_id, tema_id, vocablo_id)
      VALUES (4, 30, 544);
    

    INSERT INTO public.grado_tema(grado_id, tema_id)
      VALUES (4, 31);
    

    INSERT INTO public.grado_tema_vocablo(grado_id, tema_id, vocablo_id)
      VALUES (4, 31, 545);
    

    INSERT INTO public.grado_tema_vocablo(grado_id, tema_id, vocablo_id)
      VALUES (4, 31, 546);
    

    INSERT INTO public.grado_tema_vocablo(grado_id, tema_id, vocablo_id)
      VALUES (4, 31, 547);
    

    INSERT INTO public.grado_tema_vocablo(grado_id, tema_id, vocablo_id)
      VALUES (4, 31, 548);
    

    INSERT INTO public.grado_tema_vocablo(grado_id, tema_id, vocablo_id)
      VALUES (4, 31, 549);
    

    INSERT INTO public.grado_tema_vocablo(grado_id, tema_id, vocablo_id)
      VALUES (4, 31, 550);
    

    INSERT INTO public.grado_tema_vocablo(grado_id, tema_id, vocablo_id)
      VALUES (4, 31, 551);
    

    INSERT INTO public.grado_tema_vocablo(grado_id, tema_id, vocablo_id)
      VALUES (4, 31, 552);
    

    INSERT INTO public.grado_tema_vocablo(grado_id, tema_id, vocablo_id)
      VALUES (4, 31, 553);
    

    INSERT INTO public.grado_tema_vocablo(grado_id, tema_id, vocablo_id)
      VALUES (4, 31, 554);
    

    INSERT INTO public.grado_tema_vocablo(grado_id, tema_id, vocablo_id)
      VALUES (4, 31, 555);
    

    INSERT INTO public.grado_tema(grado_id, tema_id)
      VALUES (4, 8);
    

    INSERT INTO public.grado_tema_vocablo(grado_id, tema_id, vocablo_id)
      VALUES (4, 8, 174);
    

    INSERT INTO public.grado_tema_vocablo(grado_id, tema_id, vocablo_id)
      VALUES (4, 8, 112);
    

    INSERT INTO public.grado_tema_vocablo(grado_id, tema_id, vocablo_id)
      VALUES (4, 8, 173);
    

    INSERT INTO public.grado_tema_vocablo(grado_id, tema_id, vocablo_id)
      VALUES (4, 8, 260);
    


--
-- Quinto Grado
--

    INSERT INTO public.grado_tema(grado_id, tema_id)
      VALUES (5, 37);
    

    INSERT INTO public.grado_tema_vocablo(grado_id, tema_id, vocablo_id)
      VALUES (5, 37, 75);
    

    INSERT INTO public.grado_tema_vocablo(grado_id, tema_id, vocablo_id)
      VALUES (5, 37, 76);
    

    INSERT INTO public.grado_tema_vocablo(grado_id, tema_id, vocablo_id)
      VALUES (5, 37, 77);
    

    INSERT INTO public.grado_tema_vocablo(grado_id, tema_id, vocablo_id)
      VALUES (5, 37, 78);
    

    INSERT INTO public.grado_tema_vocablo(grado_id, tema_id, vocablo_id)
      VALUES (5, 37, 79);
    

    INSERT INTO public.grado_tema_vocablo(grado_id, tema_id, vocablo_id)
      VALUES (5, 37, 80);
    

    INSERT INTO public.grado_tema_vocablo(grado_id, tema_id, vocablo_id)
      VALUES (5, 37, 81);
    

    INSERT INTO public.grado_tema_vocablo(grado_id, tema_id, vocablo_id)
      VALUES (5, 37, 82);
    

    INSERT INTO public.grado_tema_vocablo(grado_id, tema_id, vocablo_id)
      VALUES (5, 37, 83);
    

    INSERT INTO public.grado_tema_vocablo(grado_id, tema_id, vocablo_id)
      VALUES (5, 37, 84);
    

    INSERT INTO public.grado_tema_vocablo(grado_id, tema_id, vocablo_id)
      VALUES (5, 37, 85);
    

    INSERT INTO public.grado_tema_vocablo(grado_id, tema_id, vocablo_id)
      VALUES (5, 37, 86);
    

    INSERT INTO public.grado_tema_vocablo(grado_id, tema_id, vocablo_id)
      VALUES (5, 37, 87);
    

    INSERT INTO public.grado_tema_vocablo(grado_id, tema_id, vocablo_id)
      VALUES (5, 37, 88);
    

    INSERT INTO public.grado_tema_vocablo(grado_id, tema_id, vocablo_id)
      VALUES (5, 37, 89);
    

    INSERT INTO public.grado_tema(grado_id, tema_id)
      VALUES (5, 2);
    

    INSERT INTO public.grado_tema_vocablo(grado_id, tema_id, vocablo_id)
      VALUES (5, 2, 444);
    

    INSERT INTO public.grado_tema_vocablo(grado_id, tema_id, vocablo_id)
      VALUES (5, 2, 556);
    

    INSERT INTO public.grado_tema_vocablo(grado_id, tema_id, vocablo_id)
      VALUES (5, 2, 557);
    

    INSERT INTO public.grado_tema_vocablo(grado_id, tema_id, vocablo_id)
      VALUES (5, 2, 443);
    

    INSERT INTO public.grado_tema_vocablo(grado_id, tema_id, vocablo_id)
      VALUES (5, 2, 558);
    

    INSERT INTO public.grado_tema(grado_id, tema_id)
      VALUES (5, 0);
    

    INSERT INTO public.grado_tema_vocablo(grado_id, tema_id, vocablo_id)
      VALUES (5, 0, 559);
    

    INSERT INTO public.grado_tema_vocablo(grado_id, tema_id, vocablo_id)
      VALUES (5, 0, 449);
    

    INSERT INTO public.grado_tema_vocablo(grado_id, tema_id, vocablo_id)
      VALUES (5, 0, 560);
    

    INSERT INTO public.grado_tema_vocablo(grado_id, tema_id, vocablo_id)
      VALUES (5, 0, 450);
    

    INSERT INTO public.grado_tema_vocablo(grado_id, tema_id, vocablo_id)
      VALUES (5, 0, 561);
    

    INSERT INTO public.grado_tema_vocablo(grado_id, tema_id, vocablo_id)
      VALUES (5, 0, 75);
    

    INSERT INTO public.grado_tema_vocablo(grado_id, tema_id, vocablo_id)
      VALUES (5, 0, 446);
    

    INSERT INTO public.grado_tema_vocablo(grado_id, tema_id, vocablo_id)
      VALUES (5, 0, 60);
    

    INSERT INTO public.grado_tema_vocablo(grado_id, tema_id, vocablo_id)
      VALUES (5, 0, 445);
    

    INSERT INTO public.grado_tema_vocablo(grado_id, tema_id, vocablo_id)
      VALUES (5, 0, 76);
    

    INSERT INTO public.grado_tema_vocablo(grado_id, tema_id, vocablo_id)
      VALUES (5, 0, 61);
    

    INSERT INTO public.grado_tema_vocablo(grado_id, tema_id, vocablo_id)
      VALUES (5, 0, 77);
    

    INSERT INTO public.grado_tema(grado_id, tema_id)
      VALUES (5, 1);
    

    INSERT INTO public.grado_tema_vocablo(grado_id, tema_id, vocablo_id)
      VALUES (5, 1, 459);
    

    INSERT INTO public.grado_tema_vocablo(grado_id, tema_id, vocablo_id)
      VALUES (5, 1, 562);
    

    INSERT INTO public.grado_tema_vocablo(grado_id, tema_id, vocablo_id)
      VALUES (5, 1, 563);
    

    INSERT INTO public.grado_tema_vocablo(grado_id, tema_id, vocablo_id)
      VALUES (5, 1, 456);
    

    INSERT INTO public.grado_tema_vocablo(grado_id, tema_id, vocablo_id)
      VALUES (5, 1, 453);
    

    INSERT INTO public.grado_tema_vocablo(grado_id, tema_id, vocablo_id)
      VALUES (5, 1, 564);
    

    INSERT INTO public.grado_tema_vocablo(grado_id, tema_id, vocablo_id)
      VALUES (5, 1, 565);
    

    INSERT INTO public.grado_tema_vocablo(grado_id, tema_id, vocablo_id)
      VALUES (5, 1, 452);
    

    INSERT INTO public.grado_tema_vocablo(grado_id, tema_id, vocablo_id)
      VALUES (5, 1, 566);
    

    INSERT INTO public.grado_tema_vocablo(grado_id, tema_id, vocablo_id)
      VALUES (5, 1, 567);
    

    INSERT INTO public.grado_tema_vocablo(grado_id, tema_id, vocablo_id)
      VALUES (5, 1, 568);
    

    INSERT INTO public.grado_tema_vocablo(grado_id, tema_id, vocablo_id)
      VALUES (5, 1, 455);
    

    INSERT INTO public.grado_tema_vocablo(grado_id, tema_id, vocablo_id)
      VALUES (5, 1, 461);
    

    INSERT INTO public.grado_tema_vocablo(grado_id, tema_id, vocablo_id)
      VALUES (5, 1, 454);
    

    INSERT INTO public.grado_tema_vocablo(grado_id, tema_id, vocablo_id)
      VALUES (5, 1, 457);
    

    INSERT INTO public.grado_tema_vocablo(grado_id, tema_id, vocablo_id)
      VALUES (5, 1, 569);
    

    INSERT INTO public.grado_tema_vocablo(grado_id, tema_id, vocablo_id)
      VALUES (5, 1, 570);
    

    INSERT INTO public.grado_tema_vocablo(grado_id, tema_id, vocablo_id)
      VALUES (5, 1, 571);
    

    INSERT INTO public.grado_tema_vocablo(grado_id, tema_id, vocablo_id)
      VALUES (5, 1, 451);
    

    INSERT INTO public.grado_tema_vocablo(grado_id, tema_id, vocablo_id)
      VALUES (5, 1, 462);
    

    INSERT INTO public.grado_tema_vocablo(grado_id, tema_id, vocablo_id)
      VALUES (5, 1, 460);
    

    INSERT INTO public.grado_tema_vocablo(grado_id, tema_id, vocablo_id)
      VALUES (5, 1, 458);
    

    INSERT INTO public.grado_tema_vocablo(grado_id, tema_id, vocablo_id)
      VALUES (5, 1, 572);
    

    INSERT INTO public.grado_tema(grado_id, tema_id)
      VALUES (5, 3);
    

    INSERT INTO public.grado_tema_vocablo(grado_id, tema_id, vocablo_id)
      VALUES (5, 3, 78);
    

    INSERT INTO public.grado_tema_vocablo(grado_id, tema_id, vocablo_id)
      VALUES (5, 3, 573);
    

    INSERT INTO public.grado_tema_vocablo(grado_id, tema_id, vocablo_id)
      VALUES (5, 3, 574);
    

    INSERT INTO public.grado_tema_vocablo(grado_id, tema_id, vocablo_id)
      VALUES (5, 3, 575);
    

    INSERT INTO public.grado_tema_vocablo(grado_id, tema_id, vocablo_id)
      VALUES (5, 3, 80);
    

    INSERT INTO public.grado_tema_vocablo(grado_id, tema_id, vocablo_id)
      VALUES (5, 3, 576);
    

    INSERT INTO public.grado_tema_vocablo(grado_id, tema_id, vocablo_id)
      VALUES (5, 3, 577);
    

    INSERT INTO public.grado_tema(grado_id, tema_id)
      VALUES (5, 4);
    

    INSERT INTO public.grado_tema_vocablo(grado_id, tema_id, vocablo_id)
      VALUES (5, 4, 63);
    

    INSERT INTO public.grado_tema_vocablo(grado_id, tema_id, vocablo_id)
      VALUES (5, 4, 467);
    

    INSERT INTO public.grado_tema_vocablo(grado_id, tema_id, vocablo_id)
      VALUES (5, 4, 466);
    

    INSERT INTO public.grado_tema_vocablo(grado_id, tema_id, vocablo_id)
      VALUES (5, 4, 469);
    

    INSERT INTO public.grado_tema_vocablo(grado_id, tema_id, vocablo_id)
      VALUES (5, 4, 465);
    

    INSERT INTO public.grado_tema_vocablo(grado_id, tema_id, vocablo_id)
      VALUES (5, 4, 468);
    

    INSERT INTO public.grado_tema_vocablo(grado_id, tema_id, vocablo_id)
      VALUES (5, 4, 578);
    

    INSERT INTO public.grado_tema_vocablo(grado_id, tema_id, vocablo_id)
      VALUES (5, 4, 62);
    

    INSERT INTO public.grado_tema_vocablo(grado_id, tema_id, vocablo_id)
      VALUES (5, 4, 464);
    

    INSERT INTO public.grado_tema(grado_id, tema_id)
      VALUES (5, 6);
    

    INSERT INTO public.grado_tema_vocablo(grado_id, tema_id, vocablo_id)
      VALUES (5, 6, 470);
    

    INSERT INTO public.grado_tema_vocablo(grado_id, tema_id, vocablo_id)
      VALUES (5, 6, 474);
    

    INSERT INTO public.grado_tema_vocablo(grado_id, tema_id, vocablo_id)
      VALUES (5, 6, 476);
    

    INSERT INTO public.grado_tema_vocablo(grado_id, tema_id, vocablo_id)
      VALUES (5, 6, 579);
    

    INSERT INTO public.grado_tema_vocablo(grado_id, tema_id, vocablo_id)
      VALUES (5, 6, 475);
    

    INSERT INTO public.grado_tema_vocablo(grado_id, tema_id, vocablo_id)
      VALUES (5, 6, 580);
    

    INSERT INTO public.grado_tema_vocablo(grado_id, tema_id, vocablo_id)
      VALUES (5, 6, 581);
    

    INSERT INTO public.grado_tema_vocablo(grado_id, tema_id, vocablo_id)
      VALUES (5, 6, 582);
    

    INSERT INTO public.grado_tema_vocablo(grado_id, tema_id, vocablo_id)
      VALUES (5, 6, 471);
    

    INSERT INTO public.grado_tema_vocablo(grado_id, tema_id, vocablo_id)
      VALUES (5, 6, 81);
    

    INSERT INTO public.grado_tema_vocablo(grado_id, tema_id, vocablo_id)
      VALUES (5, 6, 473);
    

    INSERT INTO public.grado_tema(grado_id, tema_id)
      VALUES (5, 7);
    

    INSERT INTO public.grado_tema_vocablo(grado_id, tema_id, vocablo_id)
      VALUES (5, 7, 583);
    

    INSERT INTO public.grado_tema_vocablo(grado_id, tema_id, vocablo_id)
      VALUES (5, 7, 584);
    

    INSERT INTO public.grado_tema_vocablo(grado_id, tema_id, vocablo_id)
      VALUES (5, 7, 477);
    

    INSERT INTO public.grado_tema_vocablo(grado_id, tema_id, vocablo_id)
      VALUES (5, 7, 585);
    

    INSERT INTO public.grado_tema_vocablo(grado_id, tema_id, vocablo_id)
      VALUES (5, 7, 586);
    

    INSERT INTO public.grado_tema_vocablo(grado_id, tema_id, vocablo_id)
      VALUES (5, 7, 478);
    

    INSERT INTO public.grado_tema_vocablo(grado_id, tema_id, vocablo_id)
      VALUES (5, 7, 480);
    

    INSERT INTO public.grado_tema_vocablo(grado_id, tema_id, vocablo_id)
      VALUES (5, 7, 587);
    

    INSERT INTO public.grado_tema_vocablo(grado_id, tema_id, vocablo_id)
      VALUES (5, 7, 588);
    

    INSERT INTO public.grado_tema_vocablo(grado_id, tema_id, vocablo_id)
      VALUES (5, 7, 589);
    

    INSERT INTO public.grado_tema(grado_id, tema_id)
      VALUES (5, 9);
    

    INSERT INTO public.grado_tema_vocablo(grado_id, tema_id, vocablo_id)
      VALUES (5, 9, 67);
    

    INSERT INTO public.grado_tema_vocablo(grado_id, tema_id, vocablo_id)
      VALUES (5, 9, 66);
    

    INSERT INTO public.grado_tema_vocablo(grado_id, tema_id, vocablo_id)
      VALUES (5, 9, 82);
    

    INSERT INTO public.grado_tema_vocablo(grado_id, tema_id, vocablo_id)
      VALUES (5, 9, 590);
    

    INSERT INTO public.grado_tema_vocablo(grado_id, tema_id, vocablo_id)
      VALUES (5, 9, 64);
    

    INSERT INTO public.grado_tema_vocablo(grado_id, tema_id, vocablo_id)
      VALUES (5, 9, 591);
    

    INSERT INTO public.grado_tema_vocablo(grado_id, tema_id, vocablo_id)
      VALUES (5, 9, 482);
    

    INSERT INTO public.grado_tema_vocablo(grado_id, tema_id, vocablo_id)
      VALUES (5, 9, 83);
    

    INSERT INTO public.grado_tema_vocablo(grado_id, tema_id, vocablo_id)
      VALUES (5, 9, 65);
    

    INSERT INTO public.grado_tema_vocablo(grado_id, tema_id, vocablo_id)
      VALUES (5, 9, 592);
    

    INSERT INTO public.grado_tema_vocablo(grado_id, tema_id, vocablo_id)
      VALUES (5, 9, 481);
    

    INSERT INTO public.grado_tema(grado_id, tema_id)
      VALUES (5, 11);
    

    INSERT INTO public.grado_tema_vocablo(grado_id, tema_id, vocablo_id)
      VALUES (5, 11, 483);
    

    INSERT INTO public.grado_tema_vocablo(grado_id, tema_id, vocablo_id)
      VALUES (5, 11, 484);
    

    INSERT INTO public.grado_tema_vocablo(grado_id, tema_id, vocablo_id)
      VALUES (5, 11, 486);
    

    INSERT INTO public.grado_tema_vocablo(grado_id, tema_id, vocablo_id)
      VALUES (5, 11, 593);
    

    INSERT INTO public.grado_tema_vocablo(grado_id, tema_id, vocablo_id)
      VALUES (5, 11, 262);
    

    INSERT INTO public.grado_tema_vocablo(grado_id, tema_id, vocablo_id)
      VALUES (5, 11, 263);
    

    INSERT INTO public.grado_tema_vocablo(grado_id, tema_id, vocablo_id)
      VALUES (5, 11, 594);
    

    INSERT INTO public.grado_tema(grado_id, tema_id)
      VALUES (5, 12);
    

    INSERT INTO public.grado_tema_vocablo(grado_id, tema_id, vocablo_id)
      VALUES (5, 12, 595);
    

    INSERT INTO public.grado_tema_vocablo(grado_id, tema_id, vocablo_id)
      VALUES (5, 12, 596);
    

    INSERT INTO public.grado_tema_vocablo(grado_id, tema_id, vocablo_id)
      VALUES (5, 12, 597);
    

    INSERT INTO public.grado_tema_vocablo(grado_id, tema_id, vocablo_id)
      VALUES (5, 12, 118);
    

    INSERT INTO public.grado_tema_vocablo(grado_id, tema_id, vocablo_id)
      VALUES (5, 12, 598);
    

    INSERT INTO public.grado_tema_vocablo(grado_id, tema_id, vocablo_id)
      VALUES (5, 12, 493);
    

    INSERT INTO public.grado_tema_vocablo(grado_id, tema_id, vocablo_id)
      VALUES (5, 12, 488);
    

    INSERT INTO public.grado_tema_vocablo(grado_id, tema_id, vocablo_id)
      VALUES (5, 12, 599);
    

    INSERT INTO public.grado_tema_vocablo(grado_id, tema_id, vocablo_id)
      VALUES (5, 12, 491);
    

    INSERT INTO public.grado_tema_vocablo(grado_id, tema_id, vocablo_id)
      VALUES (5, 12, 600);
    

    INSERT INTO public.grado_tema_vocablo(grado_id, tema_id, vocablo_id)
      VALUES (5, 12, 490);
    

    INSERT INTO public.grado_tema_vocablo(grado_id, tema_id, vocablo_id)
      VALUES (5, 12, 362);
    

    INSERT INTO public.grado_tema_vocablo(grado_id, tema_id, vocablo_id)
      VALUES (5, 12, 601);
    

    INSERT INTO public.grado_tema_vocablo(grado_id, tema_id, vocablo_id)
      VALUES (5, 12, 487);
    

    INSERT INTO public.grado_tema_vocablo(grado_id, tema_id, vocablo_id)
      VALUES (5, 12, 489);
    

    INSERT INTO public.grado_tema_vocablo(grado_id, tema_id, vocablo_id)
      VALUES (5, 12, 494);
    

    INSERT INTO public.grado_tema(grado_id, tema_id)
      VALUES (5, 13);
    

    INSERT INTO public.grado_tema_vocablo(grado_id, tema_id, vocablo_id)
      VALUES (5, 13, 602);
    

    INSERT INTO public.grado_tema_vocablo(grado_id, tema_id, vocablo_id)
      VALUES (5, 13, 603);
    

    INSERT INTO public.grado_tema_vocablo(grado_id, tema_id, vocablo_id)
      VALUES (5, 13, 604);
    

    INSERT INTO public.grado_tema_vocablo(grado_id, tema_id, vocablo_id)
      VALUES (5, 13, 496);
    

    INSERT INTO public.grado_tema_vocablo(grado_id, tema_id, vocablo_id)
      VALUES (5, 13, 605);
    

    INSERT INTO public.grado_tema_vocablo(grado_id, tema_id, vocablo_id)
      VALUES (5, 13, 606);
    

    INSERT INTO public.grado_tema_vocablo(grado_id, tema_id, vocablo_id)
      VALUES (5, 13, 607);
    

    INSERT INTO public.grado_tema_vocablo(grado_id, tema_id, vocablo_id)
      VALUES (5, 13, 497);
    

    INSERT INTO public.grado_tema_vocablo(grado_id, tema_id, vocablo_id)
      VALUES (5, 13, 608);
    

    INSERT INTO public.grado_tema_vocablo(grado_id, tema_id, vocablo_id)
      VALUES (5, 13, 609);
    

    INSERT INTO public.grado_tema_vocablo(grado_id, tema_id, vocablo_id)
      VALUES (5, 13, 610);
    

    INSERT INTO public.grado_tema(grado_id, tema_id)
      VALUES (5, 14);
    

    INSERT INTO public.grado_tema_vocablo(grado_id, tema_id, vocablo_id)
      VALUES (5, 14, 499);
    

    INSERT INTO public.grado_tema_vocablo(grado_id, tema_id, vocablo_id)
      VALUES (5, 14, 611);
    

    INSERT INTO public.grado_tema_vocablo(grado_id, tema_id, vocablo_id)
      VALUES (5, 14, 612);
    

    INSERT INTO public.grado_tema_vocablo(grado_id, tema_id, vocablo_id)
      VALUES (5, 14, 613);
    

    INSERT INTO public.grado_tema_vocablo(grado_id, tema_id, vocablo_id)
      VALUES (5, 14, 69);
    

    INSERT INTO public.grado_tema_vocablo(grado_id, tema_id, vocablo_id)
      VALUES (5, 14, 614);
    

    INSERT INTO public.grado_tema_vocablo(grado_id, tema_id, vocablo_id)
      VALUES (5, 14, 615);
    

    INSERT INTO public.grado_tema_vocablo(grado_id, tema_id, vocablo_id)
      VALUES (5, 14, 501);
    

    INSERT INTO public.grado_tema_vocablo(grado_id, tema_id, vocablo_id)
      VALUES (5, 14, 616);
    

    INSERT INTO public.grado_tema(grado_id, tema_id)
      VALUES (5, 21);
    

    INSERT INTO public.grado_tema_vocablo(grado_id, tema_id, vocablo_id)
      VALUES (5, 21, 502);
    

    INSERT INTO public.grado_tema_vocablo(grado_id, tema_id, vocablo_id)
      VALUES (5, 21, 617);
    

    INSERT INTO public.grado_tema_vocablo(grado_id, tema_id, vocablo_id)
      VALUES (5, 21, 72);
    

    INSERT INTO public.grado_tema_vocablo(grado_id, tema_id, vocablo_id)
      VALUES (5, 21, 618);
    

    INSERT INTO public.grado_tema_vocablo(grado_id, tema_id, vocablo_id)
      VALUES (5, 21, 619);
    

    INSERT INTO public.grado_tema_vocablo(grado_id, tema_id, vocablo_id)
      VALUES (5, 21, 71);
    

    INSERT INTO public.grado_tema_vocablo(grado_id, tema_id, vocablo_id)
      VALUES (5, 21, 620);
    

    INSERT INTO public.grado_tema_vocablo(grado_id, tema_id, vocablo_id)
      VALUES (5, 21, 505);
    

    INSERT INTO public.grado_tema_vocablo(grado_id, tema_id, vocablo_id)
      VALUES (5, 21, 503);
    

    INSERT INTO public.grado_tema_vocablo(grado_id, tema_id, vocablo_id)
      VALUES (5, 21, 504);
    

    INSERT INTO public.grado_tema_vocablo(grado_id, tema_id, vocablo_id)
      VALUES (5, 21, 621);
    

    INSERT INTO public.grado_tema(grado_id, tema_id)
      VALUES (5, 22);
    

    INSERT INTO public.grado_tema_vocablo(grado_id, tema_id, vocablo_id)
      VALUES (5, 22, 508);
    

    INSERT INTO public.grado_tema_vocablo(grado_id, tema_id, vocablo_id)
      VALUES (5, 22, 622);
    

    INSERT INTO public.grado_tema_vocablo(grado_id, tema_id, vocablo_id)
      VALUES (5, 22, 506);
    

    INSERT INTO public.grado_tema_vocablo(grado_id, tema_id, vocablo_id)
      VALUES (5, 22, 623);
    

    INSERT INTO public.grado_tema_vocablo(grado_id, tema_id, vocablo_id)
      VALUES (5, 22, 74);
    

    INSERT INTO public.grado_tema_vocablo(grado_id, tema_id, vocablo_id)
      VALUES (5, 22, 624);
    

    INSERT INTO public.grado_tema_vocablo(grado_id, tema_id, vocablo_id)
      VALUES (5, 22, 625);
    

    INSERT INTO public.grado_tema_vocablo(grado_id, tema_id, vocablo_id)
      VALUES (5, 22, 626);
    

    INSERT INTO public.grado_tema_vocablo(grado_id, tema_id, vocablo_id)
      VALUES (5, 22, 627);
    

    INSERT INTO public.grado_tema_vocablo(grado_id, tema_id, vocablo_id)
      VALUES (5, 22, 507);
    

    INSERT INTO public.grado_tema_vocablo(grado_id, tema_id, vocablo_id)
      VALUES (5, 22, 73);
    

    INSERT INTO public.grado_tema_vocablo(grado_id, tema_id, vocablo_id)
      VALUES (5, 22, 628);
    

    INSERT INTO public.grado_tema_vocablo(grado_id, tema_id, vocablo_id)
      VALUES (5, 22, 629);
    

    INSERT INTO public.grado_tema(grado_id, tema_id)
      VALUES (5, 23);
    

    INSERT INTO public.grado_tema_vocablo(grado_id, tema_id, vocablo_id)
      VALUES (5, 23, 514);
    

    INSERT INTO public.grado_tema_vocablo(grado_id, tema_id, vocablo_id)
      VALUES (5, 23, 517);
    

    INSERT INTO public.grado_tema_vocablo(grado_id, tema_id, vocablo_id)
      VALUES (5, 23, 630);
    

    INSERT INTO public.grado_tema_vocablo(grado_id, tema_id, vocablo_id)
      VALUES (5, 23, 509);
    

    INSERT INTO public.grado_tema_vocablo(grado_id, tema_id, vocablo_id)
      VALUES (5, 23, 512);
    

    INSERT INTO public.grado_tema_vocablo(grado_id, tema_id, vocablo_id)
      VALUES (5, 23, 519);
    

    INSERT INTO public.grado_tema_vocablo(grado_id, tema_id, vocablo_id)
      VALUES (5, 23, 513);
    

    INSERT INTO public.grado_tema_vocablo(grado_id, tema_id, vocablo_id)
      VALUES (5, 23, 515);
    

    INSERT INTO public.grado_tema_vocablo(grado_id, tema_id, vocablo_id)
      VALUES (5, 23, 516);
    

    INSERT INTO public.grado_tema_vocablo(grado_id, tema_id, vocablo_id)
      VALUES (5, 23, 84);
    

    INSERT INTO public.grado_tema_vocablo(grado_id, tema_id, vocablo_id)
      VALUES (5, 23, 85);
    

    INSERT INTO public.grado_tema_vocablo(grado_id, tema_id, vocablo_id)
      VALUES (5, 23, 631);
    

    INSERT INTO public.grado_tema_vocablo(grado_id, tema_id, vocablo_id)
      VALUES (5, 23, 86);
    

    INSERT INTO public.grado_tema_vocablo(grado_id, tema_id, vocablo_id)
      VALUES (5, 23, 87);
    

    INSERT INTO public.grado_tema_vocablo(grado_id, tema_id, vocablo_id)
      VALUES (5, 23, 632);
    

    INSERT INTO public.grado_tema_vocablo(grado_id, tema_id, vocablo_id)
      VALUES (5, 23, 88);
    

    INSERT INTO public.grado_tema_vocablo(grado_id, tema_id, vocablo_id)
      VALUES (5, 23, 633);
    

    INSERT INTO public.grado_tema_vocablo(grado_id, tema_id, vocablo_id)
      VALUES (5, 23, 521);
    

    INSERT INTO public.grado_tema_vocablo(grado_id, tema_id, vocablo_id)
      VALUES (5, 23, 511);
    

    INSERT INTO public.grado_tema_vocablo(grado_id, tema_id, vocablo_id)
      VALUES (5, 23, 510);
    

    INSERT INTO public.grado_tema_vocablo(grado_id, tema_id, vocablo_id)
      VALUES (5, 23, 520);
    

    INSERT INTO public.grado_tema(grado_id, tema_id)
      VALUES (5, 24);
    

    INSERT INTO public.grado_tema_vocablo(grado_id, tema_id, vocablo_id)
      VALUES (5, 24, 526);
    

    INSERT INTO public.grado_tema_vocablo(grado_id, tema_id, vocablo_id)
      VALUES (5, 24, 297);
    

    INSERT INTO public.grado_tema_vocablo(grado_id, tema_id, vocablo_id)
      VALUES (5, 24, 634);
    

    INSERT INTO public.grado_tema_vocablo(grado_id, tema_id, vocablo_id)
      VALUES (5, 24, 635);
    

    INSERT INTO public.grado_tema_vocablo(grado_id, tema_id, vocablo_id)
      VALUES (5, 24, 522);
    

    INSERT INTO public.grado_tema_vocablo(grado_id, tema_id, vocablo_id)
      VALUES (5, 24, 636);
    

    INSERT INTO public.grado_tema_vocablo(grado_id, tema_id, vocablo_id)
      VALUES (5, 24, 637);
    

    INSERT INTO public.grado_tema_vocablo(grado_id, tema_id, vocablo_id)
      VALUES (5, 24, 523);
    

    INSERT INTO public.grado_tema_vocablo(grado_id, tema_id, vocablo_id)
      VALUES (5, 24, 638);
    

    INSERT INTO public.grado_tema_vocablo(grado_id, tema_id, vocablo_id)
      VALUES (5, 24, 639);
    

    INSERT INTO public.grado_tema_vocablo(grado_id, tema_id, vocablo_id)
      VALUES (5, 24, 640);
    

    INSERT INTO public.grado_tema_vocablo(grado_id, tema_id, vocablo_id)
      VALUES (5, 24, 641);
    

    INSERT INTO public.grado_tema_vocablo(grado_id, tema_id, vocablo_id)
      VALUES (5, 24, 642);
    

    INSERT INTO public.grado_tema(grado_id, tema_id)
      VALUES (5, 25);
    

    INSERT INTO public.grado_tema_vocablo(grado_id, tema_id, vocablo_id)
      VALUES (5, 25, 643);
    

    INSERT INTO public.grado_tema_vocablo(grado_id, tema_id, vocablo_id)
      VALUES (5, 25, 644);
    

    INSERT INTO public.grado_tema_vocablo(grado_id, tema_id, vocablo_id)
      VALUES (5, 25, 645);
    

    INSERT INTO public.grado_tema_vocablo(grado_id, tema_id, vocablo_id)
      VALUES (5, 25, 646);
    

    INSERT INTO public.grado_tema(grado_id, tema_id)
      VALUES (5, 26);
    

    INSERT INTO public.grado_tema_vocablo(grado_id, tema_id, vocablo_id)
      VALUES (5, 26, 647);
    

    INSERT INTO public.grado_tema_vocablo(grado_id, tema_id, vocablo_id)
      VALUES (5, 26, 648);
    

    INSERT INTO public.grado_tema_vocablo(grado_id, tema_id, vocablo_id)
      VALUES (5, 26, 531);
    

    INSERT INTO public.grado_tema_vocablo(grado_id, tema_id, vocablo_id)
      VALUES (5, 26, 530);
    

    INSERT INTO public.grado_tema_vocablo(grado_id, tema_id, vocablo_id)
      VALUES (5, 26, 528);
    

    INSERT INTO public.grado_tema_vocablo(grado_id, tema_id, vocablo_id)
      VALUES (5, 26, 649);
    

    INSERT INTO public.grado_tema_vocablo(grado_id, tema_id, vocablo_id)
      VALUES (5, 26, 529);
    

    INSERT INTO public.grado_tema_vocablo(grado_id, tema_id, vocablo_id)
      VALUES (5, 26, 650);
    

    INSERT INTO public.grado_tema_vocablo(grado_id, tema_id, vocablo_id)
      VALUES (5, 26, 527);
    

    INSERT INTO public.grado_tema_vocablo(grado_id, tema_id, vocablo_id)
      VALUES (5, 26, 651);
    

    INSERT INTO public.grado_tema_vocablo(grado_id, tema_id, vocablo_id)
      VALUES (5, 26, 652);
    

    INSERT INTO public.grado_tema(grado_id, tema_id)
      VALUES (5, 10);
    

    INSERT INTO public.grado_tema_vocablo(grado_id, tema_id, vocablo_id)
      VALUES (5, 10, 653);
    

    INSERT INTO public.grado_tema_vocablo(grado_id, tema_id, vocablo_id)
      VALUES (5, 10, 654);
    

    INSERT INTO public.grado_tema_vocablo(grado_id, tema_id, vocablo_id)
      VALUES (5, 10, 424);
    

    INSERT INTO public.grado_tema_vocablo(grado_id, tema_id, vocablo_id)
      VALUES (5, 10, 655);
    

    INSERT INTO public.grado_tema_vocablo(grado_id, tema_id, vocablo_id)
      VALUES (5, 10, 656);
    

    INSERT INTO public.grado_tema_vocablo(grado_id, tema_id, vocablo_id)
      VALUES (5, 10, 657);
    

    INSERT INTO public.grado_tema_vocablo(grado_id, tema_id, vocablo_id)
      VALUES (5, 10, 309);
    

    INSERT INTO public.grado_tema_vocablo(grado_id, tema_id, vocablo_id)
      VALUES (5, 10, 658);
    

    INSERT INTO public.grado_tema_vocablo(grado_id, tema_id, vocablo_id)
      VALUES (5, 10, 659);
    

    INSERT INTO public.grado_tema_vocablo(grado_id, tema_id, vocablo_id)
      VALUES (5, 10, 660);
    

    INSERT INTO public.grado_tema(grado_id, tema_id)
      VALUES (5, 28);
    

    INSERT INTO public.grado_tema_vocablo(grado_id, tema_id, vocablo_id)
      VALUES (5, 28, 533);
    

    INSERT INTO public.grado_tema_vocablo(grado_id, tema_id, vocablo_id)
      VALUES (5, 28, 661);
    

    INSERT INTO public.grado_tema_vocablo(grado_id, tema_id, vocablo_id)
      VALUES (5, 28, 662);
    

    INSERT INTO public.grado_tema_vocablo(grado_id, tema_id, vocablo_id)
      VALUES (5, 28, 532);
    

    INSERT INTO public.grado_tema_vocablo(grado_id, tema_id, vocablo_id)
      VALUES (5, 28, 663);
    

    INSERT INTO public.grado_tema(grado_id, tema_id)
      VALUES (5, 30);
    

    INSERT INTO public.grado_tema_vocablo(grado_id, tema_id, vocablo_id)
      VALUES (5, 30, 543);
    

    INSERT INTO public.grado_tema_vocablo(grado_id, tema_id, vocablo_id)
      VALUES (5, 30, 664);
    

    INSERT INTO public.grado_tema_vocablo(grado_id, tema_id, vocablo_id)
      VALUES (5, 30, 665);
    

    INSERT INTO public.grado_tema_vocablo(grado_id, tema_id, vocablo_id)
      VALUES (5, 30, 536);
    

    INSERT INTO public.grado_tema_vocablo(grado_id, tema_id, vocablo_id)
      VALUES (5, 30, 538);
    

    INSERT INTO public.grado_tema_vocablo(grado_id, tema_id, vocablo_id)
      VALUES (5, 30, 541);
    

    INSERT INTO public.grado_tema_vocablo(grado_id, tema_id, vocablo_id)
      VALUES (5, 30, 540);
    

    INSERT INTO public.grado_tema_vocablo(grado_id, tema_id, vocablo_id)
      VALUES (5, 30, 89);
    

    INSERT INTO public.grado_tema_vocablo(grado_id, tema_id, vocablo_id)
      VALUES (5, 30, 666);
    

    INSERT INTO public.grado_tema_vocablo(grado_id, tema_id, vocablo_id)
      VALUES (5, 30, 667);
    

    INSERT INTO public.grado_tema_vocablo(grado_id, tema_id, vocablo_id)
      VALUES (5, 30, 668);
    

    INSERT INTO public.grado_tema_vocablo(grado_id, tema_id, vocablo_id)
      VALUES (5, 30, 539);
    

    INSERT INTO public.grado_tema_vocablo(grado_id, tema_id, vocablo_id)
      VALUES (5, 30, 542);
    

    INSERT INTO public.grado_tema(grado_id, tema_id)
      VALUES (5, 31);
    

    INSERT INTO public.grado_tema_vocablo(grado_id, tema_id, vocablo_id)
      VALUES (5, 31, 669);
    

    INSERT INTO public.grado_tema_vocablo(grado_id, tema_id, vocablo_id)
      VALUES (5, 31, 554);
    

    INSERT INTO public.grado_tema_vocablo(grado_id, tema_id, vocablo_id)
      VALUES (5, 31, 670);
    

    INSERT INTO public.grado_tema_vocablo(grado_id, tema_id, vocablo_id)
      VALUES (5, 31, 555);
    

    INSERT INTO public.grado_tema_vocablo(grado_id, tema_id, vocablo_id)
      VALUES (5, 31, 671);
    

    INSERT INTO public.grado_tema_vocablo(grado_id, tema_id, vocablo_id)
      VALUES (5, 31, 552);
    

    INSERT INTO public.grado_tema_vocablo(grado_id, tema_id, vocablo_id)
      VALUES (5, 31, 550);
    

    INSERT INTO public.grado_tema_vocablo(grado_id, tema_id, vocablo_id)
      VALUES (5, 31, 545);
    

    INSERT INTO public.grado_tema_vocablo(grado_id, tema_id, vocablo_id)
      VALUES (5, 31, 553);
    

    INSERT INTO public.grado_tema_vocablo(grado_id, tema_id, vocablo_id)
      VALUES (5, 31, 79);
    

    INSERT INTO public.grado_tema_vocablo(grado_id, tema_id, vocablo_id)
      VALUES (5, 31, 547);
    

    INSERT INTO public.grado_tema_vocablo(grado_id, tema_id, vocablo_id)
      VALUES (5, 31, 672);
    

    INSERT INTO public.grado_tema_vocablo(grado_id, tema_id, vocablo_id)
      VALUES (5, 31, 551);
    

    INSERT INTO public.grado_tema_vocablo(grado_id, tema_id, vocablo_id)
      VALUES (5, 31, 549);
    

    INSERT INTO public.grado_tema_vocablo(grado_id, tema_id, vocablo_id)
      VALUES (5, 31, 673);
    

    INSERT INTO public.grado_tema_vocablo(grado_id, tema_id, vocablo_id)
      VALUES (5, 31, 674);
    

    INSERT INTO public.grado_tema_vocablo(grado_id, tema_id, vocablo_id)
      VALUES (5, 31, 548);
    

    INSERT INTO public.grado_tema_vocablo(grado_id, tema_id, vocablo_id)
      VALUES (5, 31, 323);
    

    INSERT INTO public.grado_tema_vocablo(grado_id, tema_id, vocablo_id)
      VALUES (5, 31, 546);
    


--
-- Sexto Grado
--

    INSERT INTO public.grado_tema(grado_id, tema_id)
      VALUES (6, 38);
    

    INSERT INTO public.grado_tema_vocablo(grado_id, tema_id, vocablo_id)
      VALUES (6, 38, 90);
    

    INSERT INTO public.grado_tema_vocablo(grado_id, tema_id, vocablo_id)
      VALUES (6, 38, 91);
    

    INSERT INTO public.grado_tema_vocablo(grado_id, tema_id, vocablo_id)
      VALUES (6, 38, 92);
    

    INSERT INTO public.grado_tema_vocablo(grado_id, tema_id, vocablo_id)
      VALUES (6, 38, 93);
    

    INSERT INTO public.grado_tema_vocablo(grado_id, tema_id, vocablo_id)
      VALUES (6, 38, 94);
    

    INSERT INTO public.grado_tema_vocablo(grado_id, tema_id, vocablo_id)
      VALUES (6, 38, 95);
    

    INSERT INTO public.grado_tema_vocablo(grado_id, tema_id, vocablo_id)
      VALUES (6, 38, 96);
    

    INSERT INTO public.grado_tema_vocablo(grado_id, tema_id, vocablo_id)
      VALUES (6, 38, 97);
    

    INSERT INTO public.grado_tema_vocablo(grado_id, tema_id, vocablo_id)
      VALUES (6, 38, 98);
    

    INSERT INTO public.grado_tema_vocablo(grado_id, tema_id, vocablo_id)
      VALUES (6, 38, 99);
    

    INSERT INTO public.grado_tema_vocablo(grado_id, tema_id, vocablo_id)
      VALUES (6, 38, 100);
    

    INSERT INTO public.grado_tema_vocablo(grado_id, tema_id, vocablo_id)
      VALUES (6, 38, 101);
    

    INSERT INTO public.grado_tema_vocablo(grado_id, tema_id, vocablo_id)
      VALUES (6, 38, 102);
    

    INSERT INTO public.grado_tema_vocablo(grado_id, tema_id, vocablo_id)
      VALUES (6, 38, 103);
    

    INSERT INTO public.grado_tema_vocablo(grado_id, tema_id, vocablo_id)
      VALUES (6, 38, 104);
    

    INSERT INTO public.grado_tema(grado_id, tema_id)
      VALUES (6, 2);
    

    INSERT INTO public.grado_tema_vocablo(grado_id, tema_id, vocablo_id)
      VALUES (6, 2, 675);
    

    INSERT INTO public.grado_tema_vocablo(grado_id, tema_id, vocablo_id)
      VALUES (6, 2, 676);
    

    INSERT INTO public.grado_tema_vocablo(grado_id, tema_id, vocablo_id)
      VALUES (6, 2, 677);
    

    INSERT INTO public.grado_tema(grado_id, tema_id)
      VALUES (6, 1);
    

    INSERT INTO public.grado_tema_vocablo(grado_id, tema_id, vocablo_id)
      VALUES (6, 1, 678);
    

    INSERT INTO public.grado_tema_vocablo(grado_id, tema_id, vocablo_id)
      VALUES (6, 1, 679);
    

    INSERT INTO public.grado_tema(grado_id, tema_id)
      VALUES (6, 3);
    

    INSERT INTO public.grado_tema_vocablo(grado_id, tema_id, vocablo_id)
      VALUES (6, 3, 90);
    

    INSERT INTO public.grado_tema_vocablo(grado_id, tema_id, vocablo_id)
      VALUES (6, 3, 94);
    

    INSERT INTO public.grado_tema_vocablo(grado_id, tema_id, vocablo_id)
      VALUES (6, 3, 91);
    

    INSERT INTO public.grado_tema_vocablo(grado_id, tema_id, vocablo_id)
      VALUES (6, 3, 92);
    

    INSERT INTO public.grado_tema_vocablo(grado_id, tema_id, vocablo_id)
      VALUES (6, 3, 95);
    

    INSERT INTO public.grado_tema(grado_id, tema_id)
      VALUES (6, 6);
    

    INSERT INTO public.grado_tema_vocablo(grado_id, tema_id, vocablo_id)
      VALUES (6, 6, 680);
    

    INSERT INTO public.grado_tema_vocablo(grado_id, tema_id, vocablo_id)
      VALUES (6, 6, 681);
    

    INSERT INTO public.grado_tema_vocablo(grado_id, tema_id, vocablo_id)
      VALUES (6, 6, 682);
    

    INSERT INTO public.grado_tema_vocablo(grado_id, tema_id, vocablo_id)
      VALUES (6, 6, 683);
    

    INSERT INTO public.grado_tema(grado_id, tema_id)
      VALUES (6, 7);
    

    INSERT INTO public.grado_tema_vocablo(grado_id, tema_id, vocablo_id)
      VALUES (6, 7, 96);
    

    INSERT INTO public.grado_tema_vocablo(grado_id, tema_id, vocablo_id)
      VALUES (6, 7, 684);
    

    INSERT INTO public.grado_tema_vocablo(grado_id, tema_id, vocablo_id)
      VALUES (6, 7, 685);
    

    INSERT INTO public.grado_tema_vocablo(grado_id, tema_id, vocablo_id)
      VALUES (6, 7, 686);
    

    INSERT INTO public.grado_tema(grado_id, tema_id)
      VALUES (6, 8);
    

    INSERT INTO public.grado_tema_vocablo(grado_id, tema_id, vocablo_id)
      VALUES (6, 8, 687);
    

    INSERT INTO public.grado_tema_vocablo(grado_id, tema_id, vocablo_id)
      VALUES (6, 8, 97);
    

    INSERT INTO public.grado_tema(grado_id, tema_id)
      VALUES (6, 13);
    

    INSERT INTO public.grado_tema_vocablo(grado_id, tema_id, vocablo_id)
      VALUES (6, 13, 688);
    

    INSERT INTO public.grado_tema_vocablo(grado_id, tema_id, vocablo_id)
      VALUES (6, 13, 689);
    

    INSERT INTO public.grado_tema_vocablo(grado_id, tema_id, vocablo_id)
      VALUES (6, 13, 690);
    

    INSERT INTO public.grado_tema_vocablo(grado_id, tema_id, vocablo_id)
      VALUES (6, 13, 691);
    

    INSERT INTO public.grado_tema_vocablo(grado_id, tema_id, vocablo_id)
      VALUES (6, 13, 692);
    

    INSERT INTO public.grado_tema_vocablo(grado_id, tema_id, vocablo_id)
      VALUES (6, 13, 693);
    

    INSERT INTO public.grado_tema_vocablo(grado_id, tema_id, vocablo_id)
      VALUES (6, 13, 93);
    

    INSERT INTO public.grado_tema(grado_id, tema_id)
      VALUES (6, 20);
    

    INSERT INTO public.grado_tema_vocablo(grado_id, tema_id, vocablo_id)
      VALUES (6, 20, 694);
    

    INSERT INTO public.grado_tema(grado_id, tema_id)
      VALUES (6, 24);
    

    INSERT INTO public.grado_tema_vocablo(grado_id, tema_id, vocablo_id)
      VALUES (6, 24, 98);
    

    INSERT INTO public.grado_tema_vocablo(grado_id, tema_id, vocablo_id)
      VALUES (6, 24, 695);
    

    INSERT INTO public.grado_tema_vocablo(grado_id, tema_id, vocablo_id)
      VALUES (6, 24, 696);
    

    INSERT INTO public.grado_tema_vocablo(grado_id, tema_id, vocablo_id)
      VALUES (6, 24, 697);
    

    INSERT INTO public.grado_tema_vocablo(grado_id, tema_id, vocablo_id)
      VALUES (6, 24, 698);
    

    INSERT INTO public.grado_tema(grado_id, tema_id)
      VALUES (6, 25);
    

    INSERT INTO public.grado_tema_vocablo(grado_id, tema_id, vocablo_id)
      VALUES (6, 25, 699);
    

    INSERT INTO public.grado_tema_vocablo(grado_id, tema_id, vocablo_id)
      VALUES (6, 25, 700);
    

    INSERT INTO public.grado_tema_vocablo(grado_id, tema_id, vocablo_id)
      VALUES (6, 25, 701);
    

    INSERT INTO public.grado_tema_vocablo(grado_id, tema_id, vocablo_id)
      VALUES (6, 25, 702);
    

    INSERT INTO public.grado_tema_vocablo(grado_id, tema_id, vocablo_id)
      VALUES (6, 25, 100);
    

    INSERT INTO public.grado_tema_vocablo(grado_id, tema_id, vocablo_id)
      VALUES (6, 25, 99);
    

    INSERT INTO public.grado_tema_vocablo(grado_id, tema_id, vocablo_id)
      VALUES (6, 25, 703);
    

    INSERT INTO public.grado_tema(grado_id, tema_id)
      VALUES (6, 26);
    

    INSERT INTO public.grado_tema_vocablo(grado_id, tema_id, vocablo_id)
      VALUES (6, 26, 101);
    

    INSERT INTO public.grado_tema_vocablo(grado_id, tema_id, vocablo_id)
      VALUES (6, 26, 102);
    

    INSERT INTO public.grado_tema_vocablo(grado_id, tema_id, vocablo_id)
      VALUES (6, 26, 103);
    

    INSERT INTO public.grado_tema_vocablo(grado_id, tema_id, vocablo_id)
      VALUES (6, 26, 104);
    

    INSERT INTO public.grado_tema_vocablo(grado_id, tema_id, vocablo_id)
      VALUES (6, 26, 704);
    

    INSERT INTO public.grado_tema(grado_id, tema_id)
      VALUES (6, 28);
    

    INSERT INTO public.grado_tema_vocablo(grado_id, tema_id, vocablo_id)
      VALUES (6, 28, 705);
    

    INSERT INTO public.grado_tema_vocablo(grado_id, tema_id, vocablo_id)
      VALUES (6, 28, 706);
    

    INSERT INTO public.grado_tema_vocablo(grado_id, tema_id, vocablo_id)
      VALUES (6, 28, 707);
    

    INSERT INTO public.grado_tema_vocablo(grado_id, tema_id, vocablo_id)
      VALUES (6, 28, 708);
    