
--
-- Grados
--
  INSERT INTO public.grado(id, nombre, image_src)
    VALUES (0, 'Preescolar', '/assets/images/preescolar.png');

  
  INSERT INTO public.grado(id, nombre, image_src)
    VALUES (1, 'Primer grado', '/assets/images/primer-grado.png');

  
  INSERT INTO public.grado(id, nombre, image_src)
    VALUES (2, 'Segundo grado', '/assets/images/segundo-grado.png');

  
  INSERT INTO public.grado(id, nombre, image_src)
    VALUES (3, 'Tercer Grado', '/assets/images/tercer-grado.png');

  
  INSERT INTO public.grado(id, nombre, image_src)
    VALUES (4, 'Cuarto Grado', '/assets/images/cuarto-grado.png');

  
  INSERT INTO public.grado(id, nombre, image_src)
    VALUES (5, 'Quinto Grado', '/assets/images/quinto-grado.png');

  
  INSERT INTO public.grado(id, nombre, image_src)
    VALUES (6, 'Sexto Grado', '/assets/images/sexto-grado.png');

  


--
-- Temas
--
  INSERT INTO public.tema(id, nombre, image_src, es_categoria)
    VALUES (0, 'Alimentos', '/assets/images/alimentos.png', true);
  
  
  INSERT INTO public.tema(id, nombre, image_src, es_categoria)
    VALUES (1, 'Animales', '/assets/images/animales.png', true);
  
  
  INSERT INTO public.tema(id, nombre, image_src, es_categoria)
    VALUES (2, 'Arboles', '/assets/images/arboles.png', true);
  
  
  INSERT INTO public.tema(id, nombre, image_src, es_categoria)
    VALUES (3, 'Articulos de uso Personal', '/assets/images/articulos-de-uso-personal.png', true);
  
  
  INSERT INTO public.tema(id, nombre, image_src, es_categoria)
    VALUES (4, 'Colores', '/assets/images/colores.png', true);
  
  
  INSERT INTO public.tema(id, nombre, image_src, es_categoria)
    VALUES (5, 'Días de la semana', '/assets/images/dias-de-la-semana.png', true);
  
  
  INSERT INTO public.tema(id, nombre, image_src, es_categoria)
    VALUES (6, 'Dulces/Postres/Golosinas', '/assets/images/dulces-postres-golosinas.png', true);
  
  
  INSERT INTO public.tema(id, nombre, image_src, es_categoria)
    VALUES (7, 'Enfermedades', '/assets/images/enfermedades.png', true);
  
  
  INSERT INTO public.tema(id, nombre, image_src, es_categoria)
    VALUES (8, 'Figuras geométricas', '/assets/images/figuras.png', true);
  
  
  INSERT INTO public.tema(id, nombre, image_src, es_categoria)
    VALUES (9, 'Frutas', '/assets/images/frutas.png', true);
  
  
  INSERT INTO public.tema(id, nombre, image_src, es_categoria)
    VALUES (10, 'Flores', '/assets/images/flores.png', true);
  
  
  INSERT INTO public.tema(id, nombre, image_src, es_categoria)
    VALUES (11, 'Juguetes/Juegos/Deportes', '/assets/images/juegos.png', true);
  
  
  INSERT INTO public.tema(id, nombre, image_src, es_categoria)
    VALUES (12, 'Lugares', '/assets/images/lugares.png', true);
  
  
  INSERT INTO public.tema(id, nombre, image_src, es_categoria)
    VALUES (13, 'Lugares de Mérida', '/assets/images/lugares-de-merida.png', true);
  
  
  INSERT INTO public.tema(id, nombre, image_src, es_categoria)
    VALUES (14, 'Medios de transporte', '/assets/images/medios-de-transporte.png', true);
  
  
  INSERT INTO public.tema(id, nombre, image_src, es_categoria)
    VALUES (15, 'Meses del año', '/assets/images/meses-del-ano.png', true);
  
  
  INSERT INTO public.tema(id, nombre, image_src, es_categoria)
    VALUES (16, 'Noción de cantidad', '/assets/images/nocion-de-cantidad.png', true);
  
  
  INSERT INTO public.tema(id, nombre, image_src, es_categoria)
    VALUES (17, 'Noción de tamaño', '/assets/images/nocion-de-tamano.png', true);
  
  
  INSERT INTO public.tema(id, nombre, image_src, es_categoria)
    VALUES (18, 'Noción espacial', '/assets/images/nocion-espacial.png', true);
  
  
  INSERT INTO public.tema(id, nombre, image_src, es_categoria)
    VALUES (19, 'Noción temporal', '/assets/images/nocion-temporal.png', true);
  
  
  INSERT INTO public.tema(id, nombre, image_src, es_categoria)
    VALUES (20, 'Numeros', '/assets/images/numeros.png', true);
  
  
  INSERT INTO public.tema(id, nombre, image_src, es_categoria)
    VALUES (21, 'Objetos del hogar', '/assets/images/objetos-del-hogar.png', true);
  
  
  INSERT INTO public.tema(id, nombre, image_src, es_categoria)
    VALUES (22, 'Oficios y Profesiones', '/assets/images/oficios-y-profesiones.png', true);
  
  
  INSERT INTO public.tema(id, nombre, image_src, es_categoria)
    VALUES (23, 'Partes del cuerpo', '/assets/images/partes-del-cuerpo.png', true);
  
  
  INSERT INTO public.tema(id, nombre, image_src, es_categoria)
    VALUES (24, 'Personajes historicos', '/assets/images/personajes-historicos.png', true);
  
  
  INSERT INTO public.tema(id, nombre, image_src, es_categoria)
    VALUES (25, 'Personas', '/assets/images/personas.png', true);
  
  
  INSERT INTO public.tema(id, nombre, image_src, es_categoria)
    VALUES (26, 'Ropa', '/assets/images/ropa.png', true);
  
  
  INSERT INTO public.tema(id, nombre, image_src, es_categoria)
    VALUES (27, 'Simbolos', '/assets/images/simbolos.png', true);
  
  
  INSERT INTO public.tema(id, nombre, image_src, es_categoria)
    VALUES (28, 'Sintomas', '/assets/images/sintomas.png', true);
  
  
  INSERT INTO public.tema(id, nombre, image_src, es_categoria)
    VALUES (29, 'Utensilios de cocina', '/assets/images/utensilios-de-cocina.png', true);
  
  
  INSERT INTO public.tema(id, nombre, image_src, es_categoria)
    VALUES (30, 'Utiles escolares', '/assets/images/utiles-escolares.png', true);
  
  
  INSERT INTO public.tema(id, nombre, image_src, es_categoria)
    VALUES (31, 'Verduras y hortalizas', '/assets/images/verduras-y-hortalizas.png', true);
  
  
  INSERT INTO public.tema(id, nombre, image_src, es_categoria)
    VALUES (32, 'Prueba Exploratoria - Preescolar', '/assets/images/prueba-exploratoria.png', false);
  
  
  INSERT INTO public.tema(id, nombre, image_src, es_categoria)
    VALUES (33, 'Prueba Exploratoria - Primer Grado', '/assets/images/prueba-exploratoria.png', false);
  
  
  INSERT INTO public.tema(id, nombre, image_src, es_categoria)
    VALUES (34, 'Prueba Exploratoria - Segundo Grado', '/assets/images/prueba-exploratoria.png', false);
  
  
  INSERT INTO public.tema(id, nombre, image_src, es_categoria)
    VALUES (35, 'Prueba Exploratoria - Tercer Grado', '/assets/images/prueba-exploratoria.png', false);
  
  
  INSERT INTO public.tema(id, nombre, image_src, es_categoria)
    VALUES (36, 'Prueba Exploratoria - Cuarto Grado', '/assets/images/prueba-exploratoria.png', false);
  
  
  INSERT INTO public.tema(id, nombre, image_src, es_categoria)
    VALUES (37, 'Prueba Exploratoria - Quinto Grado', '/assets/images/prueba-exploratoria.png', false);
  
  
  INSERT INTO public.tema(id, nombre, image_src, es_categoria)
    VALUES (38, 'Prueba Exploratoria - Sexto Grado', '/assets/images/prueba-exploratoria.png', false);
  
  
  INSERT INTO public.tema(id, nombre, image_src, es_categoria)
    VALUES (39, 'Noción de temperatura', '/assets/images/nocion-temperatura.png', true);
  
  
  INSERT INTO public.tema(id, nombre, image_src, es_categoria)
    VALUES (40, 'Metales', '/assets/images/metales.png', true);
  
  
  INSERT INTO public.tema(id, nombre, image_src, es_categoria)
    VALUES (41, 'Letras', '/assets/images/letras.png', true);
  
  
  INSERT INTO public.tema(id, nombre, image_src, es_categoria)
    VALUES (42, 'Expresiones cotidianas', '/assets/images/expresiones-cotidianas.png', true);
  
  


--
-- Vocablos
--
    INSERT INTO public.vocablo(id, palabra, tema_id)
      VALUES (0, 'e', 32);
    
    INSERT INTO public.recurso(id, tipo, enlace, vocablo_id)
      VALUES (0, 'image', '/assets/images/e.png', 0);

    INSERT INTO public.recurso(id, tipo, enlace, vocablo_id)
      VALUES (1, 'video', 'https://www.youtube.com/watch?v=HWSgmDNz4ig', 0);
    
    INSERT INTO public.vocablo(id, palabra, tema_id)
      VALUES (1, 'Niño', 32);
    
    INSERT INTO public.recurso(id, tipo, enlace, vocablo_id)
      VALUES (2, 'image', '/assets/images/nino.png', 1);

    INSERT INTO public.recurso(id, tipo, enlace, vocablo_id)
      VALUES (3, 'video', 'https://www.youtube.com/watch?v=_md8TEKdwKs', 1);
    
    INSERT INTO public.vocablo(id, palabra, tema_id)
      VALUES (2, 'Dos', 32);
    
    INSERT INTO public.recurso(id, tipo, enlace, vocablo_id)
      VALUES (4, 'image', '/assets/images/dos.png', 2);

    INSERT INTO public.recurso(id, tipo, enlace, vocablo_id)
      VALUES (5, 'video', 'https://www.youtube.com/watch?v=ue-n3mSGziE', 2);
    
    INSERT INTO public.vocablo(id, palabra, tema_id)
      VALUES (3, 'Amarillo', 32);
    
    INSERT INTO public.recurso(id, tipo, enlace, vocablo_id)
      VALUES (6, 'image', '/assets/images/amarillo.png', 3);

    INSERT INTO public.recurso(id, tipo, enlace, vocablo_id)
      VALUES (7, 'video', 'https://www.youtube.com/watch?v=w6mNcISiSmg', 3);
    
    INSERT INTO public.vocablo(id, palabra, tema_id)
      VALUES (4, 'Ojos', 32);
    
    INSERT INTO public.recurso(id, tipo, enlace, vocablo_id)
      VALUES (8, 'image', '/assets/images/ojos.png', 4);

    INSERT INTO public.recurso(id, tipo, enlace, vocablo_id)
      VALUES (9, 'video', 'https://www.youtube.com/watch?v=nJOktJJ4ZLs', 4);
    
    INSERT INTO public.vocablo(id, palabra, tema_id)
      VALUES (5, 'Gato', 32);
    
    INSERT INTO public.recurso(id, tipo, enlace, vocablo_id)
      VALUES (10, 'image', '/assets/images/gato.png', 5);

    INSERT INTO public.recurso(id, tipo, enlace, vocablo_id)
      VALUES (11, 'video', 'https://www.youtube.com/watch?v=2hBoxLU1_1I', 5);
    
    INSERT INTO public.vocablo(id, palabra, tema_id)
      VALUES (6, 'Perro', 32);
    
    INSERT INTO public.recurso(id, tipo, enlace, vocablo_id)
      VALUES (12, 'image', '/assets/images/perro.png', 6);

    INSERT INTO public.recurso(id, tipo, enlace, vocablo_id)
      VALUES (13, 'video', 'https://www.youtube.com/watch?v=uTgwELMxecs', 6);
    
    INSERT INTO public.vocablo(id, palabra, tema_id)
      VALUES (7, 'Oso', 32);
    
    INSERT INTO public.recurso(id, tipo, enlace, vocablo_id)
      VALUES (14, 'image', '/assets/images/oso.png', 7);

    INSERT INTO public.recurso(id, tipo, enlace, vocablo_id)
      VALUES (15, 'video', 'https://www.youtube.com/watch?v=dJld698PqNA', 7);
    
    INSERT INTO public.vocablo(id, palabra, tema_id)
      VALUES (8, 'pasta', 33);
    
    INSERT INTO public.recurso(id, tipo, enlace, vocablo_id)
      VALUES (16, 'image', '/assets/images/pasta.png', 8);

    INSERT INTO public.recurso(id, tipo, enlace, vocablo_id)
      VALUES (17, 'video', 'https://www.youtube.com/watch?v=oJ4Vx75KVMA', 8);
    
    INSERT INTO public.vocablo(id, palabra, tema_id)
      VALUES (9, 'Verde', 33);
    
    INSERT INTO public.recurso(id, tipo, enlace, vocablo_id)
      VALUES (18, 'image', '/assets/images/verde.png', 9);

    INSERT INTO public.recurso(id, tipo, enlace, vocablo_id)
      VALUES (19, 'video', 'https://www.youtube.com/watch?v=GhLzHYXTkI8', 9);
    
    INSERT INTO public.vocablo(id, palabra, tema_id)
      VALUES (10, 'Cambur', 33);
    
    INSERT INTO public.recurso(id, tipo, enlace, vocablo_id)
      VALUES (20, 'image', '/assets/images/cambur.png', 10);

    INSERT INTO public.recurso(id, tipo, enlace, vocablo_id)
      VALUES (21, 'video', 'https://www.youtube.com/watch?v=lyypmRh4I7M', 10);
    
    INSERT INTO public.vocablo(id, palabra, tema_id)
      VALUES (11, 'Mueble', 33);
    
    INSERT INTO public.recurso(id, tipo, enlace, vocablo_id)
      VALUES (22, 'image', '/assets/images/mueble.png', 11);

    INSERT INTO public.recurso(id, tipo, enlace, vocablo_id)
      VALUES (23, 'video', 'https://www.youtube.com/watch?v=JhGL6-eRRfs', 11);
    
    INSERT INTO public.vocablo(id, palabra, tema_id)
      VALUES (12, 'Tenedor', 33);
    
    INSERT INTO public.recurso(id, tipo, enlace, vocablo_id)
      VALUES (24, 'image', '/assets/images/tenedor.png', 12);

    INSERT INTO public.recurso(id, tipo, enlace, vocablo_id)
      VALUES (25, 'video', 'https://www.youtube.com/watch?v=AMs-zTwlgc4', 12);
    
    INSERT INTO public.vocablo(id, palabra, tema_id)
      VALUES (13, 'Borrador', 33);
    
    INSERT INTO public.recurso(id, tipo, enlace, vocablo_id)
      VALUES (26, 'image', '/assets/images/borrador.png', 13);

    INSERT INTO public.recurso(id, tipo, enlace, vocablo_id)
      VALUES (27, 'video', 'https://www.youtube.com/watch?v=gKOav8WpRsg', 13);
    
    INSERT INTO public.vocablo(id, palabra, tema_id)
      VALUES (14, 'Cuaderno', 33);
    
    INSERT INTO public.recurso(id, tipo, enlace, vocablo_id)
      VALUES (28, 'image', '/assets/images/cuaderno.png', 14);

    INSERT INTO public.recurso(id, tipo, enlace, vocablo_id)
      VALUES (29, 'video', 'https://www.youtube.com/watch?v=k9cualEeYYs', 14);
    
    INSERT INTO public.vocablo(id, palabra, tema_id)
      VALUES (15, 'Lápiz', 33);
    
    INSERT INTO public.recurso(id, tipo, enlace, vocablo_id)
      VALUES (30, 'image', '/assets/images/lapiz.png', 15);

    INSERT INTO public.recurso(id, tipo, enlace, vocablo_id)
      VALUES (31, 'video', 'https://www.youtube.com/watch?v=eeKxuTmUoyA', 15);
    
    INSERT INTO public.vocablo(id, palabra, tema_id)
      VALUES (16, 'Negro', 34);
    
    INSERT INTO public.recurso(id, tipo, enlace, vocablo_id)
      VALUES (32, 'image', '/assets/images/negro.png', 16);

    INSERT INTO public.recurso(id, tipo, enlace, vocablo_id)
      VALUES (33, 'video', 'https://www.youtube.com/watch?v=eflrccjM1DQ', 16);
    
    INSERT INTO public.vocablo(id, palabra, tema_id)
      VALUES (17, 'Limon', 34);
    
    INSERT INTO public.recurso(id, tipo, enlace, vocablo_id)
      VALUES (34, 'image', '/assets/images/limon.png', 17);

    INSERT INTO public.recurso(id, tipo, enlace, vocablo_id)
      VALUES (35, 'video', 'https://www.youtube.com/watch?v=1FrsnuMclN4', 17);
    
    INSERT INTO public.vocablo(id, palabra, tema_id)
      VALUES (18, 'Buseta', 34);
    
    INSERT INTO public.recurso(id, tipo, enlace, vocablo_id)
      VALUES (36, 'image', '/assets/images/buseta.png', 18);

    INSERT INTO public.recurso(id, tipo, enlace, vocablo_id)
      VALUES (37, 'video', 'https://www.youtube.com/watch?v=j0OTrptZaVQ', 18);
    
    INSERT INTO public.vocablo(id, palabra, tema_id)
      VALUES (19, 'Lampara', 34);
    
    INSERT INTO public.recurso(id, tipo, enlace, vocablo_id)
      VALUES (38, 'image', '/assets/images/lampara.png', 19);

    INSERT INTO public.recurso(id, tipo, enlace, vocablo_id)
      VALUES (39, 'video', 'https://www.youtube.com/watch?v=tmrIUUJy1gE', 19);
    
    INSERT INTO public.vocablo(id, palabra, tema_id)
      VALUES (20, 'Libro', 34);
    
    INSERT INTO public.recurso(id, tipo, enlace, vocablo_id)
      VALUES (40, 'image', '/assets/images/libro.png', 20);

    INSERT INTO public.recurso(id, tipo, enlace, vocablo_id)
      VALUES (41, 'video', 'https://www.youtube.com/watch?v=w0aMLylYsbE', 20);
    
    INSERT INTO public.vocablo(id, palabra, tema_id)
      VALUES (21, 'Albañil', 34);
    
    INSERT INTO public.recurso(id, tipo, enlace, vocablo_id)
      VALUES (42, 'image', '/assets/images/albanil.png', 21);

    INSERT INTO public.recurso(id, tipo, enlace, vocablo_id)
      VALUES (43, 'video', 'https://www.youtube.com/watch?v=kNLfzp_lKjk', 21);
    
    INSERT INTO public.vocablo(id, palabra, tema_id)
      VALUES (22, 'Mecanico', 34);
    
    INSERT INTO public.recurso(id, tipo, enlace, vocablo_id)
      VALUES (44, 'image', '/assets/images/mecanico.png', 22);

    INSERT INTO public.recurso(id, tipo, enlace, vocablo_id)
      VALUES (45, 'video', 'https://www.youtube.com/watch?v=R709LFAd7hQ', 22);
    
    INSERT INTO public.vocablo(id, palabra, tema_id)
      VALUES (23, 'Oreja', 34);
    
    INSERT INTO public.recurso(id, tipo, enlace, vocablo_id)
      VALUES (46, 'image', '/assets/images/oreja.png', 23);

    INSERT INTO public.recurso(id, tipo, enlace, vocablo_id)
      VALUES (47, 'video', 'https://www.youtube.com/watch?v=K0hxPGd9qik', 23);
    
    INSERT INTO public.vocablo(id, palabra, tema_id)
      VALUES (24, 'Cuchillo', 34);
    
    INSERT INTO public.recurso(id, tipo, enlace, vocablo_id)
      VALUES (48, 'image', '/assets/images/cuchillo.png', 24);

    INSERT INTO public.recurso(id, tipo, enlace, vocablo_id)
      VALUES (49, 'video', 'https://www.youtube.com/watch?v=I3iUc_kSzoM', 24);
    
    INSERT INTO public.vocablo(id, palabra, tema_id)
      VALUES (25, 'Sarten', 34);
    
    INSERT INTO public.recurso(id, tipo, enlace, vocablo_id)
      VALUES (50, 'image', '/assets/images/sarten.png', 25);

    INSERT INTO public.recurso(id, tipo, enlace, vocablo_id)
      VALUES (51, 'video', 'https://www.youtube.com/watch?v=SOiL8MFHWpU', 25);
    
    INSERT INTO public.vocablo(id, palabra, tema_id)
      VALUES (26, 'Arroz', 35);
    
    INSERT INTO public.recurso(id, tipo, enlace, vocablo_id)
      VALUES (52, 'image', '/assets/images/arroz.png', 26);

    INSERT INTO public.recurso(id, tipo, enlace, vocablo_id)
      VALUES (53, 'video', 'https://www.youtube.com/watch?v=LVUkBeoi-8E', 26);
    
    INSERT INTO public.vocablo(id, palabra, tema_id)
      VALUES (27, 'Rosado', 35);
    
    INSERT INTO public.recurso(id, tipo, enlace, vocablo_id)
      VALUES (54, 'image', '/assets/images/rosado.png', 27);

    INSERT INTO public.recurso(id, tipo, enlace, vocablo_id)
      VALUES (55, 'video', 'https://www.youtube.com/watch?v=uG8NpalF6hg', 27);
    
    INSERT INTO public.vocablo(id, palabra, tema_id)
      VALUES (28, 'Cucharon', 35);
    
    INSERT INTO public.recurso(id, tipo, enlace, vocablo_id)
      VALUES (56, 'image', '/assets/images/cucharon.png', 28);

    INSERT INTO public.recurso(id, tipo, enlace, vocablo_id)
      VALUES (57, 'video', 'https://www.youtube.com/watch?v=-d9Tc7YpTBs', 28);
    
    INSERT INTO public.vocablo(id, palabra, tema_id)
      VALUES (29, 'Parchita', 35);
    
    INSERT INTO public.recurso(id, tipo, enlace, vocablo_id)
      VALUES (58, 'image', '/assets/images/parchita.png', 29);

    INSERT INTO public.recurso(id, tipo, enlace, vocablo_id)
      VALUES (59, 'video', 'https://www.youtube.com/watch?v=iMu69TopRMM', 29);
    
    INSERT INTO public.vocablo(id, palabra, tema_id)
      VALUES (30, 'Sala', 35);
    
    INSERT INTO public.recurso(id, tipo, enlace, vocablo_id)
      VALUES (60, 'image', '/assets/images/sala.png', 30);

    INSERT INTO public.recurso(id, tipo, enlace, vocablo_id)
      VALUES (61, 'video', 'https://www.youtube.com/watch?v=pbeyGcuu3wM', 30);
    
    INSERT INTO public.vocablo(id, palabra, tema_id)
      VALUES (31, 'Mortadela', 36);
    
    INSERT INTO public.recurso(id, tipo, enlace, vocablo_id)
      VALUES (62, 'image', '/assets/images/mortadela.png', 31);

    INSERT INTO public.recurso(id, tipo, enlace, vocablo_id)
      VALUES (63, 'video', 'https://www.youtube.com/watch?v=xrkrK0VyFVc', 31);
    
    INSERT INTO public.vocablo(id, palabra, tema_id)
      VALUES (32, 'Pasticho', 36);
    
    INSERT INTO public.recurso(id, tipo, enlace, vocablo_id)
      VALUES (64, 'image', '/assets/images/pasticho.png', 32);

    INSERT INTO public.recurso(id, tipo, enlace, vocablo_id)
      VALUES (65, 'video', 'https://www.youtube.com/watch?v=KakjKcbJi9A', 32);
    
    INSERT INTO public.vocablo(id, palabra, tema_id)
      VALUES (33, 'Turquesa', 36);
    
    INSERT INTO public.recurso(id, tipo, enlace, vocablo_id)
      VALUES (66, 'image', '/assets/images/turquesa.png', 33);

    INSERT INTO public.recurso(id, tipo, enlace, vocablo_id)
      VALUES (67, 'video', 'https://www.youtube.com/watch?v=dxhXCp_2CIg', 33);
    
    INSERT INTO public.vocablo(id, palabra, tema_id)
      VALUES (34, 'Beige', 36);
    
    INSERT INTO public.recurso(id, tipo, enlace, vocablo_id)
      VALUES (68, 'image', '/assets/images/beige.png', 34);

    INSERT INTO public.recurso(id, tipo, enlace, vocablo_id)
      VALUES (69, 'video', 'https://www.youtube.com/watch?v=X_0YqCrAGJM', 34);
    
    INSERT INTO public.vocablo(id, palabra, tema_id)
      VALUES (35, 'Diccionario', 36);
    
    INSERT INTO public.recurso(id, tipo, enlace, vocablo_id)
      VALUES (70, 'image', '/assets/images/diccionario.png', 35);

    INSERT INTO public.recurso(id, tipo, enlace, vocablo_id)
      VALUES (71, 'video', 'https://www.youtube.com/watch?v=mipVd5veI00', 35);
    
    INSERT INTO public.vocablo(id, palabra, tema_id)
      VALUES (36, 'Loro', 36);
    
    INSERT INTO public.recurso(id, tipo, enlace, vocablo_id)
      VALUES (72, 'image', '/assets/images/loro.png', 36);

    INSERT INTO public.recurso(id, tipo, enlace, vocablo_id)
      VALUES (73, 'video', 'https://www.youtube.com/watch?v=hri0Hs6zc7Q', 36);
    
    INSERT INTO public.vocablo(id, palabra, tema_id)
      VALUES (37, 'Durazno', 36);
    
    INSERT INTO public.recurso(id, tipo, enlace, vocablo_id)
      VALUES (74, 'image', '/assets/images/durazno.png', 37);

    INSERT INTO public.recurso(id, tipo, enlace, vocablo_id)
      VALUES (75, 'video', 'https://www.youtube.com/watch?v=zhAI6uSGkCA', 37);
    
    INSERT INTO public.vocablo(id, palabra, tema_id)
      VALUES (38, 'Aguacate', 36);
    
    INSERT INTO public.recurso(id, tipo, enlace, vocablo_id)
      VALUES (76, 'image', '/assets/images/aguacate.png', 38);

    INSERT INTO public.recurso(id, tipo, enlace, vocablo_id)
      VALUES (77, 'video', 'https://www.youtube.com/watch?v=bK4UG7d0tpI', 38);
    
    INSERT INTO public.vocablo(id, palabra, tema_id)
      VALUES (39, 'Plaza de Toros', 36);
    
    INSERT INTO public.recurso(id, tipo, enlace, vocablo_id)
      VALUES (78, 'image', '/assets/images/plaza-de-toros.png', 39);

    INSERT INTO public.recurso(id, tipo, enlace, vocablo_id)
      VALUES (79, 'video', 'https://www.youtube.com/watch?v=VZlUzHA61uw', 39);
    
    INSERT INTO public.vocablo(id, palabra, tema_id)
      VALUES (40, 'Horno', 36);
    
    INSERT INTO public.recurso(id, tipo, enlace, vocablo_id)
      VALUES (80, 'image', '/assets/images/horno.png', 40);

    INSERT INTO public.recurso(id, tipo, enlace, vocablo_id)
      VALUES (81, 'video', 'https://www.youtube.com/watch?v=8zKhPdFae4w', 40);
    
    INSERT INTO public.vocablo(id, palabra, tema_id)
      VALUES (41, 'DVD', 36);
    
    INSERT INTO public.recurso(id, tipo, enlace, vocablo_id)
      VALUES (82, 'image', '/assets/images/dvd.png', 41);

    INSERT INTO public.recurso(id, tipo, enlace, vocablo_id)
      VALUES (83, 'video', 'https://www.youtube.com/watch?v=KaYlPZuiQkY', 41);
    
    INSERT INTO public.vocablo(id, palabra, tema_id)
      VALUES (42, 'Jardinero', 36);
    
    INSERT INTO public.recurso(id, tipo, enlace, vocablo_id)
      VALUES (84, 'image', '/assets/images/jardinero.png', 42);

    INSERT INTO public.recurso(id, tipo, enlace, vocablo_id)
      VALUES (85, 'video', 'https://www.youtube.com/watch?v=OlOZVhhruqI', 42);
    
    INSERT INTO public.vocablo(id, palabra, tema_id)
      VALUES (43, 'Chef', 36);
    
    INSERT INTO public.recurso(id, tipo, enlace, vocablo_id)
      VALUES (86, 'image', '/assets/images/chef.png', 43);

    INSERT INTO public.recurso(id, tipo, enlace, vocablo_id)
      VALUES (87, 'video', 'https://www.youtube.com/watch?v=GRaG5vLoZZU', 43);
    
    INSERT INTO public.vocablo(id, palabra, tema_id)
      VALUES (44, 'Hamburguesa', 37);
    
    INSERT INTO public.recurso(id, tipo, enlace, vocablo_id)
      VALUES (88, 'image', '/assets/images/hamburguesa.png', 44);

    INSERT INTO public.recurso(id, tipo, enlace, vocablo_id)
      VALUES (89, 'video', 'https://www.youtube.com/watch?v=OJ16Z6fTPtk', 44);
    
    INSERT INTO public.vocablo(id, palabra, tema_id)
      VALUES (45, 'Parrilla', 37);
    
    INSERT INTO public.recurso(id, tipo, enlace, vocablo_id)
      VALUES (90, 'image', '/assets/images/parrilla.png', 45);

    INSERT INTO public.recurso(id, tipo, enlace, vocablo_id)
      VALUES (91, 'video', 'https://www.youtube.com/watch?v=HwiIpg6jgz0', 45);
    
    INSERT INTO public.vocablo(id, palabra, tema_id)
      VALUES (46, 'Pizza', 37);
    
    INSERT INTO public.recurso(id, tipo, enlace, vocablo_id)
      VALUES (92, 'image', '/assets/images/pizza.png', 46);

    INSERT INTO public.recurso(id, tipo, enlace, vocablo_id)
      VALUES (93, 'video', 'https://www.youtube.com/watch?v=1wmmc7QTvRw', 46);
    
    INSERT INTO public.vocablo(id, palabra, tema_id)
      VALUES (47, 'Champu', 37);
    
    INSERT INTO public.recurso(id, tipo, enlace, vocablo_id)
      VALUES (94, 'image', '/assets/images/champu.png', 47);

    INSERT INTO public.recurso(id, tipo, enlace, vocablo_id)
      VALUES (95, 'video', 'https://www.youtube.com/watch?v=GNFAJnfZZ8I', 47);
    
    INSERT INTO public.vocablo(id, palabra, tema_id)
      VALUES (48, 'Espinaca', 37);
    
    INSERT INTO public.recurso(id, tipo, enlace, vocablo_id)
      VALUES (96, 'image', '/assets/images/espinaca.png', 48);

    INSERT INTO public.recurso(id, tipo, enlace, vocablo_id)
      VALUES (97, 'video', 'https://www.youtube.com/watch?v=r9e123GYY9k', 48);
    
    INSERT INTO public.vocablo(id, palabra, tema_id)
      VALUES (49, 'Perfume', 37);
    
    INSERT INTO public.recurso(id, tipo, enlace, vocablo_id)
      VALUES (98, 'image', '/assets/images/perfume.png', 49);

    INSERT INTO public.recurso(id, tipo, enlace, vocablo_id)
      VALUES (99, 'video', 'https://www.youtube.com/watch?v=ARwu0oCpLj8', 49);
    
    INSERT INTO public.vocablo(id, palabra, tema_id)
      VALUES (50, 'Refresco', 37);
    
    INSERT INTO public.recurso(id, tipo, enlace, vocablo_id)
      VALUES (100, 'image', '/assets/images/refresco.png', 50);

    INSERT INTO public.recurso(id, tipo, enlace, vocablo_id)
      VALUES (101, 'video', 'https://www.youtube.com/watch?v=T4ynR_oqnho', 50);
    
    INSERT INTO public.vocablo(id, palabra, tema_id)
      VALUES (51, 'Granada', 37);
    
    INSERT INTO public.recurso(id, tipo, enlace, vocablo_id)
      VALUES (102, 'image', '/assets/images/granada.png', 51);

    INSERT INTO public.recurso(id, tipo, enlace, vocablo_id)
      VALUES (103, 'video', 'https://www.youtube.com/watch?v=KWBzbPzykEY', 51);
    
    INSERT INTO public.vocablo(id, palabra, tema_id)
      VALUES (52, 'Mamon', 37);
    
    INSERT INTO public.recurso(id, tipo, enlace, vocablo_id)
      VALUES (104, 'image', '/assets/images/mamon.png', 52);

    INSERT INTO public.recurso(id, tipo, enlace, vocablo_id)
      VALUES (105, 'video', 'https://www.youtube.com/watch?v=STv64HJBvRY', 52);
    
    INSERT INTO public.vocablo(id, palabra, tema_id)
      VALUES (53, 'Sistema circulatorio', 37);
    
    INSERT INTO public.recurso(id, tipo, enlace, vocablo_id)
      VALUES (106, 'image', '/assets/images/sistema-circulatorio.png', 53);

    INSERT INTO public.recurso(id, tipo, enlace, vocablo_id)
      VALUES (107, 'video', 'https://www.youtube.com/watch?v=PdkJDu4Duxg', 53);
    
    INSERT INTO public.vocablo(id, palabra, tema_id)
      VALUES (54, 'Sistema digestivo', 37);
    
    INSERT INTO public.recurso(id, tipo, enlace, vocablo_id)
      VALUES (108, 'image', '/assets/images/sistema-digestivo.png', 54);

    INSERT INTO public.recurso(id, tipo, enlace, vocablo_id)
      VALUES (109, 'video', 'https://www.youtube.com/watch?v=dr3wIvHj_J8', 54);
    
    INSERT INTO public.vocablo(id, palabra, tema_id)
      VALUES (55, 'Sistema nervioso', 37);
    
    INSERT INTO public.recurso(id, tipo, enlace, vocablo_id)
      VALUES (110, 'image', '/assets/images/sistema-nervioso.png', 55);

    INSERT INTO public.recurso(id, tipo, enlace, vocablo_id)
      VALUES (111, 'video', 'https://www.youtube.com/watch?v=V2ATrxphNL4', 55);
    
    INSERT INTO public.vocablo(id, palabra, tema_id)
      VALUES (56, 'Sistema oseo', 37);
    
    INSERT INTO public.recurso(id, tipo, enlace, vocablo_id)
      VALUES (112, 'image', '/assets/images/sistema-oseo.png', 56);

    INSERT INTO public.recurso(id, tipo, enlace, vocablo_id)
      VALUES (113, 'video', 'https://www.youtube.com/watch?v=txPtzB5UWOY', 56);
    
    INSERT INTO public.vocablo(id, palabra, tema_id)
      VALUES (57, 'Sistema respiratorio', 37);
    
    INSERT INTO public.recurso(id, tipo, enlace, vocablo_id)
      VALUES (114, 'image', '/assets/images/sistema-respiratorio.png', 57);

    INSERT INTO public.recurso(id, tipo, enlace, vocablo_id)
      VALUES (115, 'video', 'https://www.youtube.com/watch?v=kUGG-Mcy5Us', 57);
    
    INSERT INTO public.vocablo(id, palabra, tema_id)
      VALUES (58, 'Hojas de examen', 37);
    
    INSERT INTO public.recurso(id, tipo, enlace, vocablo_id)
      VALUES (116, 'image', '/assets/images/hojas-de-examen.png', 58);

    INSERT INTO public.recurso(id, tipo, enlace, vocablo_id)
      VALUES (117, 'video', 'https://www.youtube.com/watch?v=41kRvR7U-ps', 58);
    
    INSERT INTO public.vocablo(id, palabra, tema_id)
      VALUES (59, 'Delfin', 37);
    
    INSERT INTO public.recurso(id, tipo, enlace, vocablo_id)
      VALUES (118, 'image', '/assets/images/delfin.png', 59);

    INSERT INTO public.recurso(id, tipo, enlace, vocablo_id)
      VALUES (119, 'video', 'https://www.youtube.com/watch?v=OzuHhRaREr8', 59);
    
    INSERT INTO public.vocablo(id, palabra, tema_id)
      VALUES (60, 'Culebra', 37);
    
    INSERT INTO public.recurso(id, tipo, enlace, vocablo_id)
      VALUES (120, 'image', '/assets/images/culebra.png', 60);

    INSERT INTO public.recurso(id, tipo, enlace, vocablo_id)
      VALUES (121, 'video', 'https://www.youtube.com/watch?v=UduuLAZxniM', 60);
    
    INSERT INTO public.vocablo(id, palabra, tema_id)
      VALUES (61, 'Tamarindo', 37);
    
    INSERT INTO public.recurso(id, tipo, enlace, vocablo_id)
      VALUES (122, 'image', '/assets/images/tamarindo.png', 61);

    INSERT INTO public.recurso(id, tipo, enlace, vocablo_id)
      VALUES (123, 'video', 'https://www.youtube.com/watch?v=n2XwqS3UDrk', 61);
    
    INSERT INTO public.vocablo(id, palabra, tema_id)
      VALUES (62, 'Afeitadora', 38);
    
    INSERT INTO public.recurso(id, tipo, enlace, vocablo_id)
      VALUES (124, 'image', '/assets/images/afeitadora.png', 62);

    INSERT INTO public.recurso(id, tipo, enlace, vocablo_id)
      VALUES (125, 'video', 'https://www.youtube.com/watch?v=q9L_NKfD5GM', 62);
    
    INSERT INTO public.vocablo(id, palabra, tema_id)
      VALUES (63, 'Jabón', 38);
    
    INSERT INTO public.recurso(id, tipo, enlace, vocablo_id)
      VALUES (126, 'image', '/assets/images/jabon.png', 63);

    INSERT INTO public.recurso(id, tipo, enlace, vocablo_id)
      VALUES (127, 'video', 'https://www.youtube.com/watch?v=dPJJdKATJrA', 63);
    
    INSERT INTO public.vocablo(id, palabra, tema_id)
      VALUES (64, 'Peine', 38);
    
    INSERT INTO public.recurso(id, tipo, enlace, vocablo_id)
      VALUES (128, 'image', '/assets/images/peine.png', 64);

    INSERT INTO public.recurso(id, tipo, enlace, vocablo_id)
      VALUES (129, 'video', 'https://www.youtube.com/watch?v=u92CvDA3vEM', 64);
    
    INSERT INTO public.vocablo(id, palabra, tema_id)
      VALUES (65, 'Lagunillas', 38);
    
    INSERT INTO public.recurso(id, tipo, enlace, vocablo_id)
      VALUES (130, 'image', '/assets/images/lagunillas.png', 65);

    INSERT INTO public.recurso(id, tipo, enlace, vocablo_id)
      VALUES (131, 'video', 'https://www.youtube.com/watch?v=poyiYoiHivo', 65);
    
    INSERT INTO public.vocablo(id, palabra, tema_id)
      VALUES (66, 'Corta uña', 38);
    
    INSERT INTO public.recurso(id, tipo, enlace, vocablo_id)
      VALUES (132, 'image', '/assets/images/corta-una.png', 66);

    INSERT INTO public.recurso(id, tipo, enlace, vocablo_id)
      VALUES (133, 'video', 'https://www.youtube.com/watch?v=agex6cTY-WU', 66);
    
    INSERT INTO public.vocablo(id, palabra, tema_id)
      VALUES (67, 'Papel Sanitario', 38);
    
    INSERT INTO public.recurso(id, tipo, enlace, vocablo_id)
      VALUES (134, 'image', '/assets/images/papel-sanitario.png', 67);

    INSERT INTO public.recurso(id, tipo, enlace, vocablo_id)
      VALUES (135, 'video', 'https://www.youtube.com/watch?v=ZaoK9E-Zd8g', 67);
    
    INSERT INTO public.vocablo(id, palabra, tema_id)
      VALUES (68, 'Gastritis', 38);
    
    INSERT INTO public.recurso(id, tipo, enlace, vocablo_id)
      VALUES (136, 'image', '/assets/images/gastritis.png', 68);

    INSERT INTO public.recurso(id, tipo, enlace, vocablo_id)
      VALUES (137, 'video', 'https://www.youtube.com/watch?v=jSZ76KZ-sWQ', 68);
    
    INSERT INTO public.vocablo(id, palabra, tema_id)
      VALUES (69, 'Andres Bello', 38);
    
    INSERT INTO public.recurso(id, tipo, enlace, vocablo_id)
      VALUES (138, 'image', '/assets/images/andres-bello.png', 69);

    INSERT INTO public.recurso(id, tipo, enlace, vocablo_id)
      VALUES (139, 'video', 'https://www.youtube.com/watch?v=mNLPOJP2xew', 69);
    
    INSERT INTO public.vocablo(id, palabra, tema_id)
      VALUES (70, 'Papa', 38);
    
    INSERT INTO public.recurso(id, tipo, enlace, vocablo_id)
      VALUES (140, 'image', '/assets/images/el-papa.png', 70);

    INSERT INTO public.recurso(id, tipo, enlace, vocablo_id)
      VALUES (141, 'video', 'https://www.youtube.com/watch?v=vSAcUnQXFdM', 70);
    
    INSERT INTO public.vocablo(id, palabra, tema_id)
      VALUES (71, 'Sacerdote', 38);
    
    INSERT INTO public.recurso(id, tipo, enlace, vocablo_id)
      VALUES (142, 'image', '/assets/images/sacerdote.png', 71);

    INSERT INTO public.recurso(id, tipo, enlace, vocablo_id)
      VALUES (143, 'video', 'https://www.youtube.com/watch?v=B4_Vob0OExE', 71);
    
    INSERT INTO public.vocablo(id, palabra, tema_id)
      VALUES (72, 'Pinta uñas', 38);
    
    INSERT INTO public.recurso(id, tipo, enlace, vocablo_id)
      VALUES (144, 'image', '/assets/images/pinta-unas.png', 72);

    INSERT INTO public.recurso(id, tipo, enlace, vocablo_id)
      VALUES (145, 'video', 'https://www.youtube.com/watch?v=mtwNlENYcJs', 72);
    
    INSERT INTO public.vocablo(id, palabra, tema_id)
      VALUES (73, 'Lápiz-labial', 38);
    
    INSERT INTO public.recurso(id, tipo, enlace, vocablo_id)
      VALUES (146, 'image', '/assets/images/lapiz-labial.png', 73);

    INSERT INTO public.recurso(id, tipo, enlace, vocablo_id)
      VALUES (147, 'video', 'https://www.youtube.com/watch?v=mmuEcWXARlc', 73);
    
    INSERT INTO public.vocablo(id, palabra, tema_id)
      VALUES (74, 'Colonia', 38);
    
    INSERT INTO public.recurso(id, tipo, enlace, vocablo_id)
      VALUES (148, 'image', '/assets/images/colonia.png', 74);

    INSERT INTO public.recurso(id, tipo, enlace, vocablo_id)
      VALUES (149, 'video', 'https://www.youtube.com/watch?v=vmydFSt4F3A', 74);
    
    INSERT INTO public.vocablo(id, palabra, tema_id)
      VALUES (75, 'Aretes', 38);
    
    INSERT INTO public.recurso(id, tipo, enlace, vocablo_id)
      VALUES (150, 'image', '/assets/images/aretes.png', 75);

    INSERT INTO public.recurso(id, tipo, enlace, vocablo_id)
      VALUES (151, 'video', 'https://www.youtube.com/watch?v=OS9Jjj58xEE', 75);
    
    INSERT INTO public.vocablo(id, palabra, tema_id)
      VALUES (76, 'Piramides', 38);
    
    INSERT INTO public.recurso(id, tipo, enlace, vocablo_id)
      VALUES (152, 'image', '/assets/images/piramides.png', 76);

    INSERT INTO public.recurso(id, tipo, enlace, vocablo_id)
      VALUES (153, 'video', 'https://www.youtube.com/watch?v=xr0W2zqEvc4', 76);
    
    INSERT INTO public.vocablo(id, palabra, tema_id)
      VALUES (77, 'Arvejas', 38);
    
    INSERT INTO public.recurso(id, tipo, enlace, vocablo_id)
      VALUES (154, 'image', '/assets/images/arvejas.png', 77);

    INSERT INTO public.recurso(id, tipo, enlace, vocablo_id)
      VALUES (155, 'video', 'https://www.youtube.com/watch?v=O2X9g7g6LRg', 77);
    
    INSERT INTO public.vocablo(id, palabra, tema_id)
      VALUES (78, 'Agua', 0);
    
    INSERT INTO public.recurso(id, tipo, enlace, vocablo_id)
      VALUES (156, 'image', '/assets/images/agua.png', 78);

    INSERT INTO public.recurso(id, tipo, enlace, vocablo_id)
      VALUES (157, 'video', 'https://youtube.com/watch?v=mA2Em3u-pCE', 78);
    
    INSERT INTO public.vocablo(id, palabra, tema_id)
      VALUES (79, 'Arepa', 0);
    
    INSERT INTO public.recurso(id, tipo, enlace, vocablo_id)
      VALUES (158, 'image', '/assets/images/arepa.png', 79);

    INSERT INTO public.recurso(id, tipo, enlace, vocablo_id)
      VALUES (159, 'video', 'https://www.youtube.com/watch?v=HUlFazb33gI', 79);
    
    INSERT INTO public.vocablo(id, palabra, tema_id)
      VALUES (80, 'Jugo', 0);
    
    INSERT INTO public.recurso(id, tipo, enlace, vocablo_id)
      VALUES (160, 'image', '/assets/images/jugo.png', 80);

    INSERT INTO public.recurso(id, tipo, enlace, vocablo_id)
      VALUES (161, 'video', '', 80);
    
    INSERT INTO public.vocablo(id, palabra, tema_id)
      VALUES (81, 'Leche', 0);
    
    INSERT INTO public.recurso(id, tipo, enlace, vocablo_id)
      VALUES (162, 'image', '/assets/images/leche.png', 81);

    INSERT INTO public.recurso(id, tipo, enlace, vocablo_id)
      VALUES (163, 'video', 'https://www.youtube.com/watch?v=WFcHLUYrPNI', 81);
    
    INSERT INTO public.vocablo(id, palabra, tema_id)
      VALUES (82, 'Pan', 0);
    
    INSERT INTO public.recurso(id, tipo, enlace, vocablo_id)
      VALUES (164, 'image', '/assets/images/pan.png', 82);

    INSERT INTO public.recurso(id, tipo, enlace, vocablo_id)
      VALUES (165, 'video', '', 82);
    
    INSERT INTO public.vocablo(id, palabra, tema_id)
      VALUES (83, 'Pato', 1);
    
    INSERT INTO public.recurso(id, tipo, enlace, vocablo_id)
      VALUES (166, 'image', '/assets/images/pato.png', 83);

    INSERT INTO public.recurso(id, tipo, enlace, vocablo_id)
      VALUES (167, 'video', 'https://www.youtube.com/watch?v=8R5uVmA_E8c', 83);
    
    INSERT INTO public.vocablo(id, palabra, tema_id)
      VALUES (84, 'Azul', 4);
    
    INSERT INTO public.recurso(id, tipo, enlace, vocablo_id)
      VALUES (168, 'image', '/assets/images/azul.png', 84);

    INSERT INTO public.recurso(id, tipo, enlace, vocablo_id)
      VALUES (169, 'video', 'https://www.youtube.com/watch?v=sQP0UeO_ta8', 84);
    
    INSERT INTO public.vocablo(id, palabra, tema_id)
      VALUES (85, 'Rojo', 4);
    
    INSERT INTO public.recurso(id, tipo, enlace, vocablo_id)
      VALUES (170, 'image', '/assets/images/rojo.png', 85);

    INSERT INTO public.recurso(id, tipo, enlace, vocablo_id)
      VALUES (171, 'video', 'https://www.youtube.com/watch?v=x-Ttb-CPypc', 85);
    
    INSERT INTO public.vocablo(id, palabra, tema_id)
      VALUES (86, 'Lunes', 5);
    
    INSERT INTO public.recurso(id, tipo, enlace, vocablo_id)
      VALUES (172, 'image', '/assets/images/lunes.png', 86);

    INSERT INTO public.recurso(id, tipo, enlace, vocablo_id)
      VALUES (173, 'video', 'https://www.youtube.com/watch?v=ECtYYmayMK8', 86);
    
    INSERT INTO public.vocablo(id, palabra, tema_id)
      VALUES (87, 'Martes', 5);
    
    INSERT INTO public.recurso(id, tipo, enlace, vocablo_id)
      VALUES (174, 'image', '/assets/images/martes.png', 87);

    INSERT INTO public.recurso(id, tipo, enlace, vocablo_id)
      VALUES (175, 'video', 'https://www.youtube.com/watch?v=mg3QCu3c8hA', 87);
    
    INSERT INTO public.vocablo(id, palabra, tema_id)
      VALUES (88, 'Circulo', 8);
    
    INSERT INTO public.recurso(id, tipo, enlace, vocablo_id)
      VALUES (176, 'image', '/assets/images/circulo.png', 88);

    INSERT INTO public.recurso(id, tipo, enlace, vocablo_id)
      VALUES (177, 'video', 'https://youtube.com/watch?v=sEO7-uCKZg8', 88);
    
    INSERT INTO public.vocablo(id, palabra, tema_id)
      VALUES (89, 'Uva', 9);
    
    INSERT INTO public.recurso(id, tipo, enlace, vocablo_id)
      VALUES (178, 'image', '/assets/images/uva.png', 89);

    INSERT INTO public.recurso(id, tipo, enlace, vocablo_id)
      VALUES (179, 'video', '', 89);
    
    INSERT INTO public.vocablo(id, palabra, tema_id)
      VALUES (90, 'Coco', 9);
    
    INSERT INTO public.recurso(id, tipo, enlace, vocablo_id)
      VALUES (180, 'image', '/assets/images/coco.png', 90);

    INSERT INTO public.recurso(id, tipo, enlace, vocablo_id)
      VALUES (181, 'video', 'https://www.youtube.com/watch?v=KAgVXliO79o', 90);
    
    INSERT INTO public.vocablo(id, palabra, tema_id)
      VALUES (91, 'Pelota', 11);
    
    INSERT INTO public.recurso(id, tipo, enlace, vocablo_id)
      VALUES (182, 'image', '/assets/images/pelota.png', 91);

    INSERT INTO public.recurso(id, tipo, enlace, vocablo_id)
      VALUES (183, 'video', '', 91);
    
    INSERT INTO public.vocablo(id, palabra, tema_id)
      VALUES (92, 'Muñeca', 11);
    
    INSERT INTO public.recurso(id, tipo, enlace, vocablo_id)
      VALUES (184, 'image', '/assets/images/muneca.png', 92);

    INSERT INTO public.recurso(id, tipo, enlace, vocablo_id)
      VALUES (185, 'video', '', 92);
    
    INSERT INTO public.vocablo(id, palabra, tema_id)
      VALUES (93, 'Baño', 12);
    
    INSERT INTO public.recurso(id, tipo, enlace, vocablo_id)
      VALUES (186, 'image', '/assets/images/bano.png', 93);

    INSERT INTO public.recurso(id, tipo, enlace, vocablo_id)
      VALUES (187, 'video', 'https://www.youtube.com/watch?v=Q8DCWuiuyLY', 93);
    
    INSERT INTO public.vocablo(id, palabra, tema_id)
      VALUES (94, 'Casa', 12);
    
    INSERT INTO public.recurso(id, tipo, enlace, vocablo_id)
      VALUES (188, 'image', '/assets/images/casa.png', 94);

    INSERT INTO public.recurso(id, tipo, enlace, vocablo_id)
      VALUES (189, 'video', 'https://youtube.com/watch?v=0gEfsylixWM', 94);
    
    INSERT INTO public.vocablo(id, palabra, tema_id)
      VALUES (95, 'Escuela', 12);
    
    INSERT INTO public.recurso(id, tipo, enlace, vocablo_id)
      VALUES (190, 'image', '/assets/images/escuela.png', 95);

    INSERT INTO public.recurso(id, tipo, enlace, vocablo_id)
      VALUES (191, 'video', 'https://youtube.com/watch?v=STdNxxsQlis', 95);
    
    INSERT INTO public.vocablo(id, palabra, tema_id)
      VALUES (96, 'Parque', 12);
    
    INSERT INTO public.recurso(id, tipo, enlace, vocablo_id)
      VALUES (192, 'image', '/assets/images/parque.png', 96);

    INSERT INTO public.recurso(id, tipo, enlace, vocablo_id)
      VALUES (193, 'video', '', 96);
    
    INSERT INTO public.vocablo(id, palabra, tema_id)
      VALUES (97, 'Escuela Ofelia Tancredi', 13);
    
    INSERT INTO public.recurso(id, tipo, enlace, vocablo_id)
      VALUES (194, 'image', '/assets/images/escuela-ofelia-tancredi.png', 97);

    INSERT INTO public.recurso(id, tipo, enlace, vocablo_id)
      VALUES (195, 'video', '', 97);
    
    INSERT INTO public.vocablo(id, palabra, tema_id)
      VALUES (98, 'Zoológico', 13);
    
    INSERT INTO public.recurso(id, tipo, enlace, vocablo_id)
      VALUES (196, 'image', '/assets/images/zoologico.png', 98);

    INSERT INTO public.recurso(id, tipo, enlace, vocablo_id)
      VALUES (197, 'video', '', 98);
    
    INSERT INTO public.vocablo(id, palabra, tema_id)
      VALUES (99, 'Avión', 14);
    
    INSERT INTO public.recurso(id, tipo, enlace, vocablo_id)
      VALUES (198, 'image', '/assets/images/avion.png', 99);

    INSERT INTO public.recurso(id, tipo, enlace, vocablo_id)
      VALUES (199, 'video', 'https://www.youtube.com/watch?v=LbHDSWzb-M0', 99);
    
    INSERT INTO public.vocablo(id, palabra, tema_id)
      VALUES (100, 'Bus', 14);
    
    INSERT INTO public.recurso(id, tipo, enlace, vocablo_id)
      VALUES (200, 'image', '/assets/images/bus.png', 100);

    INSERT INTO public.recurso(id, tipo, enlace, vocablo_id)
      VALUES (201, 'video', 'https://www.youtube.com/watch?v=mIQkhhduXCw', 100);
    
    INSERT INTO public.vocablo(id, palabra, tema_id)
      VALUES (101, 'Carro', 14);
    
    INSERT INTO public.recurso(id, tipo, enlace, vocablo_id)
      VALUES (202, 'image', '/assets/images/carro.png', 101);

    INSERT INTO public.recurso(id, tipo, enlace, vocablo_id)
      VALUES (203, 'video', 'https://www.youtube.com/watch?v=OZJTuX-w8-4', 101);
    
    INSERT INTO public.vocablo(id, palabra, tema_id)
      VALUES (102, 'Moto', 14);
    
    INSERT INTO public.recurso(id, tipo, enlace, vocablo_id)
      VALUES (204, 'image', '/assets/images/moto.png', 102);

    INSERT INTO public.recurso(id, tipo, enlace, vocablo_id)
      VALUES (205, 'video', 'https://www.youtube.com/watch?v=dHfqdiTT_V0', 102);
    
    INSERT INTO public.vocablo(id, palabra, tema_id)
      VALUES (103, 'Poco', 16);
    
    INSERT INTO public.recurso(id, tipo, enlace, vocablo_id)
      VALUES (206, 'image', '/assets/images/poco.png', 103);

    INSERT INTO public.recurso(id, tipo, enlace, vocablo_id)
      VALUES (207, 'video', '', 103);
    
    INSERT INTO public.vocablo(id, palabra, tema_id)
      VALUES (104, 'Mucho', 16);
    
    INSERT INTO public.recurso(id, tipo, enlace, vocablo_id)
      VALUES (208, 'image', '/assets/images/mucho.png', 104);

    INSERT INTO public.recurso(id, tipo, enlace, vocablo_id)
      VALUES (209, 'video', '', 104);
    
    INSERT INTO public.vocablo(id, palabra, tema_id)
      VALUES (105, 'Nada', 16);
    
    INSERT INTO public.recurso(id, tipo, enlace, vocablo_id)
      VALUES (210, 'image', '/assets/images/nada.png', 105);

    INSERT INTO public.recurso(id, tipo, enlace, vocablo_id)
      VALUES (211, 'video', '', 105);
    
    INSERT INTO public.vocablo(id, palabra, tema_id)
      VALUES (106, 'Grande', 17);
    
    INSERT INTO public.recurso(id, tipo, enlace, vocablo_id)
      VALUES (212, 'image', '/assets/images/grande.png', 106);

    INSERT INTO public.recurso(id, tipo, enlace, vocablo_id)
      VALUES (213, 'video', 'https://youtube.com/watch?v=A5Kcl288vOo', 106);
    
    INSERT INTO public.vocablo(id, palabra, tema_id)
      VALUES (107, 'Pequeño', 17);
    
    INSERT INTO public.recurso(id, tipo, enlace, vocablo_id)
      VALUES (214, 'image', '/assets/images/pequeno.png', 107);

    INSERT INTO public.recurso(id, tipo, enlace, vocablo_id)
      VALUES (215, 'video', '', 107);
    
    INSERT INTO public.vocablo(id, palabra, tema_id)
      VALUES (108, 'Mediano', 17);
    
    INSERT INTO public.recurso(id, tipo, enlace, vocablo_id)
      VALUES (216, 'image', '/assets/images/mediano.png', 108);

    INSERT INTO public.recurso(id, tipo, enlace, vocablo_id)
      VALUES (217, 'video', '', 108);
    
    INSERT INTO public.vocablo(id, palabra, tema_id)
      VALUES (109, 'Corto', 17);
    
    INSERT INTO public.recurso(id, tipo, enlace, vocablo_id)
      VALUES (218, 'image', '/assets/images/corto.png', 109);

    INSERT INTO public.recurso(id, tipo, enlace, vocablo_id)
      VALUES (219, 'video', '', 109);
    
    INSERT INTO public.vocablo(id, palabra, tema_id)
      VALUES (110, 'Largo', 17);
    
    INSERT INTO public.recurso(id, tipo, enlace, vocablo_id)
      VALUES (220, 'image', '/assets/images/largo.png', 110);

    INSERT INTO public.recurso(id, tipo, enlace, vocablo_id)
      VALUES (221, 'video', '', 110);
    
    INSERT INTO public.vocablo(id, palabra, tema_id)
      VALUES (111, 'alto', 17);
    
    INSERT INTO public.recurso(id, tipo, enlace, vocablo_id)
      VALUES (222, 'image', '/assets/images/alto.png', 111);

    INSERT INTO public.recurso(id, tipo, enlace, vocablo_id)
      VALUES (223, 'video', 'https://youtube.com/watch?v=2g_rPM2Ir7s', 111);
    
    INSERT INTO public.vocablo(id, palabra, tema_id)
      VALUES (112, 'Bajo', 17);
    
    INSERT INTO public.recurso(id, tipo, enlace, vocablo_id)
      VALUES (224, 'image', '/assets/images/bajo.png', 112);

    INSERT INTO public.recurso(id, tipo, enlace, vocablo_id)
      VALUES (225, 'video', 'https://youtube.com/watch?v=LNXoTzSVYsM', 112);
    
    INSERT INTO public.vocablo(id, palabra, tema_id)
      VALUES (113, 'Arriba', 18);
    
    INSERT INTO public.recurso(id, tipo, enlace, vocablo_id)
      VALUES (226, 'image', '/assets/images/arriba.png', 113);

    INSERT INTO public.recurso(id, tipo, enlace, vocablo_id)
      VALUES (227, 'video', 'https://www.youtube.com/watch?v=7-iZS5oU2D4', 113);
    
    INSERT INTO public.vocablo(id, palabra, tema_id)
      VALUES (114, 'Abajo', 18);
    
    INSERT INTO public.recurso(id, tipo, enlace, vocablo_id)
      VALUES (228, 'image', '/assets/images/abajo.png', 114);

    INSERT INTO public.recurso(id, tipo, enlace, vocablo_id)
      VALUES (229, 'video', 'https://www.youtube.com/watch?v=EqZJYMyH61A', 114);
    
    INSERT INTO public.vocablo(id, palabra, tema_id)
      VALUES (115, 'Ayer', 19);
    
    INSERT INTO public.recurso(id, tipo, enlace, vocablo_id)
      VALUES (230, 'image', '/assets/images/ayer.png', 115);

    INSERT INTO public.recurso(id, tipo, enlace, vocablo_id)
      VALUES (231, 'video', 'https://youtube.com/watch?v=RDZcpVz1ROg', 115);
    
    INSERT INTO public.vocablo(id, palabra, tema_id)
      VALUES (116, 'Hoy', 19);
    
    INSERT INTO public.recurso(id, tipo, enlace, vocablo_id)
      VALUES (232, 'image', '/assets/images/hoy.png', 116);

    INSERT INTO public.recurso(id, tipo, enlace, vocablo_id)
      VALUES (233, 'video', 'https://www.youtube.com/watch?v=d14MOlJ29Tw', 116);
    
    INSERT INTO public.vocablo(id, palabra, tema_id)
      VALUES (117, 'Mañana', 19);
    
    INSERT INTO public.recurso(id, tipo, enlace, vocablo_id)
      VALUES (234, 'image', '/assets/images/manana.png', 117);

    INSERT INTO public.recurso(id, tipo, enlace, vocablo_id)
      VALUES (235, 'video', '', 117);
    
    INSERT INTO public.vocablo(id, palabra, tema_id)
      VALUES (118, 'Uno', 20);
    
    INSERT INTO public.recurso(id, tipo, enlace, vocablo_id)
      VALUES (236, 'image', '/assets/images/uno.png', 118);

    INSERT INTO public.recurso(id, tipo, enlace, vocablo_id)
      VALUES (237, 'video', 'https://youtube.com/watch?v=tY1J669yyps', 118);
    
    INSERT INTO public.vocablo(id, palabra, tema_id)
      VALUES (119, 'Tres', 20);
    
    INSERT INTO public.recurso(id, tipo, enlace, vocablo_id)
      VALUES (238, 'image', '/assets/images/tres.png', 119);

    INSERT INTO public.recurso(id, tipo, enlace, vocablo_id)
      VALUES (239, 'video', 'https://www.youtube.com/watch?v=k2kHfWCrSpw', 119);
    
    INSERT INTO public.vocablo(id, palabra, tema_id)
      VALUES (120, 'Mesa', 21);
    
    INSERT INTO public.recurso(id, tipo, enlace, vocablo_id)
      VALUES (240, 'image', '/assets/images/mesa.png', 120);

    INSERT INTO public.recurso(id, tipo, enlace, vocablo_id)
      VALUES (241, 'video', 'https://www.youtube.com/watch?v=sx-vqif-8Dg', 120);
    
    INSERT INTO public.vocablo(id, palabra, tema_id)
      VALUES (121, 'Silla', 21);
    
    INSERT INTO public.recurso(id, tipo, enlace, vocablo_id)
      VALUES (242, 'image', '/assets/images/silla.png', 121);

    INSERT INTO public.recurso(id, tipo, enlace, vocablo_id)
      VALUES (243, 'video', 'https://www.youtube.com/watch?v=sex8IV3UdBA', 121);
    
    INSERT INTO public.vocablo(id, palabra, tema_id)
      VALUES (122, 'Doctor', 22);
    
    INSERT INTO public.recurso(id, tipo, enlace, vocablo_id)
      VALUES (244, 'image', '/assets/images/doctor.png', 122);

    INSERT INTO public.recurso(id, tipo, enlace, vocablo_id)
      VALUES (245, 'video', 'https://www.youtube.com/watch?v=2oCxgkZkZog', 122);
    
    INSERT INTO public.vocablo(id, palabra, tema_id)
      VALUES (123, 'Maestra', 22);
    
    INSERT INTO public.recurso(id, tipo, enlace, vocablo_id)
      VALUES (246, 'image', '/assets/images/maestra.png', 123);

    INSERT INTO public.recurso(id, tipo, enlace, vocablo_id)
      VALUES (247, 'video', '', 123);
    
    INSERT INTO public.vocablo(id, palabra, tema_id)
      VALUES (124, 'Boca', 23);
    
    INSERT INTO public.recurso(id, tipo, enlace, vocablo_id)
      VALUES (248, 'image', '/assets/images/boca.png', 124);

    INSERT INTO public.recurso(id, tipo, enlace, vocablo_id)
      VALUES (249, 'video', 'https://www.youtube.com/watch?v=dvjKnsbgE2o', 124);
    
    INSERT INTO public.vocablo(id, palabra, tema_id)
      VALUES (125, 'Mano', 23);
    
    INSERT INTO public.recurso(id, tipo, enlace, vocablo_id)
      VALUES (250, 'image', '/assets/images/mano.png', 125);

    INSERT INTO public.recurso(id, tipo, enlace, vocablo_id)
      VALUES (251, 'video', 'https://www.youtube.com/watch?v=tX7jgB2-cMQ', 125);
    
    INSERT INTO public.vocablo(id, palabra, tema_id)
      VALUES (126, 'Nariz', 23);
    
    INSERT INTO public.recurso(id, tipo, enlace, vocablo_id)
      VALUES (252, 'image', '/assets/images/nariz.png', 126);

    INSERT INTO public.recurso(id, tipo, enlace, vocablo_id)
      VALUES (253, 'video', 'https://www.youtube.com/watch?v=-ZN-ZWFrKSw', 126);
    
    INSERT INTO public.vocablo(id, palabra, tema_id)
      VALUES (127, 'Simón Bolívar', 24);
    
    INSERT INTO public.recurso(id, tipo, enlace, vocablo_id)
      VALUES (254, 'image', '/assets/images/simon-bolivar.png', 127);

    INSERT INTO public.recurso(id, tipo, enlace, vocablo_id)
      VALUES (255, 'video', '', 127);
    
    INSERT INTO public.vocablo(id, palabra, tema_id)
      VALUES (128, 'Mamá', 25);
    
    INSERT INTO public.recurso(id, tipo, enlace, vocablo_id)
      VALUES (256, 'image', '/assets/images/mama.png', 128);

    INSERT INTO public.recurso(id, tipo, enlace, vocablo_id)
      VALUES (257, 'video', '', 128);
    
    INSERT INTO public.vocablo(id, palabra, tema_id)
      VALUES (129, 'Bebé', 25);
    
    INSERT INTO public.recurso(id, tipo, enlace, vocablo_id)
      VALUES (258, 'image', '/assets/images/bebe.png', 129);

    INSERT INTO public.recurso(id, tipo, enlace, vocablo_id)
      VALUES (259, 'video', 'https://www.youtube.com/watch?v=tZ7mMMWYJYA', 129);
    
    INSERT INTO public.vocablo(id, palabra, tema_id)
      VALUES (130, 'Niña', 25);
    
    INSERT INTO public.recurso(id, tipo, enlace, vocablo_id)
      VALUES (260, 'image', '/assets/images/nina.png', 130);

    INSERT INTO public.recurso(id, tipo, enlace, vocablo_id)
      VALUES (261, 'video', '', 130);
    
    INSERT INTO public.vocablo(id, palabra, tema_id)
      VALUES (131, 'Camisa', 26);
    
    INSERT INTO public.recurso(id, tipo, enlace, vocablo_id)
      VALUES (262, 'image', '/assets/images/camisa.png', 131);

    INSERT INTO public.recurso(id, tipo, enlace, vocablo_id)
      VALUES (263, 'video', '', 131);
    
    INSERT INTO public.vocablo(id, palabra, tema_id)
      VALUES (132, 'Medias', 26);
    
    INSERT INTO public.recurso(id, tipo, enlace, vocablo_id)
      VALUES (264, 'image', '/assets/images/medias.png', 132);

    INSERT INTO public.recurso(id, tipo, enlace, vocablo_id)
      VALUES (265, 'video', '', 132);
    
    INSERT INTO public.vocablo(id, palabra, tema_id)
      VALUES (133, 'Pantalones', 26);
    
    INSERT INTO public.recurso(id, tipo, enlace, vocablo_id)
      VALUES (266, 'image', '/assets/images/pantalones.png', 133);

    INSERT INTO public.recurso(id, tipo, enlace, vocablo_id)
      VALUES (267, 'video', '', 133);
    
    INSERT INTO public.vocablo(id, palabra, tema_id)
      VALUES (134, 'Zapatos', 26);
    
    INSERT INTO public.recurso(id, tipo, enlace, vocablo_id)
      VALUES (268, 'image', '/assets/images/zapatos.png', 134);

    INSERT INTO public.recurso(id, tipo, enlace, vocablo_id)
      VALUES (269, 'video', '', 134);
    
    INSERT INTO public.vocablo(id, palabra, tema_id)
      VALUES (135, 'Bandera', 27);
    
    INSERT INTO public.recurso(id, tipo, enlace, vocablo_id)
      VALUES (270, 'image', '/assets/images/bandera.png', 135);

    INSERT INTO public.recurso(id, tipo, enlace, vocablo_id)
      VALUES (271, 'video', 'https://youtube.com/watch?v=FwhM5wC2XhU', 135);
    
    INSERT INTO public.vocablo(id, palabra, tema_id)
      VALUES (136, 'Pollo', 0);
    
    INSERT INTO public.recurso(id, tipo, enlace, vocablo_id)
      VALUES (272, 'image', '/assets/images/pollo-alimento.png', 136);

    INSERT INTO public.recurso(id, tipo, enlace, vocablo_id)
      VALUES (273, 'video', 'https://www.youtube.com/watch?v=_WlSFyCUnSo', 136);
    
    INSERT INTO public.vocablo(id, palabra, tema_id)
      VALUES (137, 'Queso', 0);
    
    INSERT INTO public.recurso(id, tipo, enlace, vocablo_id)
      VALUES (274, 'image', '/assets/images/queso.png', 137);

    INSERT INTO public.recurso(id, tipo, enlace, vocablo_id)
      VALUES (275, 'video', 'https://www.youtube.com/watch?v=RqApDS6tFjw', 137);
    
    INSERT INTO public.vocablo(id, palabra, tema_id)
      VALUES (138, 'Torta', 0);
    
    INSERT INTO public.recurso(id, tipo, enlace, vocablo_id)
      VALUES (276, 'image', '/assets/images/torta.png', 138);

    INSERT INTO public.recurso(id, tipo, enlace, vocablo_id)
      VALUES (277, 'video', '', 138);
    
    INSERT INTO public.vocablo(id, palabra, tema_id)
      VALUES (139, 'Cóndor', 1);
    
    INSERT INTO public.recurso(id, tipo, enlace, vocablo_id)
      VALUES (278, 'image', '/assets/images/condor.png', 139);

    INSERT INTO public.recurso(id, tipo, enlace, vocablo_id)
      VALUES (279, 'video', 'https://youtube.com/watch?v=vwqsUbb5sLQ', 139);
    
    INSERT INTO public.vocablo(id, palabra, tema_id)
      VALUES (140, 'Gallina', 1);
    
    INSERT INTO public.recurso(id, tipo, enlace, vocablo_id)
      VALUES (280, 'image', '/assets/images/gallina.png', 140);

    INSERT INTO public.recurso(id, tipo, enlace, vocablo_id)
      VALUES (281, 'video', 'https://youtube.com/watch?v=aWabsyhsPIc', 140);
    
    INSERT INTO public.vocablo(id, palabra, tema_id)
      VALUES (141, 'Gallo', 1);
    
    INSERT INTO public.recurso(id, tipo, enlace, vocablo_id)
      VALUES (282, 'image', '/assets/images/gallo.png', 141);

    INSERT INTO public.recurso(id, tipo, enlace, vocablo_id)
      VALUES (283, 'video', 'https://www.youtube.com/watch?v=uN0pCcnbscQ', 141);
    
    INSERT INTO public.vocablo(id, palabra, tema_id)
      VALUES (142, 'Pájaro', 1);
    
    INSERT INTO public.recurso(id, tipo, enlace, vocablo_id)
      VALUES (284, 'image', '/assets/images/pajaro.png', 142);

    INSERT INTO public.recurso(id, tipo, enlace, vocablo_id)
      VALUES (285, 'video', '', 142);
    
    INSERT INTO public.vocablo(id, palabra, tema_id)
      VALUES (143, 'Ratón', 1);
    
    INSERT INTO public.recurso(id, tipo, enlace, vocablo_id)
      VALUES (286, 'image', '/assets/images/raton.png', 143);

    INSERT INTO public.recurso(id, tipo, enlace, vocablo_id)
      VALUES (287, 'video', 'https://www.youtube.com/watch?v=b3ySXMZSCQE', 143);
    
    INSERT INTO public.vocablo(id, palabra, tema_id)
      VALUES (144, 'Sapo', 1);
    
    INSERT INTO public.recurso(id, tipo, enlace, vocablo_id)
      VALUES (288, 'image', '/assets/images/sapo.png', 144);

    INSERT INTO public.recurso(id, tipo, enlace, vocablo_id)
      VALUES (289, 'video', 'https://www.youtube.com/watch?v=8DJoI4lwM6E', 144);
    
    INSERT INTO public.vocablo(id, palabra, tema_id)
      VALUES (145, 'Vaca', 1);
    
    INSERT INTO public.recurso(id, tipo, enlace, vocablo_id)
      VALUES (290, 'image', '/assets/images/vaca.png', 145);

    INSERT INTO public.recurso(id, tipo, enlace, vocablo_id)
      VALUES (291, 'video', 'https://www.youtube.com/watch?v=z_oCVzag8eE', 145);
    
    INSERT INTO public.vocablo(id, palabra, tema_id)
      VALUES (146, 'Araguaney', 2);
    
    INSERT INTO public.recurso(id, tipo, enlace, vocablo_id)
      VALUES (292, 'image', '/assets/images/araguaney.png', 146);

    INSERT INTO public.recurso(id, tipo, enlace, vocablo_id)
      VALUES (293, 'video', '', 146);
    
    INSERT INTO public.vocablo(id, palabra, tema_id)
      VALUES (147, 'Viernes', 5);
    
    INSERT INTO public.recurso(id, tipo, enlace, vocablo_id)
      VALUES (294, 'image', '/assets/images/viernes.png', 147);

    INSERT INTO public.recurso(id, tipo, enlace, vocablo_id)
      VALUES (295, 'video', 'https://www.youtube.com/watch?v=hvZBmEt1gwQ', 147);
    
    INSERT INTO public.vocablo(id, palabra, tema_id)
      VALUES (148, 'Cólera', 7);
    
    INSERT INTO public.recurso(id, tipo, enlace, vocablo_id)
      VALUES (296, 'image', '/assets/images/colera.png', 148);

    INSERT INTO public.recurso(id, tipo, enlace, vocablo_id)
      VALUES (297, 'video', '', 148);
    
    INSERT INTO public.vocablo(id, palabra, tema_id)
      VALUES (149, 'Dengue', 7);
    
    INSERT INTO public.recurso(id, tipo, enlace, vocablo_id)
      VALUES (298, 'image', '/assets/images/dengue.png', 149);

    INSERT INTO public.recurso(id, tipo, enlace, vocablo_id)
      VALUES (299, 'video', 'https://youtube.com/watch?v=30ao9GNMwTI', 149);
    
    INSERT INTO public.vocablo(id, palabra, tema_id)
      VALUES (150, 'Gripe', 7);
    
    INSERT INTO public.recurso(id, tipo, enlace, vocablo_id)
      VALUES (300, 'image', '/assets/images/gripe.png', 150);

    INSERT INTO public.recurso(id, tipo, enlace, vocablo_id)
      VALUES (301, 'video', '', 150);
    
    INSERT INTO public.vocablo(id, palabra, tema_id)
      VALUES (151, 'Triángulo', 8);
    
    INSERT INTO public.recurso(id, tipo, enlace, vocablo_id)
      VALUES (302, 'image', '/assets/images/triangulo.png', 151);

    INSERT INTO public.recurso(id, tipo, enlace, vocablo_id)
      VALUES (303, 'video', '', 151);
    
    INSERT INTO public.vocablo(id, palabra, tema_id)
      VALUES (152, 'Cuadrado', 8);
    
    INSERT INTO public.recurso(id, tipo, enlace, vocablo_id)
      VALUES (304, 'image', '/assets/images/cuadrado.png', 152);

    INSERT INTO public.recurso(id, tipo, enlace, vocablo_id)
      VALUES (305, 'video', 'https://youtube.com/watch?v=D7EITSAf1SA', 152);
    
    INSERT INTO public.vocablo(id, palabra, tema_id)
      VALUES (153, 'Mango', 9);
    
    INSERT INTO public.recurso(id, tipo, enlace, vocablo_id)
      VALUES (306, 'image', '/assets/images/mango.png', 153);

    INSERT INTO public.recurso(id, tipo, enlace, vocablo_id)
      VALUES (307, 'video', 'https://www.youtube.com/watch?v=um3OAOJ90Ec', 153);
    
    INSERT INTO public.vocablo(id, palabra, tema_id)
      VALUES (154, 'Mora', 9);
    
    INSERT INTO public.recurso(id, tipo, enlace, vocablo_id)
      VALUES (308, 'image', '/assets/images/mora.png', 154);

    INSERT INTO public.recurso(id, tipo, enlace, vocablo_id)
      VALUES (309, 'video', 'https://www.youtube.com/watch?v=p-ASmKkSYCM', 154);
    
    INSERT INTO public.vocablo(id, palabra, tema_id)
      VALUES (155, 'Piña', 9);
    
    INSERT INTO public.recurso(id, tipo, enlace, vocablo_id)
      VALUES (310, 'image', '/assets/images/pina.png', 155);

    INSERT INTO public.recurso(id, tipo, enlace, vocablo_id)
      VALUES (311, 'video', 'https://www.youtube.com/watch?v=WefyVrv5Lik', 155);
    
    INSERT INTO public.vocablo(id, palabra, tema_id)
      VALUES (156, 'Patilla', 9);
    
    INSERT INTO public.recurso(id, tipo, enlace, vocablo_id)
      VALUES (312, 'image', '/assets/images/patilla.png', 156);

    INSERT INTO public.recurso(id, tipo, enlace, vocablo_id)
      VALUES (313, 'video', 'https://www.youtube.com/watch?v=SBuqrCHu42o', 156);
    
    INSERT INTO public.vocablo(id, palabra, tema_id)
      VALUES (157, 'Metra', 11);
    
    INSERT INTO public.recurso(id, tipo, enlace, vocablo_id)
      VALUES (314, 'image', '/assets/images/metra.png', 157);

    INSERT INTO public.recurso(id, tipo, enlace, vocablo_id)
      VALUES (315, 'video', '', 157);
    
    INSERT INTO public.vocablo(id, palabra, tema_id)
      VALUES (158, 'Pito', 11);
    
    INSERT INTO public.recurso(id, tipo, enlace, vocablo_id)
      VALUES (316, 'image', '/assets/images/pito.png', 158);

    INSERT INTO public.recurso(id, tipo, enlace, vocablo_id)
      VALUES (317, 'video', '', 158);
    
    INSERT INTO public.vocablo(id, palabra, tema_id)
      VALUES (159, 'Trompo', 11);
    
    INSERT INTO public.recurso(id, tipo, enlace, vocablo_id)
      VALUES (318, 'image', '/assets/images/trompo.png', 159);

    INSERT INTO public.recurso(id, tipo, enlace, vocablo_id)
      VALUES (319, 'video', '', 159);
    
    INSERT INTO public.vocablo(id, palabra, tema_id)
      VALUES (160, 'Plaza', 12);
    
    INSERT INTO public.recurso(id, tipo, enlace, vocablo_id)
      VALUES (320, 'image', '/assets/images/plaza.png', 160);

    INSERT INTO public.recurso(id, tipo, enlace, vocablo_id)
      VALUES (321, 'video', '', 160);
    
    INSERT INTO public.vocablo(id, palabra, tema_id)
      VALUES (161, 'Cocina', 12);
    
    INSERT INTO public.recurso(id, tipo, enlace, vocablo_id)
      VALUES (322, 'image', '/assets/images/cocina.png', 161);

    INSERT INTO public.recurso(id, tipo, enlace, vocablo_id)
      VALUES (323, 'video', 'https://www.youtube.com/watch?v=u5Mx6pfxFMM', 161);
    
    INSERT INTO public.vocablo(id, palabra, tema_id)
      VALUES (162, 'Cancha', 12);
    
    INSERT INTO public.recurso(id, tipo, enlace, vocablo_id)
      VALUES (324, 'image', '/assets/images/cancha.png', 162);

    INSERT INTO public.recurso(id, tipo, enlace, vocablo_id)
      VALUES (325, 'video', '', 162);
    
    INSERT INTO public.vocablo(id, palabra, tema_id)
      VALUES (163, 'Cbit', 12);
    
    INSERT INTO public.recurso(id, tipo, enlace, vocablo_id)
      VALUES (326, 'image', '/assets/images/cbit.png', 163);

    INSERT INTO public.recurso(id, tipo, enlace, vocablo_id)
      VALUES (327, 'video', 'https://youtube.com/watch?v=A8hs3euVqVA', 163);
    
    INSERT INTO public.vocablo(id, palabra, tema_id)
      VALUES (164, 'Zoológico "Chorros de Milla"', 13);
    
    INSERT INTO public.recurso(id, tipo, enlace, vocablo_id)
      VALUES (328, 'image', '/assets/images/zoologico-chorros-de-milla.png', 164);

    INSERT INTO public.recurso(id, tipo, enlace, vocablo_id)
      VALUES (329, 'video', '', 164);
    
    INSERT INTO public.vocablo(id, palabra, tema_id)
      VALUES (165, 'Parque La Isla', 13);
    
    INSERT INTO public.recurso(id, tipo, enlace, vocablo_id)
      VALUES (330, 'image', '/assets/images/parque-la-isla.png', 165);

    INSERT INTO public.recurso(id, tipo, enlace, vocablo_id)
      VALUES (331, 'video', '', 165);
    
    INSERT INTO public.vocablo(id, palabra, tema_id)
      VALUES (166, 'Barco', 14);
    
    INSERT INTO public.recurso(id, tipo, enlace, vocablo_id)
      VALUES (332, 'image', '/assets/images/barco.png', 166);

    INSERT INTO public.recurso(id, tipo, enlace, vocablo_id)
      VALUES (333, 'video', 'https://youtube.com/watch?v=ysM4cbGA7ls', 166);
    
    INSERT INTO public.vocablo(id, palabra, tema_id)
      VALUES (167, 'Bicicleta', 14);
    
    INSERT INTO public.recurso(id, tipo, enlace, vocablo_id)
      VALUES (334, 'image', '/assets/images/bicicleta.png', 167);

    INSERT INTO public.recurso(id, tipo, enlace, vocablo_id)
      VALUES (335, 'video', 'https://www.youtube.com/watch?v=DhmMkr74JAA', 167);
    
    INSERT INTO public.vocablo(id, palabra, tema_id)
      VALUES (168, 'Cohete', 14);
    
    INSERT INTO public.recurso(id, tipo, enlace, vocablo_id)
      VALUES (336, 'image', '/assets/images/cohete.png', 168);

    INSERT INTO public.recurso(id, tipo, enlace, vocablo_id)
      VALUES (337, 'video', 'https://www.youtube.com/watch?v=Y5nckZDWs20', 168);
    
    INSERT INTO public.vocablo(id, palabra, tema_id)
      VALUES (169, 'Helicóptero', 14);
    
    INSERT INTO public.recurso(id, tipo, enlace, vocablo_id)
      VALUES (338, 'image', '/assets/images/helicoptero.png', 169);

    INSERT INTO public.recurso(id, tipo, enlace, vocablo_id)
      VALUES (339, 'video', 'https://www.youtube.com/watch?v=xDrvVHKnx-8', 169);
    
    INSERT INTO public.vocablo(id, palabra, tema_id)
      VALUES (170, 'Enero', 15);
    
    INSERT INTO public.recurso(id, tipo, enlace, vocablo_id)
      VALUES (340, 'image', '/assets/images/enero.png', 170);

    INSERT INTO public.recurso(id, tipo, enlace, vocablo_id)
      VALUES (341, 'video', 'https://www.youtube.com/watch?v=rOQXEBThhTY', 170);
    
    INSERT INTO public.vocablo(id, palabra, tema_id)
      VALUES (171, 'Mayo', 15);
    
    INSERT INTO public.recurso(id, tipo, enlace, vocablo_id)
      VALUES (342, 'image', '/assets/images/mayo.png', 171);

    INSERT INTO public.recurso(id, tipo, enlace, vocablo_id)
      VALUES (343, 'video', 'https://www.youtube.com/watch?v=qAuxylBYKKI', 171);
    
    INSERT INTO public.vocablo(id, palabra, tema_id)
      VALUES (172, 'Junio', 15);
    
    INSERT INTO public.recurso(id, tipo, enlace, vocablo_id)
      VALUES (344, 'image', '/assets/images/junio.png', 172);

    INSERT INTO public.recurso(id, tipo, enlace, vocablo_id)
      VALUES (345, 'video', 'https://www.youtube.com/watch?v=4tCaWqUUqBE', 172);
    
    INSERT INTO public.vocablo(id, palabra, tema_id)
      VALUES (173, 'Julio', 15);
    
    INSERT INTO public.recurso(id, tipo, enlace, vocablo_id)
      VALUES (346, 'image', '/assets/images/julio.png', 173);

    INSERT INTO public.recurso(id, tipo, enlace, vocablo_id)
      VALUES (347, 'video', 'https://www.youtube.com/watch?v=0kprNy390d0', 173);
    
    INSERT INTO public.vocablo(id, palabra, tema_id)
      VALUES (174, 'Número', 16);
    
    INSERT INTO public.recurso(id, tipo, enlace, vocablo_id)
      VALUES (348, 'image', '/assets/images/numero.png', 174);

    INSERT INTO public.recurso(id, tipo, enlace, vocablo_id)
      VALUES (349, 'video', '', 174);
    
    INSERT INTO public.vocablo(id, palabra, tema_id)
      VALUES (175, 'Cerca', 18);
    
    INSERT INTO public.recurso(id, tipo, enlace, vocablo_id)
      VALUES (350, 'image', '/assets/images/cerca.png', 175);

    INSERT INTO public.recurso(id, tipo, enlace, vocablo_id)
      VALUES (351, 'video', 'https://youtube.com/watch?v=W8nbO6O2oK0', 175);
    
    INSERT INTO public.vocablo(id, palabra, tema_id)
      VALUES (176, 'Debajo', 18);
    
    INSERT INTO public.recurso(id, tipo, enlace, vocablo_id)
      VALUES (352, 'image', '/assets/images/debajo.png', 176);

    INSERT INTO public.recurso(id, tipo, enlace, vocablo_id)
      VALUES (353, 'video', 'https://www.youtube.com/watch?v=wQCO2CQwvno', 176);
    
    INSERT INTO public.vocablo(id, palabra, tema_id)
      VALUES (177, 'Delante', 18);
    
    INSERT INTO public.recurso(id, tipo, enlace, vocablo_id)
      VALUES (354, 'image', '/assets/images/delante.png', 177);

    INSERT INTO public.recurso(id, tipo, enlace, vocablo_id)
      VALUES (355, 'video', '', 177);
    
    INSERT INTO public.vocablo(id, palabra, tema_id)
      VALUES (178, 'Detrás', 18);
    
    INSERT INTO public.recurso(id, tipo, enlace, vocablo_id)
      VALUES (356, 'image', '/assets/images/detras.png', 178);

    INSERT INTO public.recurso(id, tipo, enlace, vocablo_id)
      VALUES (357, 'video', '', 178);
    
    INSERT INTO public.vocablo(id, palabra, tema_id)
      VALUES (179, 'Lejos', 18);
    
    INSERT INTO public.recurso(id, tipo, enlace, vocablo_id)
      VALUES (358, 'image', '/assets/images/lejos.png', 179);

    INSERT INTO public.recurso(id, tipo, enlace, vocablo_id)
      VALUES (359, 'video', '', 179);
    
    INSERT INTO public.vocablo(id, palabra, tema_id)
      VALUES (180, 'Sobre', 18);
    
    INSERT INTO public.recurso(id, tipo, enlace, vocablo_id)
      VALUES (360, 'image', '/assets/images/sobre.png', 180);

    INSERT INTO public.recurso(id, tipo, enlace, vocablo_id)
      VALUES (361, 'video', '', 180);
    
    INSERT INTO public.vocablo(id, palabra, tema_id)
      VALUES (181, 'Ahora', 19);
    
    INSERT INTO public.recurso(id, tipo, enlace, vocablo_id)
      VALUES (362, 'image', '/assets/images/ahora.png', 181);

    INSERT INTO public.recurso(id, tipo, enlace, vocablo_id)
      VALUES (363, 'video', 'https://youtube.com/watch?v=pvQgumALpkM', 181);
    
    INSERT INTO public.vocablo(id, palabra, tema_id)
      VALUES (182, 'Anteayer', 19);
    
    INSERT INTO public.recurso(id, tipo, enlace, vocablo_id)
      VALUES (364, 'image', '/assets/images/anteayer.png', 182);

    INSERT INTO public.recurso(id, tipo, enlace, vocablo_id)
      VALUES (365, 'video', 'https://youtube.com/watch?v=GMgj-pA3TNE', 182);
    
    INSERT INTO public.vocablo(id, palabra, tema_id)
      VALUES (183, 'Antes', 19);
    
    INSERT INTO public.recurso(id, tipo, enlace, vocablo_id)
      VALUES (366, 'image', '/assets/images/antes.png', 183);

    INSERT INTO public.recurso(id, tipo, enlace, vocablo_id)
      VALUES (367, 'video', 'https://www.youtube.com/watch?v=qwgdBQEIsT4', 183);
    
    INSERT INTO public.vocablo(id, palabra, tema_id)
      VALUES (184, 'Después', 19);
    
    INSERT INTO public.recurso(id, tipo, enlace, vocablo_id)
      VALUES (368, 'image', '/assets/images/despues.png', 184);

    INSERT INTO public.recurso(id, tipo, enlace, vocablo_id)
      VALUES (369, 'video', 'https://youtube.com/watch?v=-UY25i5EQmw', 184);
    
    INSERT INTO public.vocablo(id, palabra, tema_id)
      VALUES (185, 'Pasado mañana', 19);
    
    INSERT INTO public.recurso(id, tipo, enlace, vocablo_id)
      VALUES (370, 'image', '/assets/images/pasado-manana.png', 185);

    INSERT INTO public.recurso(id, tipo, enlace, vocablo_id)
      VALUES (371, 'video', '', 185);
    
    INSERT INTO public.vocablo(id, palabra, tema_id)
      VALUES (186, 'Cuatro', 20);
    
    INSERT INTO public.recurso(id, tipo, enlace, vocablo_id)
      VALUES (372, 'image', '/assets/images/cuatro.png', 186);

    INSERT INTO public.recurso(id, tipo, enlace, vocablo_id)
      VALUES (373, 'video', 'https://www.youtube.com/watch?v=4rHcZ8u7_0A', 186);
    
    INSERT INTO public.vocablo(id, palabra, tema_id)
      VALUES (187, 'Cinco', 20);
    
    INSERT INTO public.recurso(id, tipo, enlace, vocablo_id)
      VALUES (374, 'image', '/assets/images/cinco.png', 187);

    INSERT INTO public.recurso(id, tipo, enlace, vocablo_id)
      VALUES (375, 'video', 'https://www.youtube.com/watch?v=yA1oyUGvAU0', 187);
    
    INSERT INTO public.vocablo(id, palabra, tema_id)
      VALUES (188, 'Seis', 20);
    
    INSERT INTO public.recurso(id, tipo, enlace, vocablo_id)
      VALUES (376, 'image', '/assets/images/seis.png', 188);

    INSERT INTO public.recurso(id, tipo, enlace, vocablo_id)
      VALUES (377, 'video', 'https://www.youtube.com/watch?v=MgOueRLIjCc', 188);
    
    INSERT INTO public.vocablo(id, palabra, tema_id)
      VALUES (189, 'Siete', 20);
    
    INSERT INTO public.recurso(id, tipo, enlace, vocablo_id)
      VALUES (378, 'image', '/assets/images/siete.png', 189);

    INSERT INTO public.recurso(id, tipo, enlace, vocablo_id)
      VALUES (379, 'video', 'https://www.youtube.com/watch?v=lHC_ChMCjx8', 189);
    
    INSERT INTO public.vocablo(id, palabra, tema_id)
      VALUES (190, 'Ocho', 20);
    
    INSERT INTO public.recurso(id, tipo, enlace, vocablo_id)
      VALUES (380, 'image', '/assets/images/ocho.png', 190);

    INSERT INTO public.recurso(id, tipo, enlace, vocablo_id)
      VALUES (381, 'video', 'https://www.youtube.com/watch?v=YYr_VIQLprM', 190);
    
    INSERT INTO public.vocablo(id, palabra, tema_id)
      VALUES (191, 'Nueve', 20);
    
    INSERT INTO public.recurso(id, tipo, enlace, vocablo_id)
      VALUES (382, 'image', '/assets/images/nueve.png', 191);

    INSERT INTO public.recurso(id, tipo, enlace, vocablo_id)
      VALUES (383, 'video', 'https://www.youtube.com/watch?v=XotNlw8FaPo', 191);
    
    INSERT INTO public.vocablo(id, palabra, tema_id)
      VALUES (192, 'Diez', 20);
    
    INSERT INTO public.recurso(id, tipo, enlace, vocablo_id)
      VALUES (384, 'image', '/assets/images/diez.png', 192);

    INSERT INTO public.recurso(id, tipo, enlace, vocablo_id)
      VALUES (385, 'video', 'https://www.youtube.com/watch?v=VrxquJRO20E', 192);
    
    INSERT INTO public.vocablo(id, palabra, tema_id)
      VALUES (193, 'Cama,', 21);
    
    INSERT INTO public.recurso(id, tipo, enlace, vocablo_id)
      VALUES (386, 'image', '/assets/images/cama,.png', 193);

    INSERT INTO public.recurso(id, tipo, enlace, vocablo_id)
      VALUES (387, 'video', '', 193);
    
    INSERT INTO public.vocablo(id, palabra, tema_id)
      VALUES (194, 'Bomberos', 22);
    
    INSERT INTO public.recurso(id, tipo, enlace, vocablo_id)
      VALUES (388, 'image', '/assets/images/bomberos.png', 194);

    INSERT INTO public.recurso(id, tipo, enlace, vocablo_id)
      VALUES (389, 'video', 'https://www.youtube.com/watch?v=KGBrHs1DfKI', 194);
    
    INSERT INTO public.vocablo(id, palabra, tema_id)
      VALUES (195, 'Obrero', 22);
    
    INSERT INTO public.recurso(id, tipo, enlace, vocablo_id)
      VALUES (390, 'image', '/assets/images/obrero.png', 195);

    INSERT INTO public.recurso(id, tipo, enlace, vocablo_id)
      VALUES (391, 'video', '', 195);
    
    INSERT INTO public.vocablo(id, palabra, tema_id)
      VALUES (196, 'Policía', 22);
    
    INSERT INTO public.recurso(id, tipo, enlace, vocablo_id)
      VALUES (392, 'image', '/assets/images/policia.png', 196);

    INSERT INTO public.recurso(id, tipo, enlace, vocablo_id)
      VALUES (393, 'video', 'https://www.youtube.com/watch?v=xbcpYhdbR8M', 196);
    
    INSERT INTO public.vocablo(id, palabra, tema_id)
      VALUES (197, 'Panadera', 22);
    
    INSERT INTO public.recurso(id, tipo, enlace, vocablo_id)
      VALUES (394, 'image', '/assets/images/panadera.png', 197);

    INSERT INTO public.recurso(id, tipo, enlace, vocablo_id)
      VALUES (395, 'video', '', 197);
    
    INSERT INTO public.vocablo(id, palabra, tema_id)
      VALUES (198, 'Brazo', 23);
    
    INSERT INTO public.recurso(id, tipo, enlace, vocablo_id)
      VALUES (396, 'image', '/assets/images/brazo.png', 198);

    INSERT INTO public.recurso(id, tipo, enlace, vocablo_id)
      VALUES (397, 'video', 'https://www.youtube.com/watch?v=-qAZCWbmNss', 198);
    
    INSERT INTO public.vocablo(id, palabra, tema_id)
      VALUES (199, 'Cabeza', 23);
    
    INSERT INTO public.recurso(id, tipo, enlace, vocablo_id)
      VALUES (398, 'image', '/assets/images/cabeza.png', 199);

    INSERT INTO public.recurso(id, tipo, enlace, vocablo_id)
      VALUES (399, 'video', 'https://www.youtube.com/watch?v=W2UJYoqoFRM', 199);
    
    INSERT INTO public.vocablo(id, palabra, tema_id)
      VALUES (200, 'Cara', 23);
    
    INSERT INTO public.recurso(id, tipo, enlace, vocablo_id)
      VALUES (400, 'image', '/assets/images/cara.png', 200);

    INSERT INTO public.recurso(id, tipo, enlace, vocablo_id)
      VALUES (401, 'video', '', 200);
    
    INSERT INTO public.vocablo(id, palabra, tema_id)
      VALUES (201, 'Diente', 23);
    
    INSERT INTO public.recurso(id, tipo, enlace, vocablo_id)
      VALUES (402, 'image', '/assets/images/diente.png', 201);

    INSERT INTO public.recurso(id, tipo, enlace, vocablo_id)
      VALUES (403, 'video', 'https://www.youtube.com/watch?v=GK-BjQaT9YA', 201);
    
    INSERT INTO public.vocablo(id, palabra, tema_id)
      VALUES (202, 'Pelo', 23);
    
    INSERT INTO public.recurso(id, tipo, enlace, vocablo_id)
      VALUES (404, 'image', '/assets/images/pelo.png', 202);

    INSERT INTO public.recurso(id, tipo, enlace, vocablo_id)
      VALUES (405, 'video', '', 202);
    
    INSERT INTO public.vocablo(id, palabra, tema_id)
      VALUES (203, 'Pie', 23);
    
    INSERT INTO public.recurso(id, tipo, enlace, vocablo_id)
      VALUES (406, 'image', '/assets/images/pie.png', 203);

    INSERT INTO public.recurso(id, tipo, enlace, vocablo_id)
      VALUES (407, 'video', 'https://www.youtube.com/watch?v=dn0BnJav_iY', 203);
    
    INSERT INTO public.vocablo(id, palabra, tema_id)
      VALUES (204, 'Pierna', 23);
    
    INSERT INTO public.recurso(id, tipo, enlace, vocablo_id)
      VALUES (408, 'image', '/assets/images/pierna.png', 204);

    INSERT INTO public.recurso(id, tipo, enlace, vocablo_id)
      VALUES (409, 'video', 'https://www.youtube.com/watch?v=qHmgCz76CRE', 204);
    
    INSERT INTO public.vocablo(id, palabra, tema_id)
      VALUES (205, 'Francisco de Miranda', 24);
    
    INSERT INTO public.recurso(id, tipo, enlace, vocablo_id)
      VALUES (410, 'image', '/assets/images/francisco-de-miranda.png', 205);

    INSERT INTO public.recurso(id, tipo, enlace, vocablo_id)
      VALUES (411, 'video', '', 205);
    
    INSERT INTO public.vocablo(id, palabra, tema_id)
      VALUES (206, 'Simón Rodriguez', 24);
    
    INSERT INTO public.recurso(id, tipo, enlace, vocablo_id)
      VALUES (412, 'image', '/assets/images/simon-rodriguez.png', 206);

    INSERT INTO public.recurso(id, tipo, enlace, vocablo_id)
      VALUES (413, 'video', '', 206);
    
    INSERT INTO public.vocablo(id, palabra, tema_id)
      VALUES (207, 'Abuelo', 25);
    
    INSERT INTO public.recurso(id, tipo, enlace, vocablo_id)
      VALUES (414, 'image', '/assets/images/abuelo.png', 207);

    INSERT INTO public.recurso(id, tipo, enlace, vocablo_id)
      VALUES (415, 'video', 'https://www.youtube.com/watch?v=zDpoh9WreEc', 207);
    
    INSERT INTO public.vocablo(id, palabra, tema_id)
      VALUES (208, 'Abuela', 25);
    
    INSERT INTO public.recurso(id, tipo, enlace, vocablo_id)
      VALUES (416, 'image', '/assets/images/abuela.png', 208);

    INSERT INTO public.recurso(id, tipo, enlace, vocablo_id)
      VALUES (417, 'video', '', 208);
    
    INSERT INTO public.vocablo(id, palabra, tema_id)
      VALUES (209, 'Hermano', 25);
    
    INSERT INTO public.recurso(id, tipo, enlace, vocablo_id)
      VALUES (418, 'image', '/assets/images/hermano.png', 209);

    INSERT INTO public.recurso(id, tipo, enlace, vocablo_id)
      VALUES (419, 'video', 'https://www.youtube.com/watch?v=QqCcPY_fo3Q', 209);
    
    INSERT INTO public.vocablo(id, palabra, tema_id)
      VALUES (210, 'Hermana', 25);
    
    INSERT INTO public.recurso(id, tipo, enlace, vocablo_id)
      VALUES (420, 'image', '/assets/images/hermana.png', 210);

    INSERT INTO public.recurso(id, tipo, enlace, vocablo_id)
      VALUES (421, 'video', '', 210);
    
    INSERT INTO public.vocablo(id, palabra, tema_id)
      VALUES (211, 'Hombre', 25);
    
    INSERT INTO public.recurso(id, tipo, enlace, vocablo_id)
      VALUES (422, 'image', '/assets/images/hombre.png', 211);

    INSERT INTO public.recurso(id, tipo, enlace, vocablo_id)
      VALUES (423, 'video', 'https://www.youtube.com/watch?v=U0YkbX034Y4', 211);
    
    INSERT INTO public.vocablo(id, palabra, tema_id)
      VALUES (212, 'Mujer', 25);
    
    INSERT INTO public.recurso(id, tipo, enlace, vocablo_id)
      VALUES (424, 'image', '/assets/images/mujer.png', 212);

    INSERT INTO public.recurso(id, tipo, enlace, vocablo_id)
      VALUES (425, 'video', 'https://www.youtube.com/watch?v=8Tyx3qTDRIc', 212);
    
    INSERT INTO public.vocablo(id, palabra, tema_id)
      VALUES (213, 'Escudo', 27);
    
    INSERT INTO public.recurso(id, tipo, enlace, vocablo_id)
      VALUES (426, 'image', '/assets/images/escudo.png', 213);

    INSERT INTO public.recurso(id, tipo, enlace, vocablo_id)
      VALUES (427, 'video', 'https://youtube.com/watch?v=HD3bn4-DTp8', 213);
    
    INSERT INTO public.vocablo(id, palabra, tema_id)
      VALUES (214, 'Himno Nacional', 27);
    
    INSERT INTO public.recurso(id, tipo, enlace, vocablo_id)
      VALUES (428, 'image', '/assets/images/himno-nacional.png', 214);

    INSERT INTO public.recurso(id, tipo, enlace, vocablo_id)
      VALUES (429, 'video', '', 214);
    
    INSERT INTO public.vocablo(id, palabra, tema_id)
      VALUES (215, 'Diarrea', 28);
    
    INSERT INTO public.recurso(id, tipo, enlace, vocablo_id)
      VALUES (430, 'image', '/assets/images/diarrea.png', 215);

    INSERT INTO public.recurso(id, tipo, enlace, vocablo_id)
      VALUES (431, 'video', 'https://youtube.com/watch?v=REIX4wBwdg0', 215);
    
    INSERT INTO public.vocablo(id, palabra, tema_id)
      VALUES (216, 'Dolor', 28);
    
    INSERT INTO public.recurso(id, tipo, enlace, vocablo_id)
      VALUES (432, 'image', '/assets/images/dolor.png', 216);

    INSERT INTO public.recurso(id, tipo, enlace, vocablo_id)
      VALUES (433, 'video', '', 216);
    
    INSERT INTO public.vocablo(id, palabra, tema_id)
      VALUES (217, 'Tos', 28);
    
    INSERT INTO public.recurso(id, tipo, enlace, vocablo_id)
      VALUES (434, 'image', '/assets/images/tos.png', 217);

    INSERT INTO public.recurso(id, tipo, enlace, vocablo_id)
      VALUES (435, 'video', '', 217);
    
    INSERT INTO public.vocablo(id, palabra, tema_id)
      VALUES (218, 'Vómito', 28);
    
    INSERT INTO public.recurso(id, tipo, enlace, vocablo_id)
      VALUES (436, 'image', '/assets/images/vomito.png', 218);

    INSERT INTO public.recurso(id, tipo, enlace, vocablo_id)
      VALUES (437, 'video', '', 218);
    
    INSERT INTO public.vocablo(id, palabra, tema_id)
      VALUES (219, 'Olla', 29);
    
    INSERT INTO public.recurso(id, tipo, enlace, vocablo_id)
      VALUES (438, 'image', '/assets/images/olla.png', 219);

    INSERT INTO public.recurso(id, tipo, enlace, vocablo_id)
      VALUES (439, 'video', '', 219);
    
    INSERT INTO public.vocablo(id, palabra, tema_id)
      VALUES (220, 'Taza', 29);
    
    INSERT INTO public.recurso(id, tipo, enlace, vocablo_id)
      VALUES (440, 'image', '/assets/images/taza.png', 220);

    INSERT INTO public.recurso(id, tipo, enlace, vocablo_id)
      VALUES (441, 'video', '', 220);
    
    INSERT INTO public.vocablo(id, palabra, tema_id)
      VALUES (221, 'Sacapunta', 30);
    
    INSERT INTO public.recurso(id, tipo, enlace, vocablo_id)
      VALUES (442, 'image', '/assets/images/sacapunta.png', 221);

    INSERT INTO public.recurso(id, tipo, enlace, vocablo_id)
      VALUES (443, 'video', '', 221);
    
    INSERT INTO public.vocablo(id, palabra, tema_id)
      VALUES (222, 'Auyama', 31);
    
    INSERT INTO public.recurso(id, tipo, enlace, vocablo_id)
      VALUES (444, 'image', '/assets/images/auyama.png', 222);

    INSERT INTO public.recurso(id, tipo, enlace, vocablo_id)
      VALUES (445, 'video', '', 222);
    
    INSERT INTO public.vocablo(id, palabra, tema_id)
      VALUES (223, 'Apio', 31);
    
    INSERT INTO public.recurso(id, tipo, enlace, vocablo_id)
      VALUES (446, 'image', '/assets/images/apio.png', 223);

    INSERT INTO public.recurso(id, tipo, enlace, vocablo_id)
      VALUES (447, 'video', 'https://www.youtube.com/watch?v=WIaNDfY9bvk', 223);
    
    INSERT INTO public.vocablo(id, palabra, tema_id)
      VALUES (224, 'Cafe', 0);
    
    INSERT INTO public.recurso(id, tipo, enlace, vocablo_id)
      VALUES (448, 'image', '/assets/images/cafe.png', 224);

    INSERT INTO public.recurso(id, tipo, enlace, vocablo_id)
      VALUES (449, 'video', '', 224);
    
    INSERT INTO public.vocablo(id, palabra, tema_id)
      VALUES (225, 'Gelatina', 0);
    
    INSERT INTO public.recurso(id, tipo, enlace, vocablo_id)
      VALUES (450, 'image', '/assets/images/gelatina.png', 225);

    INSERT INTO public.recurso(id, tipo, enlace, vocablo_id)
      VALUES (451, 'video', 'https://youtube.com/watch?v=4vb_IaHtA2w', 225);
    
    INSERT INTO public.vocablo(id, palabra, tema_id)
      VALUES (226, 'Ponque', 0);
    
    INSERT INTO public.recurso(id, tipo, enlace, vocablo_id)
      VALUES (452, 'image', '/assets/images/ponque.png', 226);

    INSERT INTO public.recurso(id, tipo, enlace, vocablo_id)
      VALUES (453, 'video', '', 226);
    
    INSERT INTO public.vocablo(id, palabra, tema_id)
      VALUES (227, 'Sopa', 0);
    
    INSERT INTO public.recurso(id, tipo, enlace, vocablo_id)
      VALUES (454, 'image', '/assets/images/sopa.png', 227);

    INSERT INTO public.recurso(id, tipo, enlace, vocablo_id)
      VALUES (455, 'video', '', 227);
    
    INSERT INTO public.vocablo(id, palabra, tema_id)
      VALUES (228, 'Te', 0);
    
    INSERT INTO public.recurso(id, tipo, enlace, vocablo_id)
      VALUES (456, 'image', '/assets/images/te.png', 228);

    INSERT INTO public.recurso(id, tipo, enlace, vocablo_id)
      VALUES (457, 'video', '', 228);
    
    INSERT INTO public.vocablo(id, palabra, tema_id)
      VALUES (229, 'Abeja', 1);
    
    INSERT INTO public.recurso(id, tipo, enlace, vocablo_id)
      VALUES (458, 'image', '/assets/images/abeja.png', 229);

    INSERT INTO public.recurso(id, tipo, enlace, vocablo_id)
      VALUES (459, 'video', '', 229);
    
    INSERT INTO public.vocablo(id, palabra, tema_id)
      VALUES (230, 'Burro', 1);
    
    INSERT INTO public.recurso(id, tipo, enlace, vocablo_id)
      VALUES (460, 'image', '/assets/images/burro.png', 230);

    INSERT INTO public.recurso(id, tipo, enlace, vocablo_id)
      VALUES (461, 'video', 'https://www.youtube.com/watch?v=QS6Glqh-YrY', 230);
    
    INSERT INTO public.vocablo(id, palabra, tema_id)
      VALUES (231, 'Cochino', 1);
    
    INSERT INTO public.recurso(id, tipo, enlace, vocablo_id)
      VALUES (462, 'image', '/assets/images/cochino.png', 231);

    INSERT INTO public.recurso(id, tipo, enlace, vocablo_id)
      VALUES (463, 'video', 'https://www.youtube.com/watch?v=yW1DpXdIPlg', 231);
    
    INSERT INTO public.vocablo(id, palabra, tema_id)
      VALUES (232, 'Oveja', 1);
    
    INSERT INTO public.recurso(id, tipo, enlace, vocablo_id)
      VALUES (464, 'image', '/assets/images/oveja.png', 232);

    INSERT INTO public.recurso(id, tipo, enlace, vocablo_id)
      VALUES (465, 'video', 'https://www.youtube.com/watch?v=v9Q4XrKlKVM', 232);
    
    INSERT INTO public.vocablo(id, palabra, tema_id)
      VALUES (233, 'Paloma', 1);
    
    INSERT INTO public.recurso(id, tipo, enlace, vocablo_id)
      VALUES (466, 'image', '/assets/images/paloma.png', 233);

    INSERT INTO public.recurso(id, tipo, enlace, vocablo_id)
      VALUES (467, 'video', '', 233);
    
    INSERT INTO public.vocablo(id, palabra, tema_id)
      VALUES (234, 'Bucare ceibo', 2);
    
    INSERT INTO public.recurso(id, tipo, enlace, vocablo_id)
      VALUES (468, 'image', '/assets/images/bucare-ceibo.png', 234);

    INSERT INTO public.recurso(id, tipo, enlace, vocablo_id)
      VALUES (469, 'video', '', 234);
    
    INSERT INTO public.vocablo(id, palabra, tema_id)
      VALUES (235, 'Morado', 4);
    
    INSERT INTO public.recurso(id, tipo, enlace, vocablo_id)
      VALUES (470, 'image', '/assets/images/morado.png', 235);

    INSERT INTO public.recurso(id, tipo, enlace, vocablo_id)
      VALUES (471, 'video', 'https://www.youtube.com/watch?v=p-ASmKkSYCM', 235);
    
    INSERT INTO public.vocablo(id, palabra, tema_id)
      VALUES (236, 'Domingo', 5);
    
    INSERT INTO public.recurso(id, tipo, enlace, vocablo_id)
      VALUES (472, 'image', '/assets/images/domingo.png', 236);

    INSERT INTO public.recurso(id, tipo, enlace, vocablo_id)
      VALUES (473, 'video', 'https://www.youtube.com/watch?v=IDuJh0W59cM', 236);
    
    INSERT INTO public.vocablo(id, palabra, tema_id)
      VALUES (237, 'Miercoles', 5);
    
    INSERT INTO public.recurso(id, tipo, enlace, vocablo_id)
      VALUES (474, 'image', '/assets/images/miercoles.png', 237);

    INSERT INTO public.recurso(id, tipo, enlace, vocablo_id)
      VALUES (475, 'video', 'https://www.youtube.com/watch?v=JT2CsVLRnZ0', 237);
    
    INSERT INTO public.vocablo(id, palabra, tema_id)
      VALUES (238, 'Ah1n1', 7);
    
    INSERT INTO public.recurso(id, tipo, enlace, vocablo_id)
      VALUES (476, 'image', '/assets/images/ah1n1.png', 238);

    INSERT INTO public.recurso(id, tipo, enlace, vocablo_id)
      VALUES (477, 'video', 'https://youtube.com/watch?v=87g_RMqcN7Y', 238);
    
    INSERT INTO public.vocablo(id, palabra, tema_id)
      VALUES (239, 'Chikungunya', 7);
    
    INSERT INTO public.recurso(id, tipo, enlace, vocablo_id)
      VALUES (478, 'image', '/assets/images/chikungunya.png', 239);

    INSERT INTO public.recurso(id, tipo, enlace, vocablo_id)
      VALUES (479, 'video', 'https://youtube.com/watch?v=9ZRuYuXMQI0', 239);
    
    INSERT INTO public.vocablo(id, palabra, tema_id)
      VALUES (240, 'Otitis', 7);
    
    INSERT INTO public.recurso(id, tipo, enlace, vocablo_id)
      VALUES (480, 'image', '/assets/images/otitis.png', 240);

    INSERT INTO public.recurso(id, tipo, enlace, vocablo_id)
      VALUES (481, 'video', '', 240);
    
    INSERT INTO public.vocablo(id, palabra, tema_id)
      VALUES (241, 'Esfera', 8);
    
    INSERT INTO public.recurso(id, tipo, enlace, vocablo_id)
      VALUES (482, 'image', '/assets/images/esfera.png', 241);

    INSERT INTO public.recurso(id, tipo, enlace, vocablo_id)
      VALUES (483, 'video', 'https://youtube.com/watch?v=jQKI8YlQstw', 241);
    
    INSERT INTO public.vocablo(id, palabra, tema_id)
      VALUES (242, 'Rectangulo', 8);
    
    INSERT INTO public.recurso(id, tipo, enlace, vocablo_id)
      VALUES (484, 'image', '/assets/images/rectangulo.png', 242);

    INSERT INTO public.recurso(id, tipo, enlace, vocablo_id)
      VALUES (485, 'video', '', 242);
    
    INSERT INTO public.vocablo(id, palabra, tema_id)
      VALUES (243, 'Melon', 9);
    
    INSERT INTO public.recurso(id, tipo, enlace, vocablo_id)
      VALUES (486, 'image', '/assets/images/melon.png', 243);

    INSERT INTO public.recurso(id, tipo, enlace, vocablo_id)
      VALUES (487, 'video', 'https://www.youtube.com/watch?v=r6HDQiHTmjE', 243);
    
    INSERT INTO public.vocablo(id, palabra, tema_id)
      VALUES (244, 'Bate', 11);
    
    INSERT INTO public.recurso(id, tipo, enlace, vocablo_id)
      VALUES (488, 'image', '/assets/images/bate.png', 244);

    INSERT INTO public.recurso(id, tipo, enlace, vocablo_id)
      VALUES (489, 'video', 'https://youtube.com/watch?v=AFaZ6sUnfFA', 244);
    
    INSERT INTO public.vocablo(id, palabra, tema_id)
      VALUES (245, 'Futbol', 11);
    
    INSERT INTO public.recurso(id, tipo, enlace, vocablo_id)
      VALUES (490, 'image', '/assets/images/futbol.png', 245);

    INSERT INTO public.recurso(id, tipo, enlace, vocablo_id)
      VALUES (491, 'video', '', 245);
    
    INSERT INTO public.vocablo(id, palabra, tema_id)
      VALUES (246, 'Natacion', 11);
    
    INSERT INTO public.recurso(id, tipo, enlace, vocablo_id)
      VALUES (492, 'image', '/assets/images/natacion.png', 246);

    INSERT INTO public.recurso(id, tipo, enlace, vocablo_id)
      VALUES (493, 'video', '', 246);
    
    INSERT INTO public.vocablo(id, palabra, tema_id)
      VALUES (247, 'Perinola', 11);
    
    INSERT INTO public.recurso(id, tipo, enlace, vocablo_id)
      VALUES (494, 'image', '/assets/images/perinola.png', 247);

    INSERT INTO public.recurso(id, tipo, enlace, vocablo_id)
      VALUES (495, 'video', '', 247);
    
    INSERT INTO public.vocablo(id, palabra, tema_id)
      VALUES (248, 'Yoyo', 11);
    
    INSERT INTO public.recurso(id, tipo, enlace, vocablo_id)
      VALUES (496, 'image', '/assets/images/yoyo.png', 248);

    INSERT INTO public.recurso(id, tipo, enlace, vocablo_id)
      VALUES (497, 'video', '', 248);
    
    INSERT INTO public.vocablo(id, palabra, tema_id)
      VALUES (249, 'Comedor', 12);
    
    INSERT INTO public.recurso(id, tipo, enlace, vocablo_id)
      VALUES (498, 'image', '/assets/images/comedor.png', 249);

    INSERT INTO public.recurso(id, tipo, enlace, vocablo_id)
      VALUES (499, 'video', '', 249);
    
    INSERT INTO public.vocablo(id, palabra, tema_id)
      VALUES (250, 'Heladeria', 12);
    
    INSERT INTO public.recurso(id, tipo, enlace, vocablo_id)
      VALUES (500, 'image', '/assets/images/heladeria.png', 250);

    INSERT INTO public.recurso(id, tipo, enlace, vocablo_id)
      VALUES (501, 'video', 'https://youtube.com/watch?v=HOtrXedASLw', 250);
    
    INSERT INTO public.vocablo(id, palabra, tema_id)
      VALUES (251, 'Mercado', 12);
    
    INSERT INTO public.recurso(id, tipo, enlace, vocablo_id)
      VALUES (502, 'image', '/assets/images/mercado.png', 251);

    INSERT INTO public.recurso(id, tipo, enlace, vocablo_id)
      VALUES (503, 'video', '', 251);
    
    INSERT INTO public.vocablo(id, palabra, tema_id)
      VALUES (252, 'Patio', 12);
    
    INSERT INTO public.recurso(id, tipo, enlace, vocablo_id)
      VALUES (504, 'image', '/assets/images/patio.png', 252);

    INSERT INTO public.recurso(id, tipo, enlace, vocablo_id)
      VALUES (505, 'video', 'https://www.youtube.com/watch?v=dlSi7ZicpPg', 252);
    
    INSERT INTO public.vocablo(id, palabra, tema_id)
      VALUES (253, 'Salon', 12);
    
    INSERT INTO public.recurso(id, tipo, enlace, vocablo_id)
      VALUES (506, 'image', '/assets/images/salon.png', 253);

    INSERT INTO public.recurso(id, tipo, enlace, vocablo_id)
      VALUES (507, 'video', '', 253);
    
    INSERT INTO public.vocablo(id, palabra, tema_id)
      VALUES (254, 'Acuario', 13);
    
    INSERT INTO public.recurso(id, tipo, enlace, vocablo_id)
      VALUES (508, 'image', '/assets/images/acuario.png', 254);

    INSERT INTO public.recurso(id, tipo, enlace, vocablo_id)
      VALUES (509, 'video', 'https://youtube.com/watch?v=LZUrVjbL_II', 254);
    
    INSERT INTO public.vocablo(id, palabra, tema_id)
      VALUES (255, 'Catedral', 13);
    
    INSERT INTO public.recurso(id, tipo, enlace, vocablo_id)
      VALUES (510, 'image', '/assets/images/catedral.png', 255);

    INSERT INTO public.recurso(id, tipo, enlace, vocablo_id)
      VALUES (511, 'video', 'https://youtube.com/watch?v=5Ws4lssHQR4', 255);
    
    INSERT INTO public.vocablo(id, palabra, tema_id)
      VALUES (256, 'Plaza bolivar', 13);
    
    INSERT INTO public.recurso(id, tipo, enlace, vocablo_id)
      VALUES (512, 'image', '/assets/images/plaza-bolivar.png', 256);

    INSERT INTO public.recurso(id, tipo, enlace, vocablo_id)
      VALUES (513, 'video', 'https://www.youtube.com/watch?v=JblGzPmscGU', 256);
    
    INSERT INTO public.vocablo(id, palabra, tema_id)
      VALUES (257, 'Camion', 14);
    
    INSERT INTO public.recurso(id, tipo, enlace, vocablo_id)
      VALUES (514, 'image', '/assets/images/camion.png', 257);

    INSERT INTO public.recurso(id, tipo, enlace, vocablo_id)
      VALUES (515, 'video', 'https://www.youtube.com/watch?v=rFVhDBsxT5U', 257);
    
    INSERT INTO public.vocablo(id, palabra, tema_id)
      VALUES (258, 'Trolcable', 14);
    
    INSERT INTO public.recurso(id, tipo, enlace, vocablo_id)
      VALUES (516, 'image', '/assets/images/trolcable.png', 258);

    INSERT INTO public.recurso(id, tipo, enlace, vocablo_id)
      VALUES (517, 'video', 'https://www.youtube.com/watch?v=OQ7hBKuukOo', 258);
    
    INSERT INTO public.vocablo(id, palabra, tema_id)
      VALUES (259, 'Trolebus', 14);
    
    INSERT INTO public.recurso(id, tipo, enlace, vocablo_id)
      VALUES (518, 'image', '/assets/images/trolebus.png', 259);

    INSERT INTO public.recurso(id, tipo, enlace, vocablo_id)
      VALUES (519, 'video', 'https://www.youtube.com/watch?v=9JQzoLFGmHA', 259);
    
    INSERT INTO public.vocablo(id, palabra, tema_id)
      VALUES (260, 'Agosto', 15);
    
    INSERT INTO public.recurso(id, tipo, enlace, vocablo_id)
      VALUES (520, 'image', '/assets/images/agosto.png', 260);

    INSERT INTO public.recurso(id, tipo, enlace, vocablo_id)
      VALUES (521, 'video', 'https://youtube.com/watch?v=ajUrqgYeLiE', 260);
    
    INSERT INTO public.vocablo(id, palabra, tema_id)
      VALUES (261, 'Diciembre', 15);
    
    INSERT INTO public.recurso(id, tipo, enlace, vocablo_id)
      VALUES (522, 'image', '/assets/images/diciembre.png', 261);

    INSERT INTO public.recurso(id, tipo, enlace, vocablo_id)
      VALUES (523, 'video', 'https://www.youtube.com/watch?v=uvgOVLoAxEo', 261);
    
    INSERT INTO public.vocablo(id, palabra, tema_id)
      VALUES (262, 'Febrero', 15);
    
    INSERT INTO public.recurso(id, tipo, enlace, vocablo_id)
      VALUES (524, 'image', '/assets/images/febrero.png', 262);

    INSERT INTO public.recurso(id, tipo, enlace, vocablo_id)
      VALUES (525, 'video', 'https://www.youtube.com/watch?v=MrX_vJ_H4bE', 262);
    
    INSERT INTO public.vocablo(id, palabra, tema_id)
      VALUES (263, 'Octubre', 15);
    
    INSERT INTO public.recurso(id, tipo, enlace, vocablo_id)
      VALUES (526, 'image', '/assets/images/octubre.png', 263);

    INSERT INTO public.recurso(id, tipo, enlace, vocablo_id)
      VALUES (527, 'video', 'https://www.youtube.com/watch?v=WI6IjDhr9Vs', 263);
    
    INSERT INTO public.vocablo(id, palabra, tema_id)
      VALUES (264, 'Cantidad', 16);
    
    INSERT INTO public.recurso(id, tipo, enlace, vocablo_id)
      VALUES (528, 'image', '/assets/images/cantidad.png', 264);

    INSERT INTO public.recurso(id, tipo, enlace, vocablo_id)
      VALUES (529, 'video', '', 264);
    
    INSERT INTO public.vocablo(id, palabra, tema_id)
      VALUES (265, 'Cifra', 16);
    
    INSERT INTO public.recurso(id, tipo, enlace, vocablo_id)
      VALUES (530, 'image', '/assets/images/cifra.png', 265);

    INSERT INTO public.recurso(id, tipo, enlace, vocablo_id)
      VALUES (531, 'video', '', 265);
    
    INSERT INTO public.vocablo(id, palabra, tema_id)
      VALUES (266, 'Igual que', 16);
    
    INSERT INTO public.recurso(id, tipo, enlace, vocablo_id)
      VALUES (532, 'image', '/assets/images/igual-que.png', 266);

    INSERT INTO public.recurso(id, tipo, enlace, vocablo_id)
      VALUES (533, 'video', '', 266);
    
    INSERT INTO public.vocablo(id, palabra, tema_id)
      VALUES (267, 'Mayor que', 16);
    
    INSERT INTO public.recurso(id, tipo, enlace, vocablo_id)
      VALUES (534, 'image', '/assets/images/mayor-que.png', 267);

    INSERT INTO public.recurso(id, tipo, enlace, vocablo_id)
      VALUES (535, 'video', '', 267);
    
    INSERT INTO public.vocablo(id, palabra, tema_id)
      VALUES (268, 'Menos que', 16);
    
    INSERT INTO public.recurso(id, tipo, enlace, vocablo_id)
      VALUES (536, 'image', '/assets/images/menos-que.png', 268);

    INSERT INTO public.recurso(id, tipo, enlace, vocablo_id)
      VALUES (537, 'video', '', 268);
    
    INSERT INTO public.vocablo(id, palabra, tema_id)
      VALUES (269, 'Fuera', 18);
    
    INSERT INTO public.recurso(id, tipo, enlace, vocablo_id)
      VALUES (538, 'image', '/assets/images/fuera.png', 269);

    INSERT INTO public.recurso(id, tipo, enlace, vocablo_id)
      VALUES (539, 'video', 'https://youtube.com/watch?v=MQ40FfFybXk', 269);
    
    INSERT INTO public.vocablo(id, palabra, tema_id)
      VALUES (270, 'Alla', 18);
    
    INSERT INTO public.recurso(id, tipo, enlace, vocablo_id)
      VALUES (540, 'image', '/assets/images/alla.png', 270);

    INSERT INTO public.recurso(id, tipo, enlace, vocablo_id)
      VALUES (541, 'video', 'https://youtube.com/watch?v=HZDPy5SnoV4', 270);
    
    INSERT INTO public.vocablo(id, palabra, tema_id)
      VALUES (271, 'Anterior', 18);
    
    INSERT INTO public.recurso(id, tipo, enlace, vocablo_id)
      VALUES (542, 'image', '/assets/images/anterior.png', 271);

    INSERT INTO public.recurso(id, tipo, enlace, vocablo_id)
      VALUES (543, 'video', 'https://youtube.com/watch?v=nJF4rA3SBHc', 271);
    
    INSERT INTO public.vocablo(id, palabra, tema_id)
      VALUES (272, 'Aqui', 18);
    
    INSERT INTO public.recurso(id, tipo, enlace, vocablo_id)
      VALUES (544, 'image', '/assets/images/aqui.png', 272);

    INSERT INTO public.recurso(id, tipo, enlace, vocablo_id)
      VALUES (545, 'video', 'https://youtube.com/watch?v=reTtOLANJK8', 272);
    
    INSERT INTO public.vocablo(id, palabra, tema_id)
      VALUES (273, 'Dentro', 18);
    
    INSERT INTO public.recurso(id, tipo, enlace, vocablo_id)
      VALUES (546, 'image', '/assets/images/dentro.png', 273);

    INSERT INTO public.recurso(id, tipo, enlace, vocablo_id)
      VALUES (547, 'video', '', 273);
    
    INSERT INTO public.vocablo(id, palabra, tema_id)
      VALUES (274, 'Celular', 21);
    
    INSERT INTO public.recurso(id, tipo, enlace, vocablo_id)
      VALUES (548, 'image', '/assets/images/celular.png', 274);

    INSERT INTO public.recurso(id, tipo, enlace, vocablo_id)
      VALUES (549, 'video', 'https://youtube.com/watch?v=eW14u8Sa4_Y', 274);
    
    INSERT INTO public.vocablo(id, palabra, tema_id)
      VALUES (275, 'Radio', 21);
    
    INSERT INTO public.recurso(id, tipo, enlace, vocablo_id)
      VALUES (550, 'image', '/assets/images/radio.png', 275);

    INSERT INTO public.recurso(id, tipo, enlace, vocablo_id)
      VALUES (551, 'video', '', 275);
    
    INSERT INTO public.vocablo(id, palabra, tema_id)
      VALUES (276, 'Televisor', 21);
    
    INSERT INTO public.recurso(id, tipo, enlace, vocablo_id)
      VALUES (552, 'image', '/assets/images/televisor.png', 276);

    INSERT INTO public.recurso(id, tipo, enlace, vocablo_id)
      VALUES (553, 'video', 'https://www.youtube.com/watch?v=zgzaZCprR-4', 276);
    
    INSERT INTO public.vocablo(id, palabra, tema_id)
      VALUES (277, 'Carnicero', 22);
    
    INSERT INTO public.recurso(id, tipo, enlace, vocablo_id)
      VALUES (554, 'image', '/assets/images/carnicero.png', 277);

    INSERT INTO public.recurso(id, tipo, enlace, vocablo_id)
      VALUES (555, 'video', 'https://youtube.com/watch?v=jCLIf6ZtoKM', 277);
    
    INSERT INTO public.vocablo(id, palabra, tema_id)
      VALUES (278, 'Enfermera', 22);
    
    INSERT INTO public.recurso(id, tipo, enlace, vocablo_id)
      VALUES (556, 'image', '/assets/images/enfermera.png', 278);

    INSERT INTO public.recurso(id, tipo, enlace, vocablo_id)
      VALUES (557, 'video', 'https://youtube.com/watch?v=FCW0_oPnRpw', 278);
    
    INSERT INTO public.vocablo(id, palabra, tema_id)
      VALUES (279, 'Odontologo', 22);
    
    INSERT INTO public.recurso(id, tipo, enlace, vocablo_id)
      VALUES (558, 'image', '/assets/images/odontologo.png', 279);

    INSERT INTO public.recurso(id, tipo, enlace, vocablo_id)
      VALUES (559, 'video', '', 279);
    
    INSERT INTO public.vocablo(id, palabra, tema_id)
      VALUES (280, 'Cabello', 23);
    
    INSERT INTO public.recurso(id, tipo, enlace, vocablo_id)
      VALUES (560, 'image', '/assets/images/cabello.png', 280);

    INSERT INTO public.recurso(id, tipo, enlace, vocablo_id)
      VALUES (561, 'video', 'https://www.youtube.com/watch?v=7LWKLhC7Gvs', 280);
    
    INSERT INTO public.vocablo(id, palabra, tema_id)
      VALUES (281, 'Dedos', 23);
    
    INSERT INTO public.recurso(id, tipo, enlace, vocablo_id)
      VALUES (562, 'image', '/assets/images/dedos.png', 281);

    INSERT INTO public.recurso(id, tipo, enlace, vocablo_id)
      VALUES (563, 'video', 'https://www.youtube.com/watch?v=UWua2PTe-vw', 281);
    
    INSERT INTO public.vocablo(id, palabra, tema_id)
      VALUES (282, 'Lengua', 23);
    
    INSERT INTO public.recurso(id, tipo, enlace, vocablo_id)
      VALUES (564, 'image', '/assets/images/lengua.png', 282);

    INSERT INTO public.recurso(id, tipo, enlace, vocablo_id)
      VALUES (565, 'video', '', 282);
    
    INSERT INTO public.vocablo(id, palabra, tema_id)
      VALUES (283, 'Pene', 23);
    
    INSERT INTO public.recurso(id, tipo, enlace, vocablo_id)
      VALUES (566, 'image', '/assets/images/pene.png', 283);

    INSERT INTO public.recurso(id, tipo, enlace, vocablo_id)
      VALUES (567, 'video', '', 283);
    
    INSERT INTO public.vocablo(id, palabra, tema_id)
      VALUES (284, 'Antonio jose de sucre', 24);
    
    INSERT INTO public.recurso(id, tipo, enlace, vocablo_id)
      VALUES (568, 'image', '/assets/images/antonio-jose-de-sucre.png', 284);

    INSERT INTO public.recurso(id, tipo, enlace, vocablo_id)
      VALUES (569, 'video', '', 284);
    
    INSERT INTO public.vocablo(id, palabra, tema_id)
      VALUES (285, 'Josefa camejo', 24);
    
    INSERT INTO public.recurso(id, tipo, enlace, vocablo_id)
      VALUES (570, 'image', '/assets/images/josefa-camejo.png', 285);

    INSERT INTO public.recurso(id, tipo, enlace, vocablo_id)
      VALUES (571, 'video', '', 285);
    
    INSERT INTO public.vocablo(id, palabra, tema_id)
      VALUES (286, 'Negro primero', 24);
    
    INSERT INTO public.recurso(id, tipo, enlace, vocablo_id)
      VALUES (572, 'image', '/assets/images/negro-primero.png', 286);

    INSERT INTO public.recurso(id, tipo, enlace, vocablo_id)
      VALUES (573, 'video', '', 286);
    
    INSERT INTO public.vocablo(id, palabra, tema_id)
      VALUES (287, 'Hija', 25);
    
    INSERT INTO public.recurso(id, tipo, enlace, vocablo_id)
      VALUES (574, 'image', '/assets/images/hija.png', 287);

    INSERT INTO public.recurso(id, tipo, enlace, vocablo_id)
      VALUES (575, 'video', '', 287);
    
    INSERT INTO public.vocablo(id, palabra, tema_id)
      VALUES (288, 'Hijo', 25);
    
    INSERT INTO public.recurso(id, tipo, enlace, vocablo_id)
      VALUES (576, 'image', '/assets/images/hijo.png', 288);

    INSERT INTO public.recurso(id, tipo, enlace, vocablo_id)
      VALUES (577, 'video', 'https://www.youtube.com/watch?v=X__iXqiT4qg', 288);
    
    INSERT INTO public.vocablo(id, palabra, tema_id)
      VALUES (289, 'Tia', 25);
    
    INSERT INTO public.recurso(id, tipo, enlace, vocablo_id)
      VALUES (578, 'image', '/assets/images/tia.png', 289);

    INSERT INTO public.recurso(id, tipo, enlace, vocablo_id)
      VALUES (579, 'video', '', 289);
    
    INSERT INTO public.vocablo(id, palabra, tema_id)
      VALUES (290, 'Tio', 25);
    
    INSERT INTO public.recurso(id, tipo, enlace, vocablo_id)
      VALUES (580, 'image', '/assets/images/tio.png', 290);

    INSERT INTO public.recurso(id, tipo, enlace, vocablo_id)
      VALUES (581, 'video', 'https://www.youtube.com/watch?v=lZFhV-5_PA4', 290);
    
    INSERT INTO public.vocablo(id, palabra, tema_id)
      VALUES (291, 'Bota', 26);
    
    INSERT INTO public.recurso(id, tipo, enlace, vocablo_id)
      VALUES (582, 'image', '/assets/images/bota.png', 291);

    INSERT INTO public.recurso(id, tipo, enlace, vocablo_id)
      VALUES (583, 'video', '', 291);
    
    INSERT INTO public.vocablo(id, palabra, tema_id)
      VALUES (292, 'Falda', 26);
    
    INSERT INTO public.recurso(id, tipo, enlace, vocablo_id)
      VALUES (584, 'image', '/assets/images/falda.png', 292);

    INSERT INTO public.recurso(id, tipo, enlace, vocablo_id)
      VALUES (585, 'video', 'https://youtube.com/watch?v=yB2fnIrmsME', 292);
    
    INSERT INTO public.vocablo(id, palabra, tema_id)
      VALUES (293, 'Franela', 26);
    
    INSERT INTO public.recurso(id, tipo, enlace, vocablo_id)
      VALUES (586, 'image', '/assets/images/franela.png', 293);

    INSERT INTO public.recurso(id, tipo, enlace, vocablo_id)
      VALUES (587, 'video', '', 293);
    
    INSERT INTO public.vocablo(id, palabra, tema_id)
      VALUES (294, 'Gorra', 26);
    
    INSERT INTO public.recurso(id, tipo, enlace, vocablo_id)
      VALUES (588, 'image', '/assets/images/gorra.png', 294);

    INSERT INTO public.recurso(id, tipo, enlace, vocablo_id)
      VALUES (589, 'video', '', 294);
    
    INSERT INTO public.vocablo(id, palabra, tema_id)
      VALUES (295, 'Vestidos', 26);
    
    INSERT INTO public.recurso(id, tipo, enlace, vocablo_id)
      VALUES (590, 'image', '/assets/images/vestidos.png', 295);

    INSERT INTO public.recurso(id, tipo, enlace, vocablo_id)
      VALUES (591, 'video', '', 295);
    
    INSERT INTO public.vocablo(id, palabra, tema_id)
      VALUES (296, 'Orquidea', 27);
    
    INSERT INTO public.recurso(id, tipo, enlace, vocablo_id)
      VALUES (592, 'image', '/assets/images/orquidea.png', 296);

    INSERT INTO public.recurso(id, tipo, enlace, vocablo_id)
      VALUES (593, 'video', '', 296);
    
    INSERT INTO public.vocablo(id, palabra, tema_id)
      VALUES (297, 'Turpial', 27);
    
    INSERT INTO public.recurso(id, tipo, enlace, vocablo_id)
      VALUES (594, 'image', '/assets/images/turpial.png', 297);

    INSERT INTO public.recurso(id, tipo, enlace, vocablo_id)
      VALUES (595, 'video', '', 297);
    
    INSERT INTO public.vocablo(id, palabra, tema_id)
      VALUES (298, 'Dolor de cabeza', 28);
    
    INSERT INTO public.recurso(id, tipo, enlace, vocablo_id)
      VALUES (596, 'image', '/assets/images/dolor-de-cabeza.png', 298);

    INSERT INTO public.recurso(id, tipo, enlace, vocablo_id)
      VALUES (597, 'video', '', 298);
    
    INSERT INTO public.vocablo(id, palabra, tema_id)
      VALUES (299, 'Fiebre', 28);
    
    INSERT INTO public.recurso(id, tipo, enlace, vocablo_id)
      VALUES (598, 'image', '/assets/images/fiebre.png', 299);

    INSERT INTO public.recurso(id, tipo, enlace, vocablo_id)
      VALUES (599, 'video', 'https://youtube.com/watch?v=NCPFxZLlmpE', 299);
    
    INSERT INTO public.vocablo(id, palabra, tema_id)
      VALUES (300, 'Mareo', 28);
    
    INSERT INTO public.recurso(id, tipo, enlace, vocablo_id)
      VALUES (600, 'image', '/assets/images/mareo.png', 300);

    INSERT INTO public.recurso(id, tipo, enlace, vocablo_id)
      VALUES (601, 'video', '', 300);
    
    INSERT INTO public.vocablo(id, palabra, tema_id)
      VALUES (301, 'Picazon', 28);
    
    INSERT INTO public.recurso(id, tipo, enlace, vocablo_id)
      VALUES (602, 'image', '/assets/images/picazon.png', 301);

    INSERT INTO public.recurso(id, tipo, enlace, vocablo_id)
      VALUES (603, 'video', '', 301);
    
    INSERT INTO public.vocablo(id, palabra, tema_id)
      VALUES (302, 'Jarra', 29);
    
    INSERT INTO public.recurso(id, tipo, enlace, vocablo_id)
      VALUES (604, 'image', '/assets/images/jarra.png', 302);

    INSERT INTO public.recurso(id, tipo, enlace, vocablo_id)
      VALUES (605, 'video', '', 302);
    
    INSERT INTO public.vocablo(id, palabra, tema_id)
      VALUES (303, 'Canaima', 30);
    
    INSERT INTO public.recurso(id, tipo, enlace, vocablo_id)
      VALUES (606, 'image', '/assets/images/canaima.png', 303);

    INSERT INTO public.recurso(id, tipo, enlace, vocablo_id)
      VALUES (607, 'video', '', 303);
    
    INSERT INTO public.vocablo(id, palabra, tema_id)
      VALUES (304, 'Morral', 30);
    
    INSERT INTO public.recurso(id, tipo, enlace, vocablo_id)
      VALUES (608, 'image', '/assets/images/morral.png', 304);

    INSERT INTO public.recurso(id, tipo, enlace, vocablo_id)
      VALUES (609, 'video', '', 304);
    
    INSERT INTO public.vocablo(id, palabra, tema_id)
      VALUES (305, 'Pega', 30);
    
    INSERT INTO public.recurso(id, tipo, enlace, vocablo_id)
      VALUES (610, 'image', '/assets/images/pega.png', 305);

    INSERT INTO public.recurso(id, tipo, enlace, vocablo_id)
      VALUES (611, 'video', '', 305);
    
    INSERT INTO public.vocablo(id, palabra, tema_id)
      VALUES (306, 'Regla', 30);
    
    INSERT INTO public.recurso(id, tipo, enlace, vocablo_id)
      VALUES (612, 'image', '/assets/images/regla.png', 306);

    INSERT INTO public.recurso(id, tipo, enlace, vocablo_id)
      VALUES (613, 'video', '', 306);
    
    INSERT INTO public.vocablo(id, palabra, tema_id)
      VALUES (307, 'Cebolla', 31);
    
    INSERT INTO public.recurso(id, tipo, enlace, vocablo_id)
      VALUES (614, 'image', '/assets/images/cebolla.png', 307);

    INSERT INTO public.recurso(id, tipo, enlace, vocablo_id)
      VALUES (615, 'video', 'Cebolla', 307);
    
    INSERT INTO public.vocablo(id, palabra, tema_id)
      VALUES (308, 'Jojoto', 31);
    
    INSERT INTO public.recurso(id, tipo, enlace, vocablo_id)
      VALUES (616, 'image', '/assets/images/jojoto.png', 308);

    INSERT INTO public.recurso(id, tipo, enlace, vocablo_id)
      VALUES (617, 'video', '', 308);
    
    INSERT INTO public.vocablo(id, palabra, tema_id)
      VALUES (309, 'Remolacha', 31);
    
    INSERT INTO public.recurso(id, tipo, enlace, vocablo_id)
      VALUES (618, 'image', '/assets/images/remolacha.png', 309);

    INSERT INTO public.recurso(id, tipo, enlace, vocablo_id)
      VALUES (619, 'video', 'https://www.youtube.com/watch?v=CuFkrmk_sTM', 309);
    
    INSERT INTO public.vocablo(id, palabra, tema_id)
      VALUES (310, 'Vainita', 31);
    
    INSERT INTO public.recurso(id, tipo, enlace, vocablo_id)
      VALUES (620, 'image', '/assets/images/vainita.png', 310);

    INSERT INTO public.recurso(id, tipo, enlace, vocablo_id)
      VALUES (621, 'video', '', 310);
    
    INSERT INTO public.vocablo(id, palabra, tema_id)
      VALUES (311, 'Zanahoria', 31);
    
    INSERT INTO public.recurso(id, tipo, enlace, vocablo_id)
      VALUES (622, 'image', '/assets/images/zanahoria.png', 311);

    INSERT INTO public.recurso(id, tipo, enlace, vocablo_id)
      VALUES (623, 'video', 'https://www.youtube.com/watch?v=JEuax_dE1Vc', 311);
    
    INSERT INTO public.vocablo(id, palabra, tema_id)
      VALUES (312, 'Caraota', 0);
    
    INSERT INTO public.recurso(id, tipo, enlace, vocablo_id)
      VALUES (624, 'image', '/assets/images/caraota.png', 312);

    INSERT INTO public.recurso(id, tipo, enlace, vocablo_id)
      VALUES (625, 'video', 'https://www.youtube.com/watch?v=RMcKH9_2654', 312);
    
    INSERT INTO public.vocablo(id, palabra, tema_id)
      VALUES (313, 'Ensalada', 0);
    
    INSERT INTO public.recurso(id, tipo, enlace, vocablo_id)
      VALUES (626, 'image', '/assets/images/ensalada.png', 313);

    INSERT INTO public.recurso(id, tipo, enlace, vocablo_id)
      VALUES (627, 'video', 'https://youtube.com/watch?v=nifgUFLoEh8', 313);
    
    INSERT INTO public.vocablo(id, palabra, tema_id)
      VALUES (314, 'Jamon', 0);
    
    INSERT INTO public.recurso(id, tipo, enlace, vocablo_id)
      VALUES (628, 'image', '/assets/images/jamon.png', 314);

    INSERT INTO public.recurso(id, tipo, enlace, vocablo_id)
      VALUES (629, 'video', 'https://www.youtube.com/watch?v=hmyuvLTJNjY', 314);
    
    INSERT INTO public.vocablo(id, palabra, tema_id)
      VALUES (315, 'Mantequilla', 0);
    
    INSERT INTO public.recurso(id, tipo, enlace, vocablo_id)
      VALUES (630, 'image', '/assets/images/mantequilla.png', 315);

    INSERT INTO public.recurso(id, tipo, enlace, vocablo_id)
      VALUES (631, 'video', 'https://www.youtube.com/watch?v=zjPWXJ6Uois', 315);
    
    INSERT INTO public.vocablo(id, palabra, tema_id)
      VALUES (316, 'Pescados', 0);
    
    INSERT INTO public.recurso(id, tipo, enlace, vocablo_id)
      VALUES (632, 'image', '/assets/images/pescados.png', 316);

    INSERT INTO public.recurso(id, tipo, enlace, vocablo_id)
      VALUES (633, 'video', 'https://www.youtube.com/watch?v=5rqFj4fOST4', 316);
    
    INSERT INTO public.vocablo(id, palabra, tema_id)
      VALUES (317, 'Platano', 0);
    
    INSERT INTO public.recurso(id, tipo, enlace, vocablo_id)
      VALUES (634, 'image', '/assets/images/platano.png', 317);

    INSERT INTO public.recurso(id, tipo, enlace, vocablo_id)
      VALUES (635, 'video', '', 317);
    
    INSERT INTO public.vocablo(id, palabra, tema_id)
      VALUES (318, 'Salchicha', 0);
    
    INSERT INTO public.recurso(id, tipo, enlace, vocablo_id)
      VALUES (636, 'image', '/assets/images/salchicha.png', 318);

    INSERT INTO public.recurso(id, tipo, enlace, vocablo_id)
      VALUES (637, 'video', '', 318);
    
    INSERT INTO public.vocablo(id, palabra, tema_id)
      VALUES (319, 'Tequeno', 0);
    
    INSERT INTO public.recurso(id, tipo, enlace, vocablo_id)
      VALUES (638, 'image', '/assets/images/tequeno.png', 319);

    INSERT INTO public.recurso(id, tipo, enlace, vocablo_id)
      VALUES (639, 'video', 'https://www.youtube.com/watch?v=sNSSsckgNi8', 319);
    
    INSERT INTO public.vocablo(id, palabra, tema_id)
      VALUES (320, 'Conejo', 1);
    
    INSERT INTO public.recurso(id, tipo, enlace, vocablo_id)
      VALUES (640, 'image', '/assets/images/conejo.png', 320);

    INSERT INTO public.recurso(id, tipo, enlace, vocablo_id)
      VALUES (641, 'video', 'https://www.youtube.com/watch?v=UZyb9rC8Znk', 320);
    
    INSERT INTO public.vocablo(id, palabra, tema_id)
      VALUES (321, 'Elefante', 1);
    
    INSERT INTO public.recurso(id, tipo, enlace, vocablo_id)
      VALUES (642, 'image', '/assets/images/elefante.png', 321);

    INSERT INTO public.recurso(id, tipo, enlace, vocablo_id)
      VALUES (643, 'video', 'https://www.youtube.com/watch?v=WMj9_Dy1chs', 321);
    
    INSERT INTO public.vocablo(id, palabra, tema_id)
      VALUES (322, 'Leon', 1);
    
    INSERT INTO public.recurso(id, tipo, enlace, vocablo_id)
      VALUES (644, 'image', '/assets/images/leon.png', 322);

    INSERT INTO public.recurso(id, tipo, enlace, vocablo_id)
      VALUES (645, 'video', 'https://www.youtube.com/watch?v=a29NXHAO_Do', 322);
    
    INSERT INTO public.vocablo(id, palabra, tema_id)
      VALUES (323, 'Mariposa', 1);
    
    INSERT INTO public.recurso(id, tipo, enlace, vocablo_id)
      VALUES (646, 'image', '/assets/images/mariposa.png', 323);

    INSERT INTO public.recurso(id, tipo, enlace, vocablo_id)
      VALUES (647, 'video', '', 323);
    
    INSERT INTO public.vocablo(id, palabra, tema_id)
      VALUES (324, 'Pavo', 1);
    
    INSERT INTO public.recurso(id, tipo, enlace, vocablo_id)
      VALUES (648, 'image', '/assets/images/pavo.png', 324);

    INSERT INTO public.recurso(id, tipo, enlace, vocablo_id)
      VALUES (649, 'video', 'https://www.youtube.com/watch?v=ViaX1iuYFho', 324);
    
    INSERT INTO public.vocablo(id, palabra, tema_id)
      VALUES (325, 'Zancudo', 1);
    
    INSERT INTO public.recurso(id, tipo, enlace, vocablo_id)
      VALUES (650, 'image', '/assets/images/zancudo.png', 325);

    INSERT INTO public.recurso(id, tipo, enlace, vocablo_id)
      VALUES (651, 'video', '', 325);
    
    INSERT INTO public.vocablo(id, palabra, tema_id)
      VALUES (326, 'Anaranjado', 4);
    
    INSERT INTO public.recurso(id, tipo, enlace, vocablo_id)
      VALUES (652, 'image', '/assets/images/anaranjado.png', 326);

    INSERT INTO public.recurso(id, tipo, enlace, vocablo_id)
      VALUES (653, 'video', 'https://www.youtube.com/watch?v=cNmISvANgM4', 326);
    
    INSERT INTO public.vocablo(id, palabra, tema_id)
      VALUES (327, 'Dorado', 4);
    
    INSERT INTO public.recurso(id, tipo, enlace, vocablo_id)
      VALUES (654, 'image', '/assets/images/dorado.png', 327);

    INSERT INTO public.recurso(id, tipo, enlace, vocablo_id)
      VALUES (655, 'video', 'https://www.youtube.com/watch?v=Be75nELDdHw', 327);
    
    INSERT INTO public.vocablo(id, palabra, tema_id)
      VALUES (328, 'Fucsia', 4);
    
    INSERT INTO public.recurso(id, tipo, enlace, vocablo_id)
      VALUES (656, 'image', '/assets/images/fucsia.png', 328);

    INSERT INTO public.recurso(id, tipo, enlace, vocablo_id)
      VALUES (657, 'video', 'https://www.youtube.com/watch?v=RQHTXZjGq4M', 328);
    
    INSERT INTO public.vocablo(id, palabra, tema_id)
      VALUES (329, 'Plateado', 4);
    
    INSERT INTO public.recurso(id, tipo, enlace, vocablo_id)
      VALUES (658, 'image', '/assets/images/plateado.png', 329);

    INSERT INTO public.recurso(id, tipo, enlace, vocablo_id)
      VALUES (659, 'video', '', 329);
    
    INSERT INTO public.vocablo(id, palabra, tema_id)
      VALUES (330, 'Bandeja', 29);
    
    INSERT INTO public.recurso(id, tipo, enlace, vocablo_id)
      VALUES (660, 'image', '/assets/images/bandeja.png', 330);

    INSERT INTO public.recurso(id, tipo, enlace, vocablo_id)
      VALUES (661, 'video', 'https://youtube.com/watch?v=NkgKQHvsMaU', 330);
    
    INSERT INTO public.vocablo(id, palabra, tema_id)
      VALUES (331, 'Budare', 29);
    
    INSERT INTO public.recurso(id, tipo, enlace, vocablo_id)
      VALUES (662, 'image', '/assets/images/budare.png', 331);

    INSERT INTO public.recurso(id, tipo, enlace, vocablo_id)
      VALUES (663, 'video', 'https://youtube.com/watch?v=UwA9Jgvt6oQ', 331);
    
    INSERT INTO public.vocablo(id, palabra, tema_id)
      VALUES (332, 'Rallo', 29);
    
    INSERT INTO public.recurso(id, tipo, enlace, vocablo_id)
      VALUES (664, 'image', '/assets/images/rallo.png', 332);

    INSERT INTO public.recurso(id, tipo, enlace, vocablo_id)
      VALUES (665, 'video', '', 332);
    
    INSERT INTO public.vocablo(id, palabra, tema_id)
      VALUES (333, 'Servilletas', 29);
    
    INSERT INTO public.recurso(id, tipo, enlace, vocablo_id)
      VALUES (666, 'image', '/assets/images/servilletas.png', 333);

    INSERT INTO public.recurso(id, tipo, enlace, vocablo_id)
      VALUES (667, 'video', '', 333);
    
    INSERT INTO public.vocablo(id, palabra, tema_id)
      VALUES (334, 'H1N1', 7);
    
    INSERT INTO public.recurso(id, tipo, enlace, vocablo_id)
      VALUES (668, 'image', '/assets/images/h1n1.png', 334);

    INSERT INTO public.recurso(id, tipo, enlace, vocablo_id)
      VALUES (669, 'video', '', 334);
    
    INSERT INTO public.vocablo(id, palabra, tema_id)
      VALUES (335, 'Conjutivitis', 7);
    
    INSERT INTO public.recurso(id, tipo, enlace, vocablo_id)
      VALUES (670, 'image', '/assets/images/conjutivitis.png', 335);

    INSERT INTO public.recurso(id, tipo, enlace, vocablo_id)
      VALUES (671, 'video', '', 335);
    
    INSERT INTO public.vocablo(id, palabra, tema_id)
      VALUES (336, 'Paperas', 7);
    
    INSERT INTO public.recurso(id, tipo, enlace, vocablo_id)
      VALUES (672, 'image', '/assets/images/paperas.png', 336);

    INSERT INTO public.recurso(id, tipo, enlace, vocablo_id)
      VALUES (673, 'video', '', 336);
    
    INSERT INTO public.vocablo(id, palabra, tema_id)
      VALUES (337, 'Cilindro', 8);
    
    INSERT INTO public.recurso(id, tipo, enlace, vocablo_id)
      VALUES (674, 'image', '/assets/images/cilindro.png', 337);

    INSERT INTO public.recurso(id, tipo, enlace, vocablo_id)
      VALUES (675, 'video', '', 337);
    
    INSERT INTO public.vocablo(id, palabra, tema_id)
      VALUES (338, 'Cubo', 8);
    
    INSERT INTO public.recurso(id, tipo, enlace, vocablo_id)
      VALUES (676, 'image', '/assets/images/cubo.png', 338);

    INSERT INTO public.recurso(id, tipo, enlace, vocablo_id)
      VALUES (677, 'video', 'https://youtube.com/watch?v=errGvv1kh-k', 338);
    
    INSERT INTO public.vocablo(id, palabra, tema_id)
      VALUES (339, 'Prisma', 8);
    
    INSERT INTO public.recurso(id, tipo, enlace, vocablo_id)
      VALUES (678, 'image', '/assets/images/prisma.png', 339);

    INSERT INTO public.recurso(id, tipo, enlace, vocablo_id)
      VALUES (679, 'video', '', 339);
    
    INSERT INTO public.vocablo(id, palabra, tema_id)
      VALUES (340, 'Rombo', 8);
    
    INSERT INTO public.recurso(id, tipo, enlace, vocablo_id)
      VALUES (680, 'image', '/assets/images/rombo.png', 340);

    INSERT INTO public.recurso(id, tipo, enlace, vocablo_id)
      VALUES (681, 'video', '', 340);
    
    INSERT INTO public.vocablo(id, palabra, tema_id)
      VALUES (341, 'Fresas', 9);
    
    INSERT INTO public.recurso(id, tipo, enlace, vocablo_id)
      VALUES (682, 'image', '/assets/images/fresas.png', 341);

    INSERT INTO public.recurso(id, tipo, enlace, vocablo_id)
      VALUES (683, 'video', 'https://www.youtube.com/watch?v=6f7F8hKagZw', 341);
    
    INSERT INTO public.vocablo(id, palabra, tema_id)
      VALUES (342, 'Manzana', 9);
    
    INSERT INTO public.recurso(id, tipo, enlace, vocablo_id)
      VALUES (684, 'image', '/assets/images/manzana.png', 342);

    INSERT INTO public.recurso(id, tipo, enlace, vocablo_id)
      VALUES (685, 'video', 'https://www.youtube.com/watch?v=ZgG_gX7PFqo', 342);
    
    INSERT INTO public.vocablo(id, palabra, tema_id)
      VALUES (343, 'Pera', 9);
    
    INSERT INTO public.recurso(id, tipo, enlace, vocablo_id)
      VALUES (686, 'image', '/assets/images/pera.png', 343);

    INSERT INTO public.recurso(id, tipo, enlace, vocablo_id)
      VALUES (687, 'video', 'https://youtube.com/watch?v=KUNggdHGn4w', 343);
    
    INSERT INTO public.vocablo(id, palabra, tema_id)
      VALUES (344, 'Tomate', 9);
    
    INSERT INTO public.recurso(id, tipo, enlace, vocablo_id)
      VALUES (688, 'image', '/assets/images/tomate.png', 344);

    INSERT INTO public.recurso(id, tipo, enlace, vocablo_id)
      VALUES (689, 'video', 'https://www.youtube.com/watch?v=hF75kZh-NcI', 344);
    
    INSERT INTO public.vocablo(id, palabra, tema_id)
      VALUES (345, 'DS', 11);
    
    INSERT INTO public.recurso(id, tipo, enlace, vocablo_id)
      VALUES (690, 'image', '/assets/images/ds.png', 345);

    INSERT INTO public.recurso(id, tipo, enlace, vocablo_id)
      VALUES (691, 'video', '', 345);
    
    INSERT INTO public.vocablo(id, palabra, tema_id)
      VALUES (346, 'Balon', 11);
    
    INSERT INTO public.recurso(id, tipo, enlace, vocablo_id)
      VALUES (692, 'image', '/assets/images/balon.png', 346);

    INSERT INTO public.recurso(id, tipo, enlace, vocablo_id)
      VALUES (693, 'video', '', 346);
    
    INSERT INTO public.vocablo(id, palabra, tema_id)
      VALUES (347, 'Cometa', 11);
    
    INSERT INTO public.recurso(id, tipo, enlace, vocablo_id)
      VALUES (694, 'image', '/assets/images/cometa.png', 347);

    INSERT INTO public.recurso(id, tipo, enlace, vocablo_id)
      VALUES (695, 'video', 'https://youtube.com/watch?v=srd5-Bs0pbA', 347);
    
    INSERT INTO public.vocablo(id, palabra, tema_id)
      VALUES (348, 'Monopatin', 11);
    
    INSERT INTO public.recurso(id, tipo, enlace, vocablo_id)
      VALUES (696, 'image', '/assets/images/monopatin.png', 348);

    INSERT INTO public.recurso(id, tipo, enlace, vocablo_id)
      VALUES (697, 'video', '', 348);
    
    INSERT INTO public.vocablo(id, palabra, tema_id)
      VALUES (349, 'Patin', 11);
    
    INSERT INTO public.recurso(id, tipo, enlace, vocablo_id)
      VALUES (698, 'image', '/assets/images/patin.png', 349);

    INSERT INTO public.recurso(id, tipo, enlace, vocablo_id)
      VALUES (699, 'video', '', 349);
    
    INSERT INTO public.vocablo(id, palabra, tema_id)
      VALUES (350, 'Patineta', 11);
    
    INSERT INTO public.recurso(id, tipo, enlace, vocablo_id)
      VALUES (700, 'image', '/assets/images/patineta.png', 350);

    INSERT INTO public.recurso(id, tipo, enlace, vocablo_id)
      VALUES (701, 'video', '', 350);
    
    INSERT INTO public.vocablo(id, palabra, tema_id)
      VALUES (351, 'Abasto', 12);
    
    INSERT INTO public.recurso(id, tipo, enlace, vocablo_id)
      VALUES (702, 'image', '/assets/images/abasto.png', 351);

    INSERT INTO public.recurso(id, tipo, enlace, vocablo_id)
      VALUES (703, 'video', '', 351);
    
    INSERT INTO public.vocablo(id, palabra, tema_id)
      VALUES (352, 'Avenida', 12);
    
    INSERT INTO public.recurso(id, tipo, enlace, vocablo_id)
      VALUES (704, 'image', '/assets/images/avenida.png', 352);

    INSERT INTO public.recurso(id, tipo, enlace, vocablo_id)
      VALUES (705, 'video', '', 352);
    
    INSERT INTO public.vocablo(id, palabra, tema_id)
      VALUES (353, 'Biblioteca', 12);
    
    INSERT INTO public.recurso(id, tipo, enlace, vocablo_id)
      VALUES (706, 'image', '/assets/images/biblioteca.png', 353);

    INSERT INTO public.recurso(id, tipo, enlace, vocablo_id)
      VALUES (707, 'video', 'https://youtube.com/watch?v=nm98Lh0Pcu8', 353);
    
    INSERT INTO public.vocablo(id, palabra, tema_id)
      VALUES (354, 'Calle', 12);
    
    INSERT INTO public.recurso(id, tipo, enlace, vocablo_id)
      VALUES (708, 'image', '/assets/images/calle.png', 354);

    INSERT INTO public.recurso(id, tipo, enlace, vocablo_id)
      VALUES (709, 'video', '', 354);
    
    INSERT INTO public.vocablo(id, palabra, tema_id)
      VALUES (355, 'Consultorio', 12);
    
    INSERT INTO public.recurso(id, tipo, enlace, vocablo_id)
      VALUES (710, 'image', '/assets/images/consultorio.png', 355);

    INSERT INTO public.recurso(id, tipo, enlace, vocablo_id)
      VALUES (711, 'video', 'https://youtube.com/watch?v=0lPR_oxtNtg', 355);
    
    INSERT INTO public.vocablo(id, palabra, tema_id)
      VALUES (356, 'Cuarto', 12);
    
    INSERT INTO public.recurso(id, tipo, enlace, vocablo_id)
      VALUES (712, 'image', '/assets/images/cuarto.png', 356);

    INSERT INTO public.recurso(id, tipo, enlace, vocablo_id)
      VALUES (713, 'video', '', 356);
    
    INSERT INTO public.vocablo(id, palabra, tema_id)
      VALUES (357, 'Hospital', 12);
    
    INSERT INTO public.recurso(id, tipo, enlace, vocablo_id)
      VALUES (714, 'image', '/assets/images/hospital.png', 357);

    INSERT INTO public.recurso(id, tipo, enlace, vocablo_id)
      VALUES (715, 'video', '', 357);
    
    INSERT INTO public.vocablo(id, palabra, tema_id)
      VALUES (358, 'Supermercado', 12);
    
    INSERT INTO public.recurso(id, tipo, enlace, vocablo_id)
      VALUES (716, 'image', '/assets/images/supermercado.png', 358);

    INSERT INTO public.recurso(id, tipo, enlace, vocablo_id)
      VALUES (717, 'video', '', 358);
    
    INSERT INTO public.vocablo(id, palabra, tema_id)
      VALUES (359, 'Cine', 13);
    
    INSERT INTO public.recurso(id, tipo, enlace, vocablo_id)
      VALUES (718, 'image', '/assets/images/cine.png', 359);

    INSERT INTO public.recurso(id, tipo, enlace, vocablo_id)
      VALUES (719, 'video', 'https://youtube.com/watch?v=Pyhp-32JSYk', 359);
    
    INSERT INTO public.vocablo(id, palabra, tema_id)
      VALUES (360, 'Jardin botanico', 13);
    
    INSERT INTO public.recurso(id, tipo, enlace, vocablo_id)
      VALUES (720, 'image', '/assets/images/jardin-botanico.png', 360);

    INSERT INTO public.recurso(id, tipo, enlace, vocablo_id)
      VALUES (721, 'video', '', 360);
    
    INSERT INTO public.vocablo(id, palabra, tema_id)
      VALUES (361, 'Museo ciencias', 13);
    
    INSERT INTO public.recurso(id, tipo, enlace, vocablo_id)
      VALUES (722, 'image', '/assets/images/museo-ciencias.png', 361);

    INSERT INTO public.recurso(id, tipo, enlace, vocablo_id)
      VALUES (723, 'video', '', 361);
    
    INSERT INTO public.vocablo(id, palabra, tema_id)
      VALUES (362, 'Teatro', 13);
    
    INSERT INTO public.recurso(id, tipo, enlace, vocablo_id)
      VALUES (724, 'image', '/assets/images/teatro.png', 362);

    INSERT INTO public.recurso(id, tipo, enlace, vocablo_id)
      VALUES (725, 'video', '', 362);
    
    INSERT INTO public.vocablo(id, palabra, tema_id)
      VALUES (363, 'Noviembre', 15);
    
    INSERT INTO public.recurso(id, tipo, enlace, vocablo_id)
      VALUES (726, 'image', '/assets/images/noviembre.png', 363);

    INSERT INTO public.recurso(id, tipo, enlace, vocablo_id)
      VALUES (727, 'video', 'https://www.youtube.com/watch?v=vG-CfpsIOXQ', 363);
    
    INSERT INTO public.vocablo(id, palabra, tema_id)
      VALUES (364, 'Septiembre', 15);
    
    INSERT INTO public.recurso(id, tipo, enlace, vocablo_id)
      VALUES (728, 'image', '/assets/images/septiembre.png', 364);

    INSERT INTO public.recurso(id, tipo, enlace, vocablo_id)
      VALUES (729, 'video', 'https://www.youtube.com/watch?v=C9RxG31z1ds', 364);
    
    INSERT INTO public.vocablo(id, palabra, tema_id)
      VALUES (365, 'Bastante', 16);
    
    INSERT INTO public.recurso(id, tipo, enlace, vocablo_id)
      VALUES (730, 'image', '/assets/images/bastante.png', 365);

    INSERT INTO public.recurso(id, tipo, enlace, vocablo_id)
      VALUES (731, 'video', 'https://youtube.com/watch?v=jB3i9w0sBq0', 365);
    
    INSERT INTO public.vocablo(id, palabra, tema_id)
      VALUES (366, 'Demasiado', 16);
    
    INSERT INTO public.recurso(id, tipo, enlace, vocablo_id)
      VALUES (732, 'image', '/assets/images/demasiado.png', 366);

    INSERT INTO public.recurso(id, tipo, enlace, vocablo_id)
      VALUES (733, 'video', '', 366);
    
    INSERT INTO public.vocablo(id, palabra, tema_id)
      VALUES (367, 'Muy grande', 16);
    
    INSERT INTO public.recurso(id, tipo, enlace, vocablo_id)
      VALUES (734, 'image', '/assets/images/muy-grande.png', 367);

    INSERT INTO public.recurso(id, tipo, enlace, vocablo_id)
      VALUES (735, 'video', '', 367);
    
    INSERT INTO public.vocablo(id, palabra, tema_id)
      VALUES (368, 'Posterior', 18);
    
    INSERT INTO public.recurso(id, tipo, enlace, vocablo_id)
      VALUES (736, 'image', '/assets/images/posterior.png', 368);

    INSERT INTO public.recurso(id, tipo, enlace, vocablo_id)
      VALUES (737, 'video', '', 368);
    
    INSERT INTO public.vocablo(id, palabra, tema_id)
      VALUES (369, 'Enorme', 17);
    
    INSERT INTO public.recurso(id, tipo, enlace, vocablo_id)
      VALUES (738, 'image', '/assets/images/enorme.png', 369);

    INSERT INTO public.recurso(id, tipo, enlace, vocablo_id)
      VALUES (739, 'video', 'https://youtube.com/watch?v=cpQS2Xqrz0M', 369);
    
    INSERT INTO public.vocablo(id, palabra, tema_id)
      VALUES (370, 'Gigante', 17);
    
    INSERT INTO public.recurso(id, tipo, enlace, vocablo_id)
      VALUES (740, 'image', '/assets/images/gigante.png', 370);

    INSERT INTO public.recurso(id, tipo, enlace, vocablo_id)
      VALUES (741, 'video', '', 370);
    
    INSERT INTO public.vocablo(id, palabra, tema_id)
      VALUES (371, 'Inmenso', 17);
    
    INSERT INTO public.recurso(id, tipo, enlace, vocablo_id)
      VALUES (742, 'image', '/assets/images/inmenso.png', 371);

    INSERT INTO public.recurso(id, tipo, enlace, vocablo_id)
      VALUES (743, 'video', '', 371);
    
    INSERT INTO public.vocablo(id, palabra, tema_id)
      VALUES (372, 'Durante', 19);
    
    INSERT INTO public.recurso(id, tipo, enlace, vocablo_id)
      VALUES (744, 'image', '/assets/images/durante.png', 372);

    INSERT INTO public.recurso(id, tipo, enlace, vocablo_id)
      VALUES (745, 'video', '', 372);
    
    INSERT INTO public.vocablo(id, palabra, tema_id)
      VALUES (373, 'Proximo', 19);
    
    INSERT INTO public.recurso(id, tipo, enlace, vocablo_id)
      VALUES (746, 'image', '/assets/images/proximo.png', 373);

    INSERT INTO public.recurso(id, tipo, enlace, vocablo_id)
      VALUES (747, 'video', '', 373);
    
    INSERT INTO public.vocablo(id, palabra, tema_id)
      VALUES (374, 'Cien', 20);
    
    INSERT INTO public.recurso(id, tipo, enlace, vocablo_id)
      VALUES (748, 'image', '/assets/images/cien.png', 374);

    INSERT INTO public.recurso(id, tipo, enlace, vocablo_id)
      VALUES (749, 'video', 'https://youtube.com/watch?v=2xt1v5Q0tMg', 374);
    
    INSERT INTO public.vocablo(id, palabra, tema_id)
      VALUES (375, 'Dieciseis', 20);
    
    INSERT INTO public.recurso(id, tipo, enlace, vocablo_id)
      VALUES (750, 'image', '/assets/images/dieciseis.png', 375);

    INSERT INTO public.recurso(id, tipo, enlace, vocablo_id)
      VALUES (751, 'video', 'https://www.youtube.com/watch?v=fFZtaMrRv7E', 375);
    
    INSERT INTO public.vocablo(id, palabra, tema_id)
      VALUES (376, 'Noventa y siete', 20);
    
    INSERT INTO public.recurso(id, tipo, enlace, vocablo_id)
      VALUES (752, 'image', '/assets/images/noventa-y-siete.png', 376);

    INSERT INTO public.recurso(id, tipo, enlace, vocablo_id)
      VALUES (753, 'video', '', 376);
    
    INSERT INTO public.vocablo(id, palabra, tema_id)
      VALUES (377, 'Noventa y tres', 20);
    
    INSERT INTO public.recurso(id, tipo, enlace, vocablo_id)
      VALUES (754, 'image', '/assets/images/noventa-y-tres.png', 377);

    INSERT INTO public.recurso(id, tipo, enlace, vocablo_id)
      VALUES (755, 'video', '', 377);
    
    INSERT INTO public.vocablo(id, palabra, tema_id)
      VALUES (378, 'Ochenta y cinco', 20);
    
    INSERT INTO public.recurso(id, tipo, enlace, vocablo_id)
      VALUES (756, 'image', '/assets/images/ochenta-y-cinco.png', 378);

    INSERT INTO public.recurso(id, tipo, enlace, vocablo_id)
      VALUES (757, 'video', '', 378);
    
    INSERT INTO public.vocablo(id, palabra, tema_id)
      VALUES (379, 'Treinta y dos', 20);
    
    INSERT INTO public.recurso(id, tipo, enlace, vocablo_id)
      VALUES (758, 'image', '/assets/images/treinta-y-dos.png', 379);

    INSERT INTO public.recurso(id, tipo, enlace, vocablo_id)
      VALUES (759, 'video', '', 379);
    
    INSERT INTO public.vocablo(id, palabra, tema_id)
      VALUES (380, 'Veintiocho', 20);
    
    INSERT INTO public.recurso(id, tipo, enlace, vocablo_id)
      VALUES (760, 'image', '/assets/images/veintiocho.png', 380);

    INSERT INTO public.recurso(id, tipo, enlace, vocablo_id)
      VALUES (761, 'video', '', 380);
    
    INSERT INTO public.vocablo(id, palabra, tema_id)
      VALUES (381, 'Lavadora', 21);
    
    INSERT INTO public.recurso(id, tipo, enlace, vocablo_id)
      VALUES (762, 'image', '/assets/images/lavadora.png', 381);

    INSERT INTO public.recurso(id, tipo, enlace, vocablo_id)
      VALUES (763, 'video', 'https://www.youtube.com/watch?v=hWPwFXF-LbU', 381);
    
    INSERT INTO public.vocablo(id, palabra, tema_id)
      VALUES (382, 'Microondas', 21);
    
    INSERT INTO public.recurso(id, tipo, enlace, vocablo_id)
      VALUES (764, 'image', '/assets/images/microondas.png', 382);

    INSERT INTO public.recurso(id, tipo, enlace, vocablo_id)
      VALUES (765, 'video', 'https://www.youtube.com/watch?v=leA5eyTeWbE', 382);
    
    INSERT INTO public.vocablo(id, palabra, tema_id)
      VALUES (383, 'Nevera', 21);
    
    INSERT INTO public.recurso(id, tipo, enlace, vocablo_id)
      VALUES (766, 'image', '/assets/images/nevera.png', 383);

    INSERT INTO public.recurso(id, tipo, enlace, vocablo_id)
      VALUES (767, 'video', 'https://www.youtube.com/watch?v=Kk54g4gf3u8', 383);
    
    INSERT INTO public.vocablo(id, palabra, tema_id)
      VALUES (384, 'Plancha', 21);
    
    INSERT INTO public.recurso(id, tipo, enlace, vocablo_id)
      VALUES (768, 'image', '/assets/images/plancha.png', 384);

    INSERT INTO public.recurso(id, tipo, enlace, vocablo_id)
      VALUES (769, 'video', '', 384);
    
    INSERT INTO public.vocablo(id, palabra, tema_id)
      VALUES (385, 'Secadora', 21);
    
    INSERT INTO public.recurso(id, tipo, enlace, vocablo_id)
      VALUES (770, 'image', '/assets/images/secadora.png', 385);

    INSERT INTO public.recurso(id, tipo, enlace, vocablo_id)
      VALUES (771, 'video', '', 385);
    
    INSERT INTO public.vocablo(id, palabra, tema_id)
      VALUES (386, 'Cejas', 23);
    
    INSERT INTO public.recurso(id, tipo, enlace, vocablo_id)
      VALUES (772, 'image', '/assets/images/cejas.png', 386);

    INSERT INTO public.recurso(id, tipo, enlace, vocablo_id)
      VALUES (773, 'video', 'https://www.youtube.com/watch?v=x9PuRvf_w_o', 386);
    
    INSERT INTO public.vocablo(id, palabra, tema_id)
      VALUES (387, 'Cerebro', 23);
    
    INSERT INTO public.recurso(id, tipo, enlace, vocablo_id)
      VALUES (774, 'image', '/assets/images/cerebro.png', 387);

    INSERT INTO public.recurso(id, tipo, enlace, vocablo_id)
      VALUES (775, 'video', '', 387);
    
    INSERT INTO public.vocablo(id, palabra, tema_id)
      VALUES (388, 'Codo', 23);
    
    INSERT INTO public.recurso(id, tipo, enlace, vocablo_id)
      VALUES (776, 'image', '/assets/images/codo.png', 388);

    INSERT INTO public.recurso(id, tipo, enlace, vocablo_id)
      VALUES (777, 'video', '', 388);
    
    INSERT INTO public.vocablo(id, palabra, tema_id)
      VALUES (389, 'Corazon', 23);
    
    INSERT INTO public.recurso(id, tipo, enlace, vocablo_id)
      VALUES (778, 'image', '/assets/images/corazon.png', 389);

    INSERT INTO public.recurso(id, tipo, enlace, vocablo_id)
      VALUES (779, 'video', '', 389);
    
    INSERT INTO public.vocablo(id, palabra, tema_id)
      VALUES (390, 'Cuello', 23);
    
    INSERT INTO public.recurso(id, tipo, enlace, vocablo_id)
      VALUES (780, 'image', '/assets/images/cuello.png', 390);

    INSERT INTO public.recurso(id, tipo, enlace, vocablo_id)
      VALUES (781, 'video', '', 390);
    
    INSERT INTO public.vocablo(id, palabra, tema_id)
      VALUES (391, 'Gluteos', 23);
    
    INSERT INTO public.recurso(id, tipo, enlace, vocablo_id)
      VALUES (782, 'image', '/assets/images/gluteos.png', 391);

    INSERT INTO public.recurso(id, tipo, enlace, vocablo_id)
      VALUES (783, 'video', '', 391);
    
    INSERT INTO public.vocablo(id, palabra, tema_id)
      VALUES (392, 'Huesos', 23);
    
    INSERT INTO public.recurso(id, tipo, enlace, vocablo_id)
      VALUES (784, 'image', '/assets/images/huesos.png', 392);

    INSERT INTO public.recurso(id, tipo, enlace, vocablo_id)
      VALUES (785, 'video', '', 392);
    
    INSERT INTO public.vocablo(id, palabra, tema_id)
      VALUES (393, 'Oido', 23);
    
    INSERT INTO public.recurso(id, tipo, enlace, vocablo_id)
      VALUES (786, 'image', '/assets/images/oido.png', 393);

    INSERT INTO public.recurso(id, tipo, enlace, vocablo_id)
      VALUES (787, 'video', '', 393);
    
    INSERT INTO public.vocablo(id, palabra, tema_id)
      VALUES (394, 'Pestanas', 23);
    
    INSERT INTO public.recurso(id, tipo, enlace, vocablo_id)
      VALUES (788, 'image', '/assets/images/pestanas.png', 394);

    INSERT INTO public.recurso(id, tipo, enlace, vocablo_id)
      VALUES (789, 'video', 'https://www.youtube.com/watch?v=WRHTXF4qRYM', 394);
    
    INSERT INTO public.vocablo(id, palabra, tema_id)
      VALUES (395, 'Rodillas', 23);
    
    INSERT INTO public.recurso(id, tipo, enlace, vocablo_id)
      VALUES (790, 'image', '/assets/images/rodillas.png', 395);

    INSERT INTO public.recurso(id, tipo, enlace, vocablo_id)
      VALUES (791, 'video', '', 395);
    
    INSERT INTO public.vocablo(id, palabra, tema_id)
      VALUES (396, 'Senos', 23);
    
    INSERT INTO public.recurso(id, tipo, enlace, vocablo_id)
      VALUES (792, 'image', '/assets/images/senos.png', 396);

    INSERT INTO public.recurso(id, tipo, enlace, vocablo_id)
      VALUES (793, 'video', '', 396);
    
    INSERT INTO public.vocablo(id, palabra, tema_id)
      VALUES (397, 'Unas', 23);
    
    INSERT INTO public.recurso(id, tipo, enlace, vocablo_id)
      VALUES (794, 'image', '/assets/images/unas.png', 397);

    INSERT INTO public.recurso(id, tipo, enlace, vocablo_id)
      VALUES (795, 'video', '', 397);
    
    INSERT INTO public.vocablo(id, palabra, tema_id)
      VALUES (398, 'Ezequiel zamora', 24);
    
    INSERT INTO public.recurso(id, tipo, enlace, vocablo_id)
      VALUES (796, 'image', '/assets/images/ezequiel-zamora.png', 398);

    INSERT INTO public.recurso(id, tipo, enlace, vocablo_id)
      VALUES (797, 'video', '', 398);
    
    INSERT INTO public.vocablo(id, palabra, tema_id)
      VALUES (399, 'Amiga', 25);
    
    INSERT INTO public.recurso(id, tipo, enlace, vocablo_id)
      VALUES (798, 'image', '/assets/images/amiga.png', 399);

    INSERT INTO public.recurso(id, tipo, enlace, vocablo_id)
      VALUES (799, 'video', '', 399);
    
    INSERT INTO public.vocablo(id, palabra, tema_id)
      VALUES (400, 'Amigo', 25);
    
    INSERT INTO public.recurso(id, tipo, enlace, vocablo_id)
      VALUES (800, 'image', '/assets/images/amigo.png', 400);

    INSERT INTO public.recurso(id, tipo, enlace, vocablo_id)
      VALUES (801, 'video', 'https://youtube.com/watch?v=BmRk5vmmqhU', 400);
    
    INSERT INTO public.vocablo(id, palabra, tema_id)
      VALUES (401, 'Esposos', 25);
    
    INSERT INTO public.recurso(id, tipo, enlace, vocablo_id)
      VALUES (802, 'image', '/assets/images/esposos.png', 401);

    INSERT INTO public.recurso(id, tipo, enlace, vocablo_id)
      VALUES (803, 'video', 'https://www.youtube.com/watch?v=4I4qta8r23k', 401);
    
    INSERT INTO public.vocablo(id, palabra, tema_id)
      VALUES (402, 'Nieta', 25);
    
    INSERT INTO public.recurso(id, tipo, enlace, vocablo_id)
      VALUES (804, 'image', '/assets/images/nieta.png', 402);

    INSERT INTO public.recurso(id, tipo, enlace, vocablo_id)
      VALUES (805, 'video', '', 402);
    
    INSERT INTO public.vocablo(id, palabra, tema_id)
      VALUES (403, 'Nieto', 25);
    
    INSERT INTO public.recurso(id, tipo, enlace, vocablo_id)
      VALUES (806, 'image', '/assets/images/nieto.png', 403);

    INSERT INTO public.recurso(id, tipo, enlace, vocablo_id)
      VALUES (807, 'video', 'https://www.youtube.com/watch?v=0EMnp-Bz3Tc', 403);
    
    INSERT INTO public.vocablo(id, palabra, tema_id)
      VALUES (404, 'Primos', 25);
    
    INSERT INTO public.recurso(id, tipo, enlace, vocablo_id)
      VALUES (808, 'image', '/assets/images/primos.png', 404);

    INSERT INTO public.recurso(id, tipo, enlace, vocablo_id)
      VALUES (809, 'video', 'https://www.youtube.com/watch?v=zyZd4VqRduE', 404);
    
    INSERT INTO public.vocablo(id, palabra, tema_id)
      VALUES (405, 'Senor', 25);
    
    INSERT INTO public.recurso(id, tipo, enlace, vocablo_id)
      VALUES (810, 'image', '/assets/images/senor.png', 405);

    INSERT INTO public.recurso(id, tipo, enlace, vocablo_id)
      VALUES (811, 'video', 'https://www.youtube.com/watch?v=x6xMPHJKW3Q', 405);
    
    INSERT INTO public.vocablo(id, palabra, tema_id)
      VALUES (406, 'Senora', 25);
    
    INSERT INTO public.recurso(id, tipo, enlace, vocablo_id)
      VALUES (812, 'image', '/assets/images/senora.png', 406);

    INSERT INTO public.recurso(id, tipo, enlace, vocablo_id)
      VALUES (813, 'video', '', 406);
    
    INSERT INTO public.vocablo(id, palabra, tema_id)
      VALUES (407, 'Sobrino', 25);
    
    INSERT INTO public.recurso(id, tipo, enlace, vocablo_id)
      VALUES (814, 'image', '/assets/images/sobrino.png', 407);

    INSERT INTO public.recurso(id, tipo, enlace, vocablo_id)
      VALUES (815, 'video', 'https://www.youtube.com/watch?v=YyyrX-VRaOk', 407);
    
    INSERT INTO public.vocablo(id, palabra, tema_id)
      VALUES (408, 'Bombero', 22);
    
    INSERT INTO public.recurso(id, tipo, enlace, vocablo_id)
      VALUES (816, 'image', '/assets/images/bombero.png', 408);

    INSERT INTO public.recurso(id, tipo, enlace, vocablo_id)
      VALUES (817, 'video', 'https://www.youtube.com/watch?v=KGBrHs1DfKI', 408);
    
    INSERT INTO public.vocablo(id, palabra, tema_id)
      VALUES (409, 'Directora', 22);
    
    INSERT INTO public.recurso(id, tipo, enlace, vocablo_id)
      VALUES (818, 'image', '/assets/images/directora.png', 409);

    INSERT INTO public.recurso(id, tipo, enlace, vocablo_id)
      VALUES (819, 'video', '', 409);
    
    INSERT INTO public.vocablo(id, palabra, tema_id)
      VALUES (410, 'Panadero', 22);
    
    INSERT INTO public.recurso(id, tipo, enlace, vocablo_id)
      VALUES (820, 'image', '/assets/images/panadero.png', 410);

    INSERT INTO public.recurso(id, tipo, enlace, vocablo_id)
      VALUES (821, 'video', '', 410);
    
    INSERT INTO public.vocablo(id, palabra, tema_id)
      VALUES (411, 'Profesora', 22);
    
    INSERT INTO public.recurso(id, tipo, enlace, vocablo_id)
      VALUES (822, 'image', '/assets/images/profesora.png', 411);

    INSERT INTO public.recurso(id, tipo, enlace, vocablo_id)
      VALUES (823, 'video', '', 411);
    
    INSERT INTO public.vocablo(id, palabra, tema_id)
      VALUES (412, 'Secretaria', 22);
    
    INSERT INTO public.recurso(id, tipo, enlace, vocablo_id)
      VALUES (824, 'image', '/assets/images/secretaria.png', 412);

    INSERT INTO public.recurso(id, tipo, enlace, vocablo_id)
      VALUES (825, 'video', '', 412);
    
    INSERT INTO public.vocablo(id, palabra, tema_id)
      VALUES (413, 'Verdulero', 22);
    
    INSERT INTO public.recurso(id, tipo, enlace, vocablo_id)
      VALUES (826, 'image', '/assets/images/verdulero.png', 413);

    INSERT INTO public.recurso(id, tipo, enlace, vocablo_id)
      VALUES (827, 'video', '', 413);
    
    INSERT INTO public.vocablo(id, palabra, tema_id)
      VALUES (414, 'Correa', 26);
    
    INSERT INTO public.recurso(id, tipo, enlace, vocablo_id)
      VALUES (828, 'image', '/assets/images/correa.png', 414);

    INSERT INTO public.recurso(id, tipo, enlace, vocablo_id)
      VALUES (829, 'video', 'https://youtube.com/watch?v=5PtHHkkZzLw', 414);
    
    INSERT INTO public.vocablo(id, palabra, tema_id)
      VALUES (415, 'Guante', 26);
    
    INSERT INTO public.recurso(id, tipo, enlace, vocablo_id)
      VALUES (830, 'image', '/assets/images/guante.png', 415);

    INSERT INTO public.recurso(id, tipo, enlace, vocablo_id)
      VALUES (831, 'video', 'https://youtube.com/watch?v=6rBlujPVZjM', 415);
    
    INSERT INTO public.vocablo(id, palabra, tema_id)
      VALUES (416, 'Sosten', 26);
    
    INSERT INTO public.recurso(id, tipo, enlace, vocablo_id)
      VALUES (832, 'image', '/assets/images/sosten.png', 416);

    INSERT INTO public.recurso(id, tipo, enlace, vocablo_id)
      VALUES (833, 'video', '', 416);
    
    INSERT INTO public.vocablo(id, palabra, tema_id)
      VALUES (417, 'Sueter', 26);
    
    INSERT INTO public.recurso(id, tipo, enlace, vocablo_id)
      VALUES (834, 'image', '/assets/images/sueter.png', 417);

    INSERT INTO public.recurso(id, tipo, enlace, vocablo_id)
      VALUES (835, 'video', '', 417);
    
    INSERT INTO public.vocablo(id, palabra, tema_id)
      VALUES (418, 'Uniforme', 26);
    
    INSERT INTO public.recurso(id, tipo, enlace, vocablo_id)
      VALUES (836, 'image', '/assets/images/uniforme.png', 418);

    INSERT INTO public.recurso(id, tipo, enlace, vocablo_id)
      VALUES (837, 'video', '', 418);
    
    INSERT INTO public.vocablo(id, palabra, tema_id)
      VALUES (419, 'Zapato deportivo', 26);
    
    INSERT INTO public.recurso(id, tipo, enlace, vocablo_id)
      VALUES (838, 'image', '/assets/images/zapato-deportivo.png', 419);

    INSERT INTO public.recurso(id, tipo, enlace, vocablo_id)
      VALUES (839, 'video', '', 419);
    
    INSERT INTO public.vocablo(id, palabra, tema_id)
      VALUES (420, 'Bandera de merida', 27);
    
    INSERT INTO public.recurso(id, tipo, enlace, vocablo_id)
      VALUES (840, 'image', '/assets/images/bandera-de-merida.png', 420);

    INSERT INTO public.recurso(id, tipo, enlace, vocablo_id)
      VALUES (841, 'video', 'https://youtube.com/watch?v=Vl-0QBquf-o', 420);
    
    INSERT INTO public.vocablo(id, palabra, tema_id)
      VALUES (421, 'Frailejon', 27);
    
    INSERT INTO public.recurso(id, tipo, enlace, vocablo_id)
      VALUES (842, 'image', '/assets/images/frailejon.png', 421);

    INSERT INTO public.recurso(id, tipo, enlace, vocablo_id)
      VALUES (843, 'video', '', 421);
    
    INSERT INTO public.vocablo(id, palabra, tema_id)
      VALUES (422, 'Oso frontino', 27);
    
    INSERT INTO public.recurso(id, tipo, enlace, vocablo_id)
      VALUES (844, 'image', '/assets/images/oso-frontino.png', 422);

    INSERT INTO public.recurso(id, tipo, enlace, vocablo_id)
      VALUES (845, 'video', '', 422);
    
    INSERT INTO public.vocablo(id, palabra, tema_id)
      VALUES (423, 'Avioneta', 14);
    
    INSERT INTO public.recurso(id, tipo, enlace, vocablo_id)
      VALUES (846, 'image', '/assets/images/avioneta.png', 423);

    INSERT INTO public.recurso(id, tipo, enlace, vocablo_id)
      VALUES (847, 'video', 'https://youtube.com/watch?v=wc77qMQSjI8', 423);
    
    INSERT INTO public.vocablo(id, palabra, tema_id)
      VALUES (424, 'Lancha', 14);
    
    INSERT INTO public.recurso(id, tipo, enlace, vocablo_id)
      VALUES (848, 'image', '/assets/images/lancha.png', 424);

    INSERT INTO public.recurso(id, tipo, enlace, vocablo_id)
      VALUES (849, 'video', '', 424);
    
    INSERT INTO public.vocablo(id, palabra, tema_id)
      VALUES (425, 'Tren', 14);
    
    INSERT INTO public.recurso(id, tipo, enlace, vocablo_id)
      VALUES (850, 'image', '/assets/images/tren.png', 425);

    INSERT INTO public.recurso(id, tipo, enlace, vocablo_id)
      VALUES (851, 'video', 'https://www.youtube.com/watch?v=vxLuwBuTUj4', 425);
    
    INSERT INTO public.vocablo(id, palabra, tema_id)
      VALUES (426, 'Carpeta', 30);
    
    INSERT INTO public.recurso(id, tipo, enlace, vocablo_id)
      VALUES (852, 'image', '/assets/images/carpeta.png', 426);

    INSERT INTO public.recurso(id, tipo, enlace, vocablo_id)
      VALUES (853, 'video', 'https://www.youtube.com/watch?v=OY3e68wDYCk', 426);
    
    INSERT INTO public.vocablo(id, palabra, tema_id)
      VALUES (427, 'Cartuchera', 30);
    
    INSERT INTO public.recurso(id, tipo, enlace, vocablo_id)
      VALUES (854, 'image', '/assets/images/cartuchera.png', 427);

    INSERT INTO public.recurso(id, tipo, enlace, vocablo_id)
      VALUES (855, 'video', 'https://youtube.com/watch?v=2zMmSAlxcns', 427);
    
    INSERT INTO public.vocablo(id, palabra, tema_id)
      VALUES (428, 'Compas', 30);
    
    INSERT INTO public.recurso(id, tipo, enlace, vocablo_id)
      VALUES (856, 'image', '/assets/images/compas.png', 428);

    INSERT INTO public.recurso(id, tipo, enlace, vocablo_id)
      VALUES (857, 'video', 'https://youtube.com/watch?v=CGwp38lYlKc', 428);
    
    INSERT INTO public.vocablo(id, palabra, tema_id)
      VALUES (429, 'Hoja de papel', 30);
    
    INSERT INTO public.recurso(id, tipo, enlace, vocablo_id)
      VALUES (858, 'image', '/assets/images/hoja-de-papel.png', 429);

    INSERT INTO public.recurso(id, tipo, enlace, vocablo_id)
      VALUES (859, 'video', '', 429);
    
    INSERT INTO public.vocablo(id, palabra, tema_id)
      VALUES (430, 'Pincel', 30);
    
    INSERT INTO public.recurso(id, tipo, enlace, vocablo_id)
      VALUES (860, 'image', '/assets/images/pincel.png', 430);

    INSERT INTO public.recurso(id, tipo, enlace, vocablo_id)
      VALUES (861, 'video', 'https://www.youtube.com/watch?v=efBRnQSz1h4', 430);
    
    INSERT INTO public.vocablo(id, palabra, tema_id)
      VALUES (431, 'Pinturas', 30);
    
    INSERT INTO public.recurso(id, tipo, enlace, vocablo_id)
      VALUES (862, 'image', '/assets/images/pinturas.png', 431);

    INSERT INTO public.recurso(id, tipo, enlace, vocablo_id)
      VALUES (863, 'video', '', 431);
    
    INSERT INTO public.vocablo(id, palabra, tema_id)
      VALUES (432, 'Tijera', 30);
    
    INSERT INTO public.recurso(id, tipo, enlace, vocablo_id)
      VALUES (864, 'image', '/assets/images/tijera.png', 432);

    INSERT INTO public.recurso(id, tipo, enlace, vocablo_id)
      VALUES (865, 'video', '', 432);
    
    INSERT INTO public.vocablo(id, palabra, tema_id)
      VALUES (433, 'Tirro', 30);
    
    INSERT INTO public.recurso(id, tipo, enlace, vocablo_id)
      VALUES (866, 'image', '/assets/images/tirro.png', 433);

    INSERT INTO public.recurso(id, tipo, enlace, vocablo_id)
      VALUES (867, 'video', '', 433);
    
    INSERT INTO public.vocablo(id, palabra, tema_id)
      VALUES (434, 'Aji', 31);
    
    INSERT INTO public.recurso(id, tipo, enlace, vocablo_id)
      VALUES (868, 'image', '/assets/images/aji.png', 434);

    INSERT INTO public.recurso(id, tipo, enlace, vocablo_id)
      VALUES (869, 'video', 'https://www.youtube.com/watch?v=BNVn5OeWDVs', 434);
    
    INSERT INTO public.vocablo(id, palabra, tema_id)
      VALUES (435, 'Ajo', 31);
    
    INSERT INTO public.recurso(id, tipo, enlace, vocablo_id)
      VALUES (870, 'image', '/assets/images/ajo.png', 435);

    INSERT INTO public.recurso(id, tipo, enlace, vocablo_id)
      VALUES (871, 'video', 'https://www.youtube.com/watch?v=gF72VkQfquw', 435);
    
    INSERT INTO public.vocablo(id, palabra, tema_id)
      VALUES (436, 'Cebollin', 31);
    
    INSERT INTO public.recurso(id, tipo, enlace, vocablo_id)
      VALUES (872, 'image', '/assets/images/cebollin.png', 436);

    INSERT INTO public.recurso(id, tipo, enlace, vocablo_id)
      VALUES (873, 'video', 'https://www.youtube.com/watch?v=KxKEGfjBf24', 436);
    
    INSERT INTO public.vocablo(id, palabra, tema_id)
      VALUES (437, 'Lechuga', 31);
    
    INSERT INTO public.recurso(id, tipo, enlace, vocablo_id)
      VALUES (874, 'image', '/assets/images/lechuga.png', 437);

    INSERT INTO public.recurso(id, tipo, enlace, vocablo_id)
      VALUES (875, 'video', 'https://www.youtube.com/watch?v=kdkgPl-C108', 437);
    
    INSERT INTO public.vocablo(id, palabra, tema_id)
      VALUES (438, 'Pimenton', 31);
    
    INSERT INTO public.recurso(id, tipo, enlace, vocablo_id)
      VALUES (876, 'image', '/assets/images/pimenton.png', 438);

    INSERT INTO public.recurso(id, tipo, enlace, vocablo_id)
      VALUES (877, 'video', 'https://www.youtube.com/watch?v=L9uUVAcF2mU', 438);
    
    INSERT INTO public.vocablo(id, palabra, tema_id)
      VALUES (439, 'Repollo', 31);
    
    INSERT INTO public.recurso(id, tipo, enlace, vocablo_id)
      VALUES (878, 'image', '/assets/images/repollo.png', 439);

    INSERT INTO public.recurso(id, tipo, enlace, vocablo_id)
      VALUES (879, 'video', 'https://www.youtube.com/watch?v=V0xqP1ry6Cg', 439);
    
    INSERT INTO public.vocablo(id, palabra, tema_id)
      VALUES (440, 'Pino', 2);
    
    INSERT INTO public.recurso(id, tipo, enlace, vocablo_id)
      VALUES (880, 'image', '/assets/images/pino.png', 440);

    INSERT INTO public.recurso(id, tipo, enlace, vocablo_id)
      VALUES (881, 'video', '', 440);
    
    INSERT INTO public.vocablo(id, palabra, tema_id)
      VALUES (441, 'Bambú', 2);
    
    INSERT INTO public.recurso(id, tipo, enlace, vocablo_id)
      VALUES (882, 'image', '/assets/images/bambu.png', 441);

    INSERT INTO public.recurso(id, tipo, enlace, vocablo_id)
      VALUES (883, 'video', '', 441);
    
    INSERT INTO public.vocablo(id, palabra, tema_id)
      VALUES (442, 'Pabellón', 0);
    
    INSERT INTO public.recurso(id, tipo, enlace, vocablo_id)
      VALUES (884, 'image', '/assets/images/pabellon.png', 442);

    INSERT INTO public.recurso(id, tipo, enlace, vocablo_id)
      VALUES (885, 'video', '', 442);
    
    INSERT INTO public.vocablo(id, palabra, tema_id)
      VALUES (443, 'Hervido', 0);
    
    INSERT INTO public.recurso(id, tipo, enlace, vocablo_id)
      VALUES (886, 'image', '/assets/images/hervido.png', 443);

    INSERT INTO public.recurso(id, tipo, enlace, vocablo_id)
      VALUES (887, 'video', '', 443);
    
    INSERT INTO public.vocablo(id, palabra, tema_id)
      VALUES (444, 'Parilla', 0);
    
    INSERT INTO public.recurso(id, tipo, enlace, vocablo_id)
      VALUES (888, 'image', '/assets/images/parilla.png', 444);

    INSERT INTO public.recurso(id, tipo, enlace, vocablo_id)
      VALUES (889, 'video', '', 444);
    
    INSERT INTO public.vocablo(id, palabra, tema_id)
      VALUES (445, 'Hayaca', 0);
    
    INSERT INTO public.recurso(id, tipo, enlace, vocablo_id)
      VALUES (890, 'image', '/assets/images/hayaca.png', 445);

    INSERT INTO public.recurso(id, tipo, enlace, vocablo_id)
      VALUES (891, 'video', '', 445);
    
    INSERT INTO public.vocablo(id, palabra, tema_id)
      VALUES (446, 'Casabe', 0);
    
    INSERT INTO public.recurso(id, tipo, enlace, vocablo_id)
      VALUES (892, 'image', '/assets/images/casabe.png', 446);

    INSERT INTO public.recurso(id, tipo, enlace, vocablo_id)
      VALUES (893, 'video', '', 446);
    
    INSERT INTO public.vocablo(id, palabra, tema_id)
      VALUES (447, 'Granos', 0);
    
    INSERT INTO public.recurso(id, tipo, enlace, vocablo_id)
      VALUES (894, 'image', '/assets/images/granos.png', 447);

    INSERT INTO public.recurso(id, tipo, enlace, vocablo_id)
      VALUES (895, 'video', '', 447);
    
    INSERT INTO public.vocablo(id, palabra, tema_id)
      VALUES (448, 'Tiburón', 1);
    
    INSERT INTO public.recurso(id, tipo, enlace, vocablo_id)
      VALUES (896, 'image', '/assets/images/tiburon.png', 448);

    INSERT INTO public.recurso(id, tipo, enlace, vocablo_id)
      VALUES (897, 'video', 'https://www.youtube.com/watch?v=Bfe4O17BI40', 448);
    
    INSERT INTO public.vocablo(id, palabra, tema_id)
      VALUES (449, 'Cocodrilo', 1);
    
    INSERT INTO public.recurso(id, tipo, enlace, vocablo_id)
      VALUES (898, 'image', '/assets/images/cocodrilo.png', 449);

    INSERT INTO public.recurso(id, tipo, enlace, vocablo_id)
      VALUES (899, 'video', 'https://www.youtube.com/watch?v=j000p97m_xs', 449);
    
    INSERT INTO public.vocablo(id, palabra, tema_id)
      VALUES (450, 'IguaLeónna', 1);
    
    INSERT INTO public.recurso(id, tipo, enlace, vocablo_id)
      VALUES (900, 'image', '/assets/images/iguana.png', 450);

    INSERT INTO public.recurso(id, tipo, enlace, vocablo_id)
      VALUES (901, 'video', '', 450);
    
    INSERT INTO public.vocablo(id, palabra, tema_id)
      VALUES (451, 'Hipopótamo', 1);
    
    INSERT INTO public.recurso(id, tipo, enlace, vocablo_id)
      VALUES (902, 'image', '/assets/images/hipopotamo.png', 451);

    INSERT INTO public.recurso(id, tipo, enlace, vocablo_id)
      VALUES (903, 'video', 'https://www.youtube.com/watch?v=S25eupTMqiE', 451);
    
    INSERT INTO public.vocablo(id, palabra, tema_id)
      VALUES (452, 'Chiguire', 1);
    
    INSERT INTO public.recurso(id, tipo, enlace, vocablo_id)
      VALUES (904, 'image', '/assets/images/chiguire.png', 452);

    INSERT INTO public.recurso(id, tipo, enlace, vocablo_id)
      VALUES (905, 'video', '', 452);
    
    INSERT INTO public.vocablo(id, palabra, tema_id)
      VALUES (453, 'Tucán', 1);
    
    INSERT INTO public.recurso(id, tipo, enlace, vocablo_id)
      VALUES (906, 'image', '/assets/images/tucan.png', 453);

    INSERT INTO public.recurso(id, tipo, enlace, vocablo_id)
      VALUES (907, 'video', '', 453);
    
    INSERT INTO public.vocablo(id, palabra, tema_id)
      VALUES (454, 'Araña', 1);
    
    INSERT INTO public.recurso(id, tipo, enlace, vocablo_id)
      VALUES (908, 'image', '/assets/images/arana.png', 454);

    INSERT INTO public.recurso(id, tipo, enlace, vocablo_id)
      VALUES (909, 'video', 'https://youtube.com/watch?v=nasoAmq1tgY', 454);
    
    INSERT INTO public.vocablo(id, palabra, tema_id)
      VALUES (455, 'Tortuga', 1);
    
    INSERT INTO public.recurso(id, tipo, enlace, vocablo_id)
      VALUES (910, 'image', '/assets/images/tortuga.png', 455);

    INSERT INTO public.recurso(id, tipo, enlace, vocablo_id)
      VALUES (911, 'video', 'https://www.youtube.com/watch?v=mLNyC_a5siM', 455);
    
    INSERT INTO public.vocablo(id, palabra, tema_id)
      VALUES (456, 'Hormiga', 1);
    
    INSERT INTO public.recurso(id, tipo, enlace, vocablo_id)
      VALUES (912, 'image', '/assets/images/hormiga.png', 456);

    INSERT INTO public.recurso(id, tipo, enlace, vocablo_id)
      VALUES (913, 'video', '', 456);
    
    INSERT INTO public.vocablo(id, palabra, tema_id)
      VALUES (457, 'Tigre', 1);
    
    INSERT INTO public.recurso(id, tipo, enlace, vocablo_id)
      VALUES (914, 'image', '/assets/images/tigre.png', 457);

    INSERT INTO public.recurso(id, tipo, enlace, vocablo_id)
      VALUES (915, 'video', 'https://www.youtube.com/watch?v=3Ddm7uVv-Eo', 457);
    
    INSERT INTO public.vocablo(id, palabra, tema_id)
      VALUES (458, 'Pupura', 4);
    
    INSERT INTO public.recurso(id, tipo, enlace, vocablo_id)
      VALUES (916, 'image', '/assets/images/pupura.png', 458);

    INSERT INTO public.recurso(id, tipo, enlace, vocablo_id)
      VALUES (917, 'video', '', 458);
    
    INSERT INTO public.vocablo(id, palabra, tema_id)
      VALUES (459, 'Violeta', 4);
    
    INSERT INTO public.recurso(id, tipo, enlace, vocablo_id)
      VALUES (918, 'image', '/assets/images/violeta.png', 459);

    INSERT INTO public.recurso(id, tipo, enlace, vocablo_id)
      VALUES (919, 'video', '', 459);
    
    INSERT INTO public.vocablo(id, palabra, tema_id)
      VALUES (460, 'Marfil', 4);
    
    INSERT INTO public.recurso(id, tipo, enlace, vocablo_id)
      VALUES (920, 'image', '/assets/images/marfil.png', 460);

    INSERT INTO public.recurso(id, tipo, enlace, vocablo_id)
      VALUES (921, 'video', '', 460);
    
    INSERT INTO public.vocablo(id, palabra, tema_id)
      VALUES (461, 'Cobre', 4);
    
    INSERT INTO public.recurso(id, tipo, enlace, vocablo_id)
      VALUES (922, 'image', '/assets/images/cobre.png', 461);

    INSERT INTO public.recurso(id, tipo, enlace, vocablo_id)
      VALUES (923, 'video', '', 461);
    
    INSERT INTO public.vocablo(id, palabra, tema_id)
      VALUES (462, 'Bronce', 4);
    
    INSERT INTO public.recurso(id, tipo, enlace, vocablo_id)
      VALUES (924, 'image', '/assets/images/bronce.png', 462);

    INSERT INTO public.recurso(id, tipo, enlace, vocablo_id)
      VALUES (925, 'video', '', 462);
    
    INSERT INTO public.vocablo(id, palabra, tema_id)
      VALUES (463, 'Piel', 4);
    
    INSERT INTO public.recurso(id, tipo, enlace, vocablo_id)
      VALUES (926, 'image', '/assets/images/piel.png', 463);

    INSERT INTO public.recurso(id, tipo, enlace, vocablo_id)
      VALUES (927, 'video', '', 463);
    
    INSERT INTO public.vocablo(id, palabra, tema_id)
      VALUES (464, 'Lila', 4);
    
    INSERT INTO public.recurso(id, tipo, enlace, vocablo_id)
      VALUES (928, 'image', '/assets/images/lila.png', 464);

    INSERT INTO public.recurso(id, tipo, enlace, vocablo_id)
      VALUES (929, 'video', '', 464);
    
    INSERT INTO public.vocablo(id, palabra, tema_id)
      VALUES (465, 'Arroz con leche', 6);
    
    INSERT INTO public.recurso(id, tipo, enlace, vocablo_id)
      VALUES (930, 'image', '/assets/images/arroz-con-leche.png', 465);

    INSERT INTO public.recurso(id, tipo, enlace, vocablo_id)
      VALUES (931, 'video', 'https://youtube.com/watch?v=TcfkPjs79uQ', 465);
    
    INSERT INTO public.vocablo(id, palabra, tema_id)
      VALUES (466, 'Quesillo', 6);
    
    INSERT INTO public.recurso(id, tipo, enlace, vocablo_id)
      VALUES (932, 'image', '/assets/images/quesillo.png', 466);

    INSERT INTO public.recurso(id, tipo, enlace, vocablo_id)
      VALUES (933, 'video', '', 466);
    
    INSERT INTO public.vocablo(id, palabra, tema_id)
      VALUES (467, 'Refrezco', 6);
    
    INSERT INTO public.recurso(id, tipo, enlace, vocablo_id)
      VALUES (934, 'image', '/assets/images/refrezco.png', 467);

    INSERT INTO public.recurso(id, tipo, enlace, vocablo_id)
      VALUES (935, 'video', '', 467);
    
    INSERT INTO public.vocablo(id, palabra, tema_id)
      VALUES (468, 'Tizana', 6);
    
    INSERT INTO public.recurso(id, tipo, enlace, vocablo_id)
      VALUES (936, 'image', '/assets/images/tizana.png', 468);

    INSERT INTO public.recurso(id, tipo, enlace, vocablo_id)
      VALUES (937, 'video', '', 468);
    
    INSERT INTO public.vocablo(id, palabra, tema_id)
      VALUES (469, 'Caramelo', 6);
    
    INSERT INTO public.recurso(id, tipo, enlace, vocablo_id)
      VALUES (938, 'image', '/assets/images/caramelo.png', 469);

    INSERT INTO public.recurso(id, tipo, enlace, vocablo_id)
      VALUES (939, 'video', '', 469);
    
    INSERT INTO public.vocablo(id, palabra, tema_id)
      VALUES (470, 'Chupeta', 6);
    
    INSERT INTO public.recurso(id, tipo, enlace, vocablo_id)
      VALUES (940, 'image', '/assets/images/chupeta.png', 470);

    INSERT INTO public.recurso(id, tipo, enlace, vocablo_id)
      VALUES (941, 'video', 'https://youtube.com/watch?v=toQZWKmUZhI', 470);
    
    INSERT INTO public.vocablo(id, palabra, tema_id)
      VALUES (471, 'Chicle', 6);
    
    INSERT INTO public.recurso(id, tipo, enlace, vocablo_id)
      VALUES (942, 'image', '/assets/images/chicle.png', 471);

    INSERT INTO public.recurso(id, tipo, enlace, vocablo_id)
      VALUES (943, 'video', '', 471);
    
    INSERT INTO public.vocablo(id, palabra, tema_id)
      VALUES (472, 'Ébola', 7);
    
    INSERT INTO public.recurso(id, tipo, enlace, vocablo_id)
      VALUES (944, 'image', '/assets/images/ebola.png', 472);

    INSERT INTO public.recurso(id, tipo, enlace, vocablo_id)
      VALUES (945, 'video', '', 472);
    
    INSERT INTO public.vocablo(id, palabra, tema_id)
      VALUES (473, 'Lechina', 7);
    
    INSERT INTO public.recurso(id, tipo, enlace, vocablo_id)
      VALUES (946, 'image', '/assets/images/lechina.png', 473);

    INSERT INTO public.recurso(id, tipo, enlace, vocablo_id)
      VALUES (947, 'video', '', 473);
    
    INSERT INTO public.vocablo(id, palabra, tema_id)
      VALUES (474, 'Diabetes', 7);
    
    INSERT INTO public.recurso(id, tipo, enlace, vocablo_id)
      VALUES (948, 'image', '/assets/images/diabetes.png', 474);

    INSERT INTO public.recurso(id, tipo, enlace, vocablo_id)
      VALUES (949, 'video', 'https://youtube.com/watch?v=qbgCTBoZzkw', 474);
    
    INSERT INTO public.vocablo(id, palabra, tema_id)
      VALUES (475, 'Sarampión', 7);
    
    INSERT INTO public.recurso(id, tipo, enlace, vocablo_id)
      VALUES (950, 'image', '/assets/images/sarampion.png', 475);

    INSERT INTO public.recurso(id, tipo, enlace, vocablo_id)
      VALUES (951, 'video', '', 475);
    
    INSERT INTO public.vocablo(id, palabra, tema_id)
      VALUES (476, 'Guanabana', 9);
    
    INSERT INTO public.recurso(id, tipo, enlace, vocablo_id)
      VALUES (952, 'image', '/assets/images/guanabana.png', 476);

    INSERT INTO public.recurso(id, tipo, enlace, vocablo_id)
      VALUES (953, 'video', 'https://www.youtube.com/watch?v=dzRC6cV5io4', 476);
    
    INSERT INTO public.vocablo(id, palabra, tema_id)
      VALUES (477, 'Mandarina', 9);
    
    INSERT INTO public.recurso(id, tipo, enlace, vocablo_id)
      VALUES (954, 'image', '/assets/images/mandarina.png', 477);

    INSERT INTO public.recurso(id, tipo, enlace, vocablo_id)
      VALUES (955, 'video', 'https://www.youtube.com/watch?v=OBjzZ0vn7K8', 477);
    
    INSERT INTO public.vocablo(id, palabra, tema_id)
      VALUES (478, 'Higo', 9);
    
    INSERT INTO public.recurso(id, tipo, enlace, vocablo_id)
      VALUES (956, 'image', '/assets/images/higo.png', 478);

    INSERT INTO public.recurso(id, tipo, enlace, vocablo_id)
      VALUES (957, 'video', 'https://www.youtube.com/watch?v=j18ZG1t-Gf0', 478);
    
    INSERT INTO public.vocablo(id, palabra, tema_id)
      VALUES (479, 'Atletismo', 11);
    
    INSERT INTO public.recurso(id, tipo, enlace, vocablo_id)
      VALUES (958, 'image', '/assets/images/atletismo.png', 479);

    INSERT INTO public.recurso(id, tipo, enlace, vocablo_id)
      VALUES (959, 'video', '', 479);
    
    INSERT INTO public.vocablo(id, palabra, tema_id)
      VALUES (480, 'Baloncesto', 11);
    
    INSERT INTO public.recurso(id, tipo, enlace, vocablo_id)
      VALUES (960, 'image', '/assets/images/baloncesto.png', 480);

    INSERT INTO public.recurso(id, tipo, enlace, vocablo_id)
      VALUES (961, 'video', '', 480);
    
    INSERT INTO public.vocablo(id, palabra, tema_id)
      VALUES (481, 'Voliebol', 11);
    
    INSERT INTO public.recurso(id, tipo, enlace, vocablo_id)
      VALUES (962, 'image', '/assets/images/voliebol.png', 481);

    INSERT INTO public.recurso(id, tipo, enlace, vocablo_id)
      VALUES (963, 'video', '', 481);
    
    INSERT INTO public.vocablo(id, palabra, tema_id)
      VALUES (482, 'Ciclismo', 11);
    
    INSERT INTO public.recurso(id, tipo, enlace, vocablo_id)
      VALUES (964, 'image', '/assets/images/ciclismo.png', 482);

    INSERT INTO public.recurso(id, tipo, enlace, vocablo_id)
      VALUES (965, 'video', '', 482);
    
    INSERT INTO public.vocablo(id, palabra, tema_id)
      VALUES (483, 'Museo', 12);
    
    INSERT INTO public.recurso(id, tipo, enlace, vocablo_id)
      VALUES (966, 'image', '/assets/images/museo.png', 483);

    INSERT INTO public.recurso(id, tipo, enlace, vocablo_id)
      VALUES (967, 'video', '', 483);
    
    INSERT INTO public.vocablo(id, palabra, tema_id)
      VALUES (484, 'Edificio', 12);
    
    INSERT INTO public.recurso(id, tipo, enlace, vocablo_id)
      VALUES (968, 'image', '/assets/images/edificio.png', 484);

    INSERT INTO public.recurso(id, tipo, enlace, vocablo_id)
      VALUES (969, 'video', 'https://youtube.com/watch?v=6RVNi1aEQAY', 484);
    
    INSERT INTO public.vocablo(id, palabra, tema_id)
      VALUES (485, 'Pasillo', 12);
    
    INSERT INTO public.recurso(id, tipo, enlace, vocablo_id)
      VALUES (970, 'image', '/assets/images/pasillo.png', 485);

    INSERT INTO public.recurso(id, tipo, enlace, vocablo_id)
      VALUES (971, 'video', '', 485);
    
    INSERT INTO public.vocablo(id, palabra, tema_id)
      VALUES (486, 'Gradas', 12);
    
    INSERT INTO public.recurso(id, tipo, enlace, vocablo_id)
      VALUES (972, 'image', '/assets/images/gradas.png', 486);

    INSERT INTO public.recurso(id, tipo, enlace, vocablo_id)
      VALUES (973, 'video', '', 486);
    
    INSERT INTO public.vocablo(id, palabra, tema_id)
      VALUES (487, 'Estacionamiento', 12);
    
    INSERT INTO public.recurso(id, tipo, enlace, vocablo_id)
      VALUES (974, 'image', '/assets/images/estacionamiento.png', 487);

    INSERT INTO public.recurso(id, tipo, enlace, vocablo_id)
      VALUES (975, 'video', 'https://youtube.com/watch?v=gRNdKNZhMN0', 487);
    
    INSERT INTO public.vocablo(id, palabra, tema_id)
      VALUES (488, 'Vivienda', 12);
    
    INSERT INTO public.recurso(id, tipo, enlace, vocablo_id)
      VALUES (976, 'image', '/assets/images/vivienda.png', 488);

    INSERT INTO public.recurso(id, tipo, enlace, vocablo_id)
      VALUES (977, 'video', '', 488);
    
    INSERT INTO public.vocablo(id, palabra, tema_id)
      VALUES (489, 'Choza', 12);
    
    INSERT INTO public.recurso(id, tipo, enlace, vocablo_id)
      VALUES (978, 'image', '/assets/images/choza.png', 489);

    INSERT INTO public.recurso(id, tipo, enlace, vocablo_id)
      VALUES (979, 'video', 'https://youtube.com/watch?v=WCcsydWoqg8', 489);
    
    INSERT INTO public.vocablo(id, palabra, tema_id)
      VALUES (490, 'Shabono', 12);
    
    INSERT INTO public.recurso(id, tipo, enlace, vocablo_id)
      VALUES (980, 'image', '/assets/images/shabono.png', 490);

    INSERT INTO public.recurso(id, tipo, enlace, vocablo_id)
      VALUES (981, 'video', '', 490);
    
    INSERT INTO public.vocablo(id, palabra, tema_id)
      VALUES (491, 'Los Aleros', 13);
    
    INSERT INTO public.recurso(id, tipo, enlace, vocablo_id)
      VALUES (982, 'image', '/assets/images/los-aleros.png', 491);

    INSERT INTO public.recurso(id, tipo, enlace, vocablo_id)
      VALUES (983, 'video', '', 491);
    
    INSERT INTO public.vocablo(id, palabra, tema_id)
      VALUES (492, 'La Culáta', 13);
    
    INSERT INTO public.recurso(id, tipo, enlace, vocablo_id)
      VALUES (984, 'image', '/assets/images/la-culata.png', 492);

    INSERT INTO public.recurso(id, tipo, enlace, vocablo_id)
      VALUES (985, 'video', '', 492);
    
    INSERT INTO public.vocablo(id, palabra, tema_id)
      VALUES (493, 'Páramo', 13);
    
    INSERT INTO public.recurso(id, tipo, enlace, vocablo_id)
      VALUES (986, 'image', '/assets/images/paramo.png', 493);

    INSERT INTO public.recurso(id, tipo, enlace, vocablo_id)
      VALUES (987, 'video', '', 493);
    
    INSERT INTO public.vocablo(id, palabra, tema_id)
      VALUES (494, 'Venezuela de Antier', 13);
    
    INSERT INTO public.recurso(id, tipo, enlace, vocablo_id)
      VALUES (988, 'image', '/assets/images/venezuela-de-antier.png', 494);

    INSERT INTO public.recurso(id, tipo, enlace, vocablo_id)
      VALUES (989, 'video', '', 494);
    
    INSERT INTO public.vocablo(id, palabra, tema_id)
      VALUES (495, 'Metrobus', 14);
    
    INSERT INTO public.recurso(id, tipo, enlace, vocablo_id)
      VALUES (990, 'image', '/assets/images/metrobus.png', 495);

    INSERT INTO public.recurso(id, tipo, enlace, vocablo_id)
      VALUES (991, 'video', '', 495);
    
    INSERT INTO public.vocablo(id, palabra, tema_id)
      VALUES (496, 'Metro', 14);
    
    INSERT INTO public.recurso(id, tipo, enlace, vocablo_id)
      VALUES (992, 'image', '/assets/images/metro.png', 496);

    INSERT INTO public.recurso(id, tipo, enlace, vocablo_id)
      VALUES (993, 'video', '', 496);
    
    INSERT INTO public.vocablo(id, palabra, tema_id)
      VALUES (497, 'Ferry', 14);
    
    INSERT INTO public.recurso(id, tipo, enlace, vocablo_id)
      VALUES (994, 'image', '/assets/images/ferry.png', 497);

    INSERT INTO public.recurso(id, tipo, enlace, vocablo_id)
      VALUES (995, 'video', 'https://youtube.com/watch?v=f2M3IzgRFm0', 497);
    
    INSERT INTO public.vocablo(id, palabra, tema_id)
      VALUES (498, 'Submarino', 14);
    
    INSERT INTO public.recurso(id, tipo, enlace, vocablo_id)
      VALUES (996, 'image', '/assets/images/submarino.png', 498);

    INSERT INTO public.recurso(id, tipo, enlace, vocablo_id)
      VALUES (997, 'video', '', 498);
    
    INSERT INTO public.vocablo(id, palabra, tema_id)
      VALUES (499, 'Teleférico', 14);
    
    INSERT INTO public.recurso(id, tipo, enlace, vocablo_id)
      VALUES (998, 'image', '/assets/images/teleferico.png', 499);

    INSERT INTO public.recurso(id, tipo, enlace, vocablo_id)
      VALUES (999, 'video', 'https://www.youtube.com/watch?v=gt5QlqYE9m0', 499);
    
    INSERT INTO public.vocablo(id, palabra, tema_id)
      VALUES (500, 'Aspiradora', 21);
    
    INSERT INTO public.recurso(id, tipo, enlace, vocablo_id)
      VALUES (1000, 'image', '/assets/images/aspiradora.png', 500);

    INSERT INTO public.recurso(id, tipo, enlace, vocablo_id)
      VALUES (1001, 'video', 'https://youtube.com/watch?v=YBVqla606Fo', 500);
    
    INSERT INTO public.vocablo(id, palabra, tema_id)
      VALUES (501, 'Pulidora', 21);
    
    INSERT INTO public.recurso(id, tipo, enlace, vocablo_id)
      VALUES (1002, 'image', '/assets/images/pulidora.png', 501);

    INSERT INTO public.recurso(id, tipo, enlace, vocablo_id)
      VALUES (1003, 'video', '', 501);
    
    INSERT INTO public.vocablo(id, palabra, tema_id)
      VALUES (502, 'Tablet', 21);
    
    INSERT INTO public.recurso(id, tipo, enlace, vocablo_id)
      VALUES (1004, 'image', '/assets/images/tablet.png', 502);

    INSERT INTO public.recurso(id, tipo, enlace, vocablo_id)
      VALUES (1005, 'video', '', 502);
    
    INSERT INTO public.vocablo(id, palabra, tema_id)
      VALUES (503, 'Laptop', 21);
    
    INSERT INTO public.recurso(id, tipo, enlace, vocablo_id)
      VALUES (1006, 'image', '/assets/images/laptop.png', 503);

    INSERT INTO public.recurso(id, tipo, enlace, vocablo_id)
      VALUES (1007, 'video', '', 503);
    
    INSERT INTO public.vocablo(id, palabra, tema_id)
      VALUES (504, 'Arquitecto', 22);
    
    INSERT INTO public.recurso(id, tipo, enlace, vocablo_id)
      VALUES (1008, 'image', '/assets/images/arquitecto.png', 504);

    INSERT INTO public.recurso(id, tipo, enlace, vocablo_id)
      VALUES (1009, 'video', 'https://youtube.com/watch?v=Gv9vsbFaKvo', 504);
    
    INSERT INTO public.vocablo(id, palabra, tema_id)
      VALUES (505, 'Ingeniero', 22);
    
    INSERT INTO public.recurso(id, tipo, enlace, vocablo_id)
      VALUES (1010, 'image', '/assets/images/ingeniero.png', 505);

    INSERT INTO public.recurso(id, tipo, enlace, vocablo_id)
      VALUES (1011, 'video', '', 505);
    
    INSERT INTO public.vocablo(id, palabra, tema_id)
      VALUES (506, 'Abogado', 22);
    
    INSERT INTO public.recurso(id, tipo, enlace, vocablo_id)
      VALUES (1012, 'image', '/assets/images/abogado.png', 506);

    INSERT INTO public.recurso(id, tipo, enlace, vocablo_id)
      VALUES (1013, 'video', 'https://youtube.com/watch?v=_xOXTKdW3YI', 506);
    
    INSERT INTO public.vocablo(id, palabra, tema_id)
      VALUES (507, 'Labios', 23);
    
    INSERT INTO public.recurso(id, tipo, enlace, vocablo_id)
      VALUES (1014, 'image', '/assets/images/labios.png', 507);

    INSERT INTO public.recurso(id, tipo, enlace, vocablo_id)
      VALUES (1015, 'video', '', 507);
    
    INSERT INTO public.vocablo(id, palabra, tema_id)
      VALUES (508, 'Tronco', 23);
    
    INSERT INTO public.recurso(id, tipo, enlace, vocablo_id)
      VALUES (1016, 'image', '/assets/images/tronco.png', 508);

    INSERT INTO public.recurso(id, tipo, enlace, vocablo_id)
      VALUES (1017, 'video', '', 508);
    
    INSERT INTO public.vocablo(id, palabra, tema_id)
      VALUES (509, 'Tobillo', 23);
    
    INSERT INTO public.recurso(id, tipo, enlace, vocablo_id)
      VALUES (1018, 'image', '/assets/images/tobillo.png', 509);

    INSERT INTO public.recurso(id, tipo, enlace, vocablo_id)
      VALUES (1019, 'video', '', 509);
    
    INSERT INTO public.vocablo(id, palabra, tema_id)
      VALUES (510, 'Mejilla', 23);
    
    INSERT INTO public.recurso(id, tipo, enlace, vocablo_id)
      VALUES (1020, 'image', '/assets/images/mejilla.png', 510);

    INSERT INTO public.recurso(id, tipo, enlace, vocablo_id)
      VALUES (1021, 'video', '', 510);
    
    INSERT INTO public.vocablo(id, palabra, tema_id)
      VALUES (511, 'Parpados', 23);
    
    INSERT INTO public.recurso(id, tipo, enlace, vocablo_id)
      VALUES (1022, 'image', '/assets/images/parpados.png', 511);

    INSERT INTO public.recurso(id, tipo, enlace, vocablo_id)
      VALUES (1023, 'video', '', 511);
    
    INSERT INTO public.vocablo(id, palabra, tema_id)
      VALUES (512, 'Axila', 23);
    
    INSERT INTO public.recurso(id, tipo, enlace, vocablo_id)
      VALUES (1024, 'image', '/assets/images/axila.png', 512);

    INSERT INTO public.recurso(id, tipo, enlace, vocablo_id)
      VALUES (1025, 'video', '', 512);
    
    INSERT INTO public.vocablo(id, palabra, tema_id)
      VALUES (513, 'Pulmón', 23);
    
    INSERT INTO public.recurso(id, tipo, enlace, vocablo_id)
      VALUES (1026, 'image', '/assets/images/pulmon.png', 513);

    INSERT INTO public.recurso(id, tipo, enlace, vocablo_id)
      VALUES (1027, 'video', '', 513);
    
    INSERT INTO public.vocablo(id, palabra, tema_id)
      VALUES (514, 'Riñón', 23);
    
    INSERT INTO public.recurso(id, tipo, enlace, vocablo_id)
      VALUES (1028, 'image', '/assets/images/rinon.png', 514);

    INSERT INTO public.recurso(id, tipo, enlace, vocablo_id)
      VALUES (1029, 'video', '', 514);
    
    INSERT INTO public.vocablo(id, palabra, tema_id)
      VALUES (515, 'Estomago', 23);
    
    INSERT INTO public.recurso(id, tipo, enlace, vocablo_id)
      VALUES (1030, 'image', '/assets/images/estomago.png', 515);

    INSERT INTO public.recurso(id, tipo, enlace, vocablo_id)
      VALUES (1031, 'video', '', 515);
    
    INSERT INTO public.vocablo(id, palabra, tema_id)
      VALUES (516, 'Intestino', 23);
    
    INSERT INTO public.recurso(id, tipo, enlace, vocablo_id)
      VALUES (1032, 'image', '/assets/images/intestino.png', 516);

    INSERT INTO public.recurso(id, tipo, enlace, vocablo_id)
      VALUES (1033, 'video', '', 516);
    
    INSERT INTO public.vocablo(id, palabra, tema_id)
      VALUES (517, 'Muela', 23);
    
    INSERT INTO public.recurso(id, tipo, enlace, vocablo_id)
      VALUES (1034, 'image', '/assets/images/muela.png', 517);

    INSERT INTO public.recurso(id, tipo, enlace, vocablo_id)
      VALUES (1035, 'video', '', 517);
    
    INSERT INTO public.vocablo(id, palabra, tema_id)
      VALUES (518, 'Vagina', 23);
    
    INSERT INTO public.recurso(id, tipo, enlace, vocablo_id)
      VALUES (1036, 'image', '/assets/images/vagina.png', 518);

    INSERT INTO public.recurso(id, tipo, enlace, vocablo_id)
      VALUES (1037, 'video', '', 518);
    
    INSERT INTO public.vocablo(id, palabra, tema_id)
      VALUES (519, 'Testiculos', 23);
    
    INSERT INTO public.recurso(id, tipo, enlace, vocablo_id)
      VALUES (1038, 'image', '/assets/images/testiculos.png', 519);

    INSERT INTO public.recurso(id, tipo, enlace, vocablo_id)
      VALUES (1039, 'video', '', 519);
    
    INSERT INTO public.vocablo(id, palabra, tema_id)
      VALUES (520, 'Guaicaipuro', 24);
    
    INSERT INTO public.recurso(id, tipo, enlace, vocablo_id)
      VALUES (1040, 'image', '/assets/images/guaicaipuro.png', 520);

    INSERT INTO public.recurso(id, tipo, enlace, vocablo_id)
      VALUES (1041, 'video', '', 520);
    
    INSERT INTO public.vocablo(id, palabra, tema_id)
      VALUES (521, 'Manuelita Saénz', 24);
    
    INSERT INTO public.recurso(id, tipo, enlace, vocablo_id)
      VALUES (1042, 'image', '/assets/images/manuelita-saenz.png', 521);

    INSERT INTO public.recurso(id, tipo, enlace, vocablo_id)
      VALUES (1043, 'video', '', 521);
    
    INSERT INTO public.vocablo(id, palabra, tema_id)
      VALUES (522, 'Negra Hipolita', 24);
    
    INSERT INTO public.recurso(id, tipo, enlace, vocablo_id)
      VALUES (1044, 'image', '/assets/images/negra-hipolita.png', 522);

    INSERT INTO public.recurso(id, tipo, enlace, vocablo_id)
      VALUES (1045, 'video', '', 522);
    
    INSERT INTO public.vocablo(id, palabra, tema_id)
      VALUES (523, 'Luisa Caceres de Arismendi', 24);
    
    INSERT INTO public.recurso(id, tipo, enlace, vocablo_id)
      VALUES (1046, 'image', '/assets/images/luisa-caceres-de-arismendi.png', 523);

    INSERT INTO public.recurso(id, tipo, enlace, vocablo_id)
      VALUES (1047, 'video', '', 523);
    
    INSERT INTO public.vocablo(id, palabra, tema_id)
      VALUES (524, 'Ana María Campos', 24);
    
    INSERT INTO public.recurso(id, tipo, enlace, vocablo_id)
      VALUES (1048, 'image', '/assets/images/ana-maria-campos.png', 524);

    INSERT INTO public.recurso(id, tipo, enlace, vocablo_id)
      VALUES (1049, 'video', '', 524);
    
    INSERT INTO public.vocablo(id, palabra, tema_id)
      VALUES (525, 'Mono deportivo', 26);
    
    INSERT INTO public.recurso(id, tipo, enlace, vocablo_id)
      VALUES (1050, 'image', '/assets/images/mono-deportivo.png', 525);

    INSERT INTO public.recurso(id, tipo, enlace, vocablo_id)
      VALUES (1051, 'video', '', 525);
    
    INSERT INTO public.vocablo(id, palabra, tema_id)
      VALUES (526, 'Chaqueta', 26);
    
    INSERT INTO public.recurso(id, tipo, enlace, vocablo_id)
      VALUES (1052, 'image', '/assets/images/chaqueta.png', 526);

    INSERT INTO public.recurso(id, tipo, enlace, vocablo_id)
      VALUES (1053, 'video', 'https://youtube.com/watch?v=wjuWiQSW7hQ', 526);
    
    INSERT INTO public.vocablo(id, palabra, tema_id)
      VALUES (527, 'Franelilla', 26);
    
    INSERT INTO public.recurso(id, tipo, enlace, vocablo_id)
      VALUES (1054, 'image', '/assets/images/franelilla.png', 527);

    INSERT INTO public.recurso(id, tipo, enlace, vocablo_id)
      VALUES (1055, 'video', 'https://youtube.com/watch?v=HuweLqPKjtk', 527);
    
    INSERT INTO public.vocablo(id, palabra, tema_id)
      VALUES (528, 'Bufanda', 26);
    
    INSERT INTO public.recurso(id, tipo, enlace, vocablo_id)
      VALUES (1056, 'image', '/assets/images/bufanda.png', 528);

    INSERT INTO public.recurso(id, tipo, enlace, vocablo_id)
      VALUES (1057, 'video', '', 528);
    
    INSERT INTO public.vocablo(id, palabra, tema_id)
      VALUES (529, 'Blusa', 26);
    
    INSERT INTO public.recurso(id, tipo, enlace, vocablo_id)
      VALUES (1058, 'image', '/assets/images/blusa.png', 529);

    INSERT INTO public.recurso(id, tipo, enlace, vocablo_id)
      VALUES (1059, 'video', 'https://youtube.com/watch?v=Yd70EelK488', 529);
    
    INSERT INTO public.vocablo(id, palabra, tema_id)
      VALUES (530, 'Erupción', 28);
    
    INSERT INTO public.recurso(id, tipo, enlace, vocablo_id)
      VALUES (1060, 'image', '/assets/images/erupcion.png', 530);

    INSERT INTO public.recurso(id, tipo, enlace, vocablo_id)
      VALUES (1061, 'video', '', 530);
    
    INSERT INTO public.vocablo(id, palabra, tema_id)
      VALUES (531, 'Ardor', 28);
    
    INSERT INTO public.recurso(id, tipo, enlace, vocablo_id)
      VALUES (1062, 'image', '/assets/images/ardor.png', 531);

    INSERT INTO public.recurso(id, tipo, enlace, vocablo_id)
      VALUES (1063, 'video', 'https://youtube.com/watch?v=5iXXrYaESjU', 531);
    
    INSERT INTO public.vocablo(id, palabra, tema_id)
      VALUES (532, 'Absceso', 28);
    
    INSERT INTO public.recurso(id, tipo, enlace, vocablo_id)
      VALUES (1064, 'image', '/assets/images/absceso.png', 532);

    INSERT INTO public.recurso(id, tipo, enlace, vocablo_id)
      VALUES (1065, 'video', '', 532);
    
    INSERT INTO public.vocablo(id, palabra, tema_id)
      VALUES (533, 'Cólico', 28);
    
    INSERT INTO public.recurso(id, tipo, enlace, vocablo_id)
      VALUES (1066, 'image', '/assets/images/colico.png', 533);

    INSERT INTO public.recurso(id, tipo, enlace, vocablo_id)
      VALUES (1067, 'video', '', 533);
    
    INSERT INTO public.vocablo(id, palabra, tema_id)
      VALUES (534, 'Atlas', 30);
    
    INSERT INTO public.recurso(id, tipo, enlace, vocablo_id)
      VALUES (1068, 'image', '/assets/images/atlas.png', 534);

    INSERT INTO public.recurso(id, tipo, enlace, vocablo_id)
      VALUES (1069, 'video', '', 534);
    
    INSERT INTO public.vocablo(id, palabra, tema_id)
      VALUES (535, 'Enciclopedia', 30);
    
    INSERT INTO public.recurso(id, tipo, enlace, vocablo_id)
      VALUES (1070, 'image', '/assets/images/enciclopedia.png', 535);

    INSERT INTO public.recurso(id, tipo, enlace, vocablo_id)
      VALUES (1071, 'video', '', 535);
    
    INSERT INTO public.vocablo(id, palabra, tema_id)
      VALUES (536, 'Revistas', 30);
    
    INSERT INTO public.recurso(id, tipo, enlace, vocablo_id)
      VALUES (1072, 'image', '/assets/images/revistas.png', 536);

    INSERT INTO public.recurso(id, tipo, enlace, vocablo_id)
      VALUES (1073, 'video', '', 536);
    
    INSERT INTO public.vocablo(id, palabra, tema_id)
      VALUES (537, 'Folletos', 30);
    
    INSERT INTO public.recurso(id, tipo, enlace, vocablo_id)
      VALUES (1074, 'image', '/assets/images/folletos.png', 537);

    INSERT INTO public.recurso(id, tipo, enlace, vocablo_id)
      VALUES (1075, 'video', 'https://youtube.com/watch?v=73efBK00X1o', 537);
    
    INSERT INTO public.vocablo(id, palabra, tema_id)
      VALUES (538, 'Escuadras', 30);
    
    INSERT INTO public.recurso(id, tipo, enlace, vocablo_id)
      VALUES (1076, 'image', '/assets/images/escuadras.png', 538);

    INSERT INTO public.recurso(id, tipo, enlace, vocablo_id)
      VALUES (1077, 'video', '', 538);
    
    INSERT INTO public.vocablo(id, palabra, tema_id)
      VALUES (539, 'Silicón', 30);
    
    INSERT INTO public.recurso(id, tipo, enlace, vocablo_id)
      VALUES (1078, 'image', '/assets/images/silicon.png', 539);

    INSERT INTO public.recurso(id, tipo, enlace, vocablo_id)
      VALUES (1079, 'video', '', 539);
    
    INSERT INTO public.vocablo(id, palabra, tema_id)
      VALUES (540, 'Block', 30);
    
    INSERT INTO public.recurso(id, tipo, enlace, vocablo_id)
      VALUES (1080, 'image', '/assets/images/block.png', 540);

    INSERT INTO public.recurso(id, tipo, enlace, vocablo_id)
      VALUES (1081, 'video', '', 540);
    
    INSERT INTO public.vocablo(id, palabra, tema_id)
      VALUES (541, 'Hoja de Examen', 30);
    
    INSERT INTO public.recurso(id, tipo, enlace, vocablo_id)
      VALUES (1082, 'image', '/assets/images/hoja-de-examen.png', 541);

    INSERT INTO public.recurso(id, tipo, enlace, vocablo_id)
      VALUES (1083, 'video', '', 541);
    
    INSERT INTO public.vocablo(id, palabra, tema_id)
      VALUES (542, 'Cilantro', 31);
    
    INSERT INTO public.recurso(id, tipo, enlace, vocablo_id)
      VALUES (1084, 'image', '/assets/images/cilantro.png', 542);

    INSERT INTO public.recurso(id, tipo, enlace, vocablo_id)
      VALUES (1085, 'video', 'https://www.youtube.com/watch?v=VClXRuo5aBY', 542);
    
    INSERT INTO public.vocablo(id, palabra, tema_id)
      VALUES (543, 'Yuca', 31);
    
    INSERT INTO public.recurso(id, tipo, enlace, vocablo_id)
      VALUES (1086, 'image', '/assets/images/yuca.png', 543);

    INSERT INTO public.recurso(id, tipo, enlace, vocablo_id)
      VALUES (1087, 'video', 'https://www.youtube.com/watch?v=PzSSc8u4Ab8', 543);
    
    INSERT INTO public.vocablo(id, palabra, tema_id)
      VALUES (544, 'Maíz', 31);
    
    INSERT INTO public.recurso(id, tipo, enlace, vocablo_id)
      VALUES (1088, 'image', '/assets/images/maiz.png', 544);

    INSERT INTO public.recurso(id, tipo, enlace, vocablo_id)
      VALUES (1089, 'video', 'https://www.youtube.com/watch?v=5mM--FVg0Bs', 544);
    
    INSERT INTO public.vocablo(id, palabra, tema_id)
      VALUES (545, 'Trigo', 31);
    
    INSERT INTO public.recurso(id, tipo, enlace, vocablo_id)
      VALUES (1090, 'image', '/assets/images/trigo.png', 545);

    INSERT INTO public.recurso(id, tipo, enlace, vocablo_id)
      VALUES (1091, 'video', '', 545);
    
    INSERT INTO public.vocablo(id, palabra, tema_id)
      VALUES (546, 'Perejil', 31);
    
    INSERT INTO public.recurso(id, tipo, enlace, vocablo_id)
      VALUES (1092, 'image', '/assets/images/perejil.png', 546);

    INSERT INTO public.recurso(id, tipo, enlace, vocablo_id)
      VALUES (1093, 'video', 'https://youtube.com/watch?v=KJEwfFNnLvE', 546);
    
    INSERT INTO public.vocablo(id, palabra, tema_id)
      VALUES (547, 'Calabacín', 31);
    
    INSERT INTO public.recurso(id, tipo, enlace, vocablo_id)
      VALUES (1094, 'image', '/assets/images/calabacin.png', 547);

    INSERT INTO public.recurso(id, tipo, enlace, vocablo_id)
      VALUES (1095, 'video', 'https://www.youtube.com/watch?v=2D-BMmCnNcA', 547);
    
    INSERT INTO public.vocablo(id, palabra, tema_id)
      VALUES (548, 'Pepino', 31);
    
    INSERT INTO public.recurso(id, tipo, enlace, vocablo_id)
      VALUES (1096, 'image', '/assets/images/pepino.png', 548);

    INSERT INTO public.recurso(id, tipo, enlace, vocablo_id)
      VALUES (1097, 'video', 'https://www.youtube.com/watch?v=7fhX7IRQSvg', 548);
    
    INSERT INTO public.vocablo(id, palabra, tema_id)
      VALUES (549, 'Brocoli', 31);
    
    INSERT INTO public.recurso(id, tipo, enlace, vocablo_id)
      VALUES (1098, 'image', '/assets/images/brocoli.png', 549);

    INSERT INTO public.recurso(id, tipo, enlace, vocablo_id)
      VALUES (1099, 'video', 'https://www.youtube.com/watch?v=VqTQK5SH9cw', 549);
    
    INSERT INTO public.vocablo(id, palabra, tema_id)
      VALUES (550, 'Coliflor', 31);
    
    INSERT INTO public.recurso(id, tipo, enlace, vocablo_id)
      VALUES (1100, 'image', '/assets/images/coliflor.png', 550);

    INSERT INTO public.recurso(id, tipo, enlace, vocablo_id)
      VALUES (1101, 'video', 'https://www.youtube.com/watch?v=jMoshhxea8M', 550);
    
    INSERT INTO public.vocablo(id, palabra, tema_id)
      VALUES (551, 'Apio España', 31);
    
    INSERT INTO public.recurso(id, tipo, enlace, vocablo_id)
      VALUES (1102, 'image', '/assets/images/apio-espana.png', 551);

    INSERT INTO public.recurso(id, tipo, enlace, vocablo_id)
      VALUES (1103, 'video', '', 551);
    
    INSERT INTO public.vocablo(id, palabra, tema_id)
      VALUES (552, 'Berenjena', 31);
    
    INSERT INTO public.recurso(id, tipo, enlace, vocablo_id)
      VALUES (1104, 'image', '/assets/images/berenjena.png', 552);

    INSERT INTO public.recurso(id, tipo, enlace, vocablo_id)
      VALUES (1105, 'video', 'https://www.youtube.com/watch?v=3QgC3KuAvjA', 552);
    
    INSERT INTO public.vocablo(id, palabra, tema_id)
      VALUES (553, 'Bucare', 2);
    
    INSERT INTO public.recurso(id, tipo, enlace, vocablo_id)
      VALUES (1106, 'image', '/assets/images/bucare.png', 553);

    INSERT INTO public.recurso(id, tipo, enlace, vocablo_id)
      VALUES (1107, 'video', '', 553);
    
    INSERT INTO public.vocablo(id, palabra, tema_id)
      VALUES (554, 'Coloradito', 2);
    
    INSERT INTO public.recurso(id, tipo, enlace, vocablo_id)
      VALUES (1108, 'image', '/assets/images/coloradito.png', 554);

    INSERT INTO public.recurso(id, tipo, enlace, vocablo_id)
      VALUES (1109, 'video', '', 554);
    
    INSERT INTO public.vocablo(id, palabra, tema_id)
      VALUES (555, 'Saman', 2);
    
    INSERT INTO public.recurso(id, tipo, enlace, vocablo_id)
      VALUES (1110, 'image', '/assets/images/saman.png', 555);

    INSERT INTO public.recurso(id, tipo, enlace, vocablo_id)
      VALUES (1111, 'video', '', 555);
    
    INSERT INTO public.vocablo(id, palabra, tema_id)
      VALUES (556, 'Frijoles', 0);
    
    INSERT INTO public.recurso(id, tipo, enlace, vocablo_id)
      VALUES (1112, 'image', '/assets/images/frijoles.png', 556);

    INSERT INTO public.recurso(id, tipo, enlace, vocablo_id)
      VALUES (1113, 'video', '', 556);
    
    INSERT INTO public.vocablo(id, palabra, tema_id)
      VALUES (557, 'Hallacas', 0);
    
    INSERT INTO public.recurso(id, tipo, enlace, vocablo_id)
      VALUES (1114, 'image', '/assets/images/hallacas.png', 557);

    INSERT INTO public.recurso(id, tipo, enlace, vocablo_id)
      VALUES (1115, 'video', 'https://youtube.com/watch?v=_Sf3Kumro2s', 557);
    
    INSERT INTO public.vocablo(id, palabra, tema_id)
      VALUES (558, 'Cardenal', 1);
    
    INSERT INTO public.recurso(id, tipo, enlace, vocablo_id)
      VALUES (1116, 'image', '/assets/images/cardenal.png', 558);

    INSERT INTO public.recurso(id, tipo, enlace, vocablo_id)
      VALUES (1117, 'video', '', 558);
    
    INSERT INTO public.vocablo(id, palabra, tema_id)
      VALUES (559, 'Cascabel', 1);
    
    INSERT INTO public.recurso(id, tipo, enlace, vocablo_id)
      VALUES (1118, 'image', '/assets/images/cascabel.png', 559);

    INSERT INTO public.recurso(id, tipo, enlace, vocablo_id)
      VALUES (1119, 'video', '', 559);
    
    INSERT INTO public.vocablo(id, palabra, tema_id)
      VALUES (560, 'Coral', 1);
    
    INSERT INTO public.recurso(id, tipo, enlace, vocablo_id)
      VALUES (1120, 'image', '/assets/images/coral.png', 560);

    INSERT INTO public.recurso(id, tipo, enlace, vocablo_id)
      VALUES (1121, 'video', '', 560);
    
    INSERT INTO public.vocablo(id, palabra, tema_id)
      VALUES (561, 'Gavilan', 1);
    
    INSERT INTO public.recurso(id, tipo, enlace, vocablo_id)
      VALUES (1122, 'image', '/assets/images/gavilan.png', 561);

    INSERT INTO public.recurso(id, tipo, enlace, vocablo_id)
      VALUES (1123, 'video', '', 561);
    
    INSERT INTO public.vocablo(id, palabra, tema_id)
      VALUES (562, 'Gaviota', 1);
    
    INSERT INTO public.recurso(id, tipo, enlace, vocablo_id)
      VALUES (1124, 'image', '/assets/images/gaviota.png', 562);

    INSERT INTO public.recurso(id, tipo, enlace, vocablo_id)
      VALUES (1125, 'video', '', 562);
    
    INSERT INTO public.vocablo(id, palabra, tema_id)
      VALUES (563, 'Guacamaya', 1);
    
    INSERT INTO public.recurso(id, tipo, enlace, vocablo_id)
      VALUES (1126, 'image', '/assets/images/guacamaya.png', 563);

    INSERT INTO public.recurso(id, tipo, enlace, vocablo_id)
      VALUES (1127, 'video', '', 563);
    
    INSERT INTO public.vocablo(id, palabra, tema_id)
      VALUES (564, 'Iguana', 1);
    
    INSERT INTO public.recurso(id, tipo, enlace, vocablo_id)
      VALUES (1128, 'image', '/assets/images/iguana.png', 564);

    INSERT INTO public.recurso(id, tipo, enlace, vocablo_id)
      VALUES (1129, 'video', '', 564);
    
    INSERT INTO public.vocablo(id, palabra, tema_id)
      VALUES (565, 'Mapanare', 1);
    
    INSERT INTO public.recurso(id, tipo, enlace, vocablo_id)
      VALUES (1130, 'image', '/assets/images/mapanare.png', 565);

    INSERT INTO public.recurso(id, tipo, enlace, vocablo_id)
      VALUES (1131, 'video', '', 565);
    
    INSERT INTO public.vocablo(id, palabra, tema_id)
      VALUES (566, 'Pavo real', 1);
    
    INSERT INTO public.recurso(id, tipo, enlace, vocablo_id)
      VALUES (1132, 'image', '/assets/images/pavo-real.png', 566);

    INSERT INTO public.recurso(id, tipo, enlace, vocablo_id)
      VALUES (1133, 'video', '', 566);
    
    INSERT INTO public.vocablo(id, palabra, tema_id)
      VALUES (567, 'Perico', 1);
    
    INSERT INTO public.recurso(id, tipo, enlace, vocablo_id)
      VALUES (1134, 'image', '/assets/images/perico.png', 567);

    INSERT INTO public.recurso(id, tipo, enlace, vocablo_id)
      VALUES (1135, 'video', '', 567);
    
    INSERT INTO public.vocablo(id, palabra, tema_id)
      VALUES (568, 'Zamuro', 1);
    
    INSERT INTO public.recurso(id, tipo, enlace, vocablo_id)
      VALUES (1136, 'image', '/assets/images/zamuro.png', 568);

    INSERT INTO public.recurso(id, tipo, enlace, vocablo_id)
      VALUES (1137, 'video', '', 568);
    
    INSERT INTO public.vocablo(id, palabra, tema_id)
      VALUES (569, 'Crema dental', 3);
    
    INSERT INTO public.recurso(id, tipo, enlace, vocablo_id)
      VALUES (1138, 'image', '/assets/images/crema-dental.png', 569);

    INSERT INTO public.recurso(id, tipo, enlace, vocablo_id)
      VALUES (1139, 'video', '', 569);
    
    INSERT INTO public.vocablo(id, palabra, tema_id)
      VALUES (570, 'Desodorante', 3);
    
    INSERT INTO public.recurso(id, tipo, enlace, vocablo_id)
      VALUES (1140, 'image', '/assets/images/desodorante.png', 570);

    INSERT INTO public.recurso(id, tipo, enlace, vocablo_id)
      VALUES (1141, 'video', 'https://youtube.com/watch?v=m6aUxZiL4FA', 570);
    
    INSERT INTO public.vocablo(id, palabra, tema_id)
      VALUES (571, 'Enjuague', 3);
    
    INSERT INTO public.recurso(id, tipo, enlace, vocablo_id)
      VALUES (1142, 'image', '/assets/images/enjuague.png', 571);

    INSERT INTO public.recurso(id, tipo, enlace, vocablo_id)
      VALUES (1143, 'video', 'https://youtube.com/watch?v=zQ63Y2rwF_E', 571);
    
    INSERT INTO public.vocablo(id, palabra, tema_id)
      VALUES (572, 'Talco', 3);
    
    INSERT INTO public.recurso(id, tipo, enlace, vocablo_id)
      VALUES (1144, 'image', '/assets/images/talco.png', 572);

    INSERT INTO public.recurso(id, tipo, enlace, vocablo_id)
      VALUES (1145, 'video', '', 572);
    
    INSERT INTO public.vocablo(id, palabra, tema_id)
      VALUES (573, 'Toalla sanitaria', 3);
    
    INSERT INTO public.recurso(id, tipo, enlace, vocablo_id)
      VALUES (1146, 'image', '/assets/images/toalla-sanitaria.png', 573);

    INSERT INTO public.recurso(id, tipo, enlace, vocablo_id)
      VALUES (1147, 'video', '', 573);
    
    INSERT INTO public.vocablo(id, palabra, tema_id)
      VALUES (574, 'Purpura', 4);
    
    INSERT INTO public.recurso(id, tipo, enlace, vocablo_id)
      VALUES (1148, 'image', '/assets/images/purpura.png', 574);

    INSERT INTO public.recurso(id, tipo, enlace, vocablo_id)
      VALUES (1149, 'video', '', 574);
    
    INSERT INTO public.vocablo(id, palabra, tema_id)
      VALUES (575, 'Chocolate', 6);
    
    INSERT INTO public.recurso(id, tipo, enlace, vocablo_id)
      VALUES (1150, 'image', '/assets/images/chocolate.png', 575);

    INSERT INTO public.recurso(id, tipo, enlace, vocablo_id)
      VALUES (1151, 'video', 'https://youtube.com/watch?v=nBflbOLnXJQ', 575);
    
    INSERT INTO public.vocablo(id, palabra, tema_id)
      VALUES (576, 'Cotufa', 6);
    
    INSERT INTO public.recurso(id, tipo, enlace, vocablo_id)
      VALUES (1152, 'image', '/assets/images/cotufa.png', 576);

    INSERT INTO public.recurso(id, tipo, enlace, vocablo_id)
      VALUES (1153, 'video', 'https://youtube.com/watch?v=3MANgAIZzOs', 576);
    
    INSERT INTO public.vocablo(id, palabra, tema_id)
      VALUES (577, 'Malta', 6);
    
    INSERT INTO public.recurso(id, tipo, enlace, vocablo_id)
      VALUES (1154, 'image', '/assets/images/malta.png', 577);

    INSERT INTO public.recurso(id, tipo, enlace, vocablo_id)
      VALUES (1155, 'video', '', 577);
    
    INSERT INTO public.vocablo(id, palabra, tema_id)
      VALUES (578, 'Pepito', 6);
    
    INSERT INTO public.recurso(id, tipo, enlace, vocablo_id)
      VALUES (1156, 'image', '/assets/images/pepito.png', 578);

    INSERT INTO public.recurso(id, tipo, enlace, vocablo_id)
      VALUES (1157, 'video', 'https://youtube.com/watch?v=RjyZ66Jr-Qc', 578);
    
    INSERT INTO public.vocablo(id, palabra, tema_id)
      VALUES (579, 'Cancer', 7);
    
    INSERT INTO public.recurso(id, tipo, enlace, vocablo_id)
      VALUES (1158, 'image', '/assets/images/cancer.png', 579);

    INSERT INTO public.recurso(id, tipo, enlace, vocablo_id)
      VALUES (1159, 'video', '', 579);
    
    INSERT INTO public.vocablo(id, palabra, tema_id)
      VALUES (580, 'Diabete', 7);
    
    INSERT INTO public.recurso(id, tipo, enlace, vocablo_id)
      VALUES (1160, 'image', '/assets/images/diabete.png', 580);

    INSERT INTO public.recurso(id, tipo, enlace, vocablo_id)
      VALUES (1161, 'video', '', 580);
    
    INSERT INTO public.vocablo(id, palabra, tema_id)
      VALUES (581, 'Gonorrea', 7);
    
    INSERT INTO public.recurso(id, tipo, enlace, vocablo_id)
      VALUES (1162, 'image', '/assets/images/gonorrea.png', 581);

    INSERT INTO public.recurso(id, tipo, enlace, vocablo_id)
      VALUES (1163, 'video', '', 581);
    
    INSERT INTO public.vocablo(id, palabra, tema_id)
      VALUES (582, 'Herpes', 7);
    
    INSERT INTO public.recurso(id, tipo, enlace, vocablo_id)
      VALUES (1164, 'image', '/assets/images/herpes.png', 582);

    INSERT INTO public.recurso(id, tipo, enlace, vocablo_id)
      VALUES (1165, 'video', '', 582);
    
    INSERT INTO public.vocablo(id, palabra, tema_id)
      VALUES (583, 'Sida', 7);
    
    INSERT INTO public.recurso(id, tipo, enlace, vocablo_id)
      VALUES (1166, 'image', '/assets/images/sida.png', 583);

    INSERT INTO public.recurso(id, tipo, enlace, vocablo_id)
      VALUES (1167, 'video', '', 583);
    
    INSERT INTO public.vocablo(id, palabra, tema_id)
      VALUES (584, 'Sifilis', 7);
    
    INSERT INTO public.recurso(id, tipo, enlace, vocablo_id)
      VALUES (1168, 'image', '/assets/images/sifilis.png', 584);

    INSERT INTO public.recurso(id, tipo, enlace, vocablo_id)
      VALUES (1169, 'video', '', 584);
    
    INSERT INTO public.vocablo(id, palabra, tema_id)
      VALUES (585, 'VPH', 7);
    
    INSERT INTO public.recurso(id, tipo, enlace, vocablo_id)
      VALUES (1170, 'image', '/assets/images/vph.png', 585);

    INSERT INTO public.recurso(id, tipo, enlace, vocablo_id)
      VALUES (1171, 'video', '', 585);
    
    INSERT INTO public.vocablo(id, palabra, tema_id)
      VALUES (586, 'Guama', 9);
    
    INSERT INTO public.recurso(id, tipo, enlace, vocablo_id)
      VALUES (1172, 'image', '/assets/images/guama.png', 586);

    INSERT INTO public.recurso(id, tipo, enlace, vocablo_id)
      VALUES (1173, 'video', '', 586);
    
    INSERT INTO public.vocablo(id, palabra, tema_id)
      VALUES (587, 'Hicaco', 9);
    
    INSERT INTO public.recurso(id, tipo, enlace, vocablo_id)
      VALUES (1174, 'image', '/assets/images/hicaco.png', 587);

    INSERT INTO public.recurso(id, tipo, enlace, vocablo_id)
      VALUES (1175, 'video', '', 587);
    
    INSERT INTO public.vocablo(id, palabra, tema_id)
      VALUES (588, 'Nispero', 9);
    
    INSERT INTO public.recurso(id, tipo, enlace, vocablo_id)
      VALUES (1176, 'image', '/assets/images/nispero.png', 588);

    INSERT INTO public.recurso(id, tipo, enlace, vocablo_id)
      VALUES (1177, 'video', '', 588);
    
    INSERT INTO public.vocablo(id, palabra, tema_id)
      VALUES (589, 'Deportes extremos', 11);
    
    INSERT INTO public.recurso(id, tipo, enlace, vocablo_id)
      VALUES (1178, 'image', '/assets/images/deportes-extremos.png', 589);

    INSERT INTO public.recurso(id, tipo, enlace, vocablo_id)
      VALUES (1179, 'video', 'https://youtube.com/watch?v=2M-8L6DoYvY', 589);
    
    INSERT INTO public.vocablo(id, palabra, tema_id)
      VALUES (590, 'Voleibol', 11);
    
    INSERT INTO public.recurso(id, tipo, enlace, vocablo_id)
      VALUES (1180, 'image', '/assets/images/voleibol.png', 590);

    INSERT INTO public.recurso(id, tipo, enlace, vocablo_id)
      VALUES (1181, 'video', '', 590);
    
    INSERT INTO public.vocablo(id, palabra, tema_id)
      VALUES (591, 'Ambulatorio', 12);
    
    INSERT INTO public.recurso(id, tipo, enlace, vocablo_id)
      VALUES (1182, 'image', '/assets/images/ambulatorio.png', 591);

    INSERT INTO public.recurso(id, tipo, enlace, vocablo_id)
      VALUES (1183, 'video', '', 591);
    
    INSERT INTO public.vocablo(id, palabra, tema_id)
      VALUES (592, 'Apartamento', 12);
    
    INSERT INTO public.recurso(id, tipo, enlace, vocablo_id)
      VALUES (1184, 'image', '/assets/images/apartamento.png', 592);

    INSERT INTO public.recurso(id, tipo, enlace, vocablo_id)
      VALUES (1185, 'video', 'https://youtube.com/watch?v=VI_wrzojKgo', 592);
    
    INSERT INTO public.vocablo(id, palabra, tema_id)
      VALUES (593, 'Bodega', 12);
    
    INSERT INTO public.recurso(id, tipo, enlace, vocablo_id)
      VALUES (1186, 'image', '/assets/images/bodega.png', 593);

    INSERT INTO public.recurso(id, tipo, enlace, vocablo_id)
      VALUES (1187, 'video', 'https://youtube.com/watch?v=s_bTkQylKvM', 593);
    
    INSERT INTO public.vocablo(id, palabra, tema_id)
      VALUES (594, 'Centro comercial', 12);
    
    INSERT INTO public.recurso(id, tipo, enlace, vocablo_id)
      VALUES (1188, 'image', '/assets/images/centro-comercial.png', 594);

    INSERT INTO public.recurso(id, tipo, enlace, vocablo_id)
      VALUES (1189, 'video', 'https://youtube.com/watch?v=0VeHLmeBX9Y', 594);
    
    INSERT INTO public.vocablo(id, palabra, tema_id)
      VALUES (595, 'Escaleras', 12);
    
    INSERT INTO public.recurso(id, tipo, enlace, vocablo_id)
      VALUES (1190, 'image', '/assets/images/escaleras.png', 595);

    INSERT INTO public.recurso(id, tipo, enlace, vocablo_id)
      VALUES (1191, 'video', '', 595);
    
    INSERT INTO public.vocablo(id, palabra, tema_id)
      VALUES (596, 'Farmacia', 12);
    
    INSERT INTO public.recurso(id, tipo, enlace, vocablo_id)
      VALUES (1192, 'image', '/assets/images/farmacia.png', 596);

    INSERT INTO public.recurso(id, tipo, enlace, vocablo_id)
      VALUES (1193, 'video', '', 596);
    
    INSERT INTO public.vocablo(id, palabra, tema_id)
      VALUES (597, 'Iglesia', 12);
    
    INSERT INTO public.recurso(id, tipo, enlace, vocablo_id)
      VALUES (1194, 'image', '/assets/images/iglesia.png', 597);

    INSERT INTO public.recurso(id, tipo, enlace, vocablo_id)
      VALUES (1195, 'video', '', 597);
    
    INSERT INTO public.vocablo(id, palabra, tema_id)
      VALUES (598, 'Aguas termales', 13);
    
    INSERT INTO public.recurso(id, tipo, enlace, vocablo_id)
      VALUES (1196, 'image', '/assets/images/aguas-termales.png', 598);

    INSERT INTO public.recurso(id, tipo, enlace, vocablo_id)
      VALUES (1197, 'video', '', 598);
    
    INSERT INTO public.vocablo(id, palabra, tema_id)
      VALUES (599, 'Aleros', 13);
    
    INSERT INTO public.recurso(id, tipo, enlace, vocablo_id)
      VALUES (1198, 'image', '/assets/images/aleros.png', 599);

    INSERT INTO public.recurso(id, tipo, enlace, vocablo_id)
      VALUES (1199, 'video', '', 599);
    
    INSERT INTO public.vocablo(id, palabra, tema_id)
      VALUES (600, 'Estadio metropolitano', 13);
    
    INSERT INTO public.recurso(id, tipo, enlace, vocablo_id)
      VALUES (1200, 'image', '/assets/images/estadio-metropolitano.png', 600);

    INSERT INTO public.recurso(id, tipo, enlace, vocablo_id)
      VALUES (1201, 'video', 'https://youtube.com/watch?v=zP_-R_lzguw', 600);
    
    INSERT INTO public.vocablo(id, palabra, tema_id)
      VALUES (601, 'La venezuela de antier', 13);
    
    INSERT INTO public.recurso(id, tipo, enlace, vocablo_id)
      VALUES (1202, 'image', '/assets/images/la-venezuela-de-antier.png', 601);

    INSERT INTO public.recurso(id, tipo, enlace, vocablo_id)
      VALUES (1203, 'video', '', 601);
    
    INSERT INTO public.vocablo(id, palabra, tema_id)
      VALUES (602, 'Montaña de los sueños', 13);
    
    INSERT INTO public.recurso(id, tipo, enlace, vocablo_id)
      VALUES (1204, 'image', '/assets/images/montana-de-los-suenos.png', 602);

    INSERT INTO public.recurso(id, tipo, enlace, vocablo_id)
      VALUES (1205, 'video', '', 602);
    
    INSERT INTO public.vocablo(id, palabra, tema_id)
      VALUES (603, 'Observatorio', 13);
    
    INSERT INTO public.recurso(id, tipo, enlace, vocablo_id)
      VALUES (1206, 'image', '/assets/images/observatorio.png', 603);

    INSERT INTO public.recurso(id, tipo, enlace, vocablo_id)
      VALUES (1207, 'video', '', 603);
    
    INSERT INTO public.vocablo(id, palabra, tema_id)
      VALUES (604, 'Picos de la sierra nevada', 13);
    
    INSERT INTO public.recurso(id, tipo, enlace, vocablo_id)
      VALUES (1208, 'image', '/assets/images/picos-de-la-sierra-nevada.png', 604);

    INSERT INTO public.recurso(id, tipo, enlace, vocablo_id)
      VALUES (1209, 'video', '', 604);
    
    INSERT INTO public.vocablo(id, palabra, tema_id)
      VALUES (605, 'Plaza de toro', 13);
    
    INSERT INTO public.recurso(id, tipo, enlace, vocablo_id)
      VALUES (1210, 'image', '/assets/images/plaza-de-toro.png', 605);

    INSERT INTO public.recurso(id, tipo, enlace, vocablo_id)
      VALUES (1211, 'video', '', 605);
    
    INSERT INTO public.vocablo(id, palabra, tema_id)
      VALUES (606, 'Soto rosa', 13);
    
    INSERT INTO public.recurso(id, tipo, enlace, vocablo_id)
      VALUES (1212, 'image', '/assets/images/soto-rosa.png', 606);

    INSERT INTO public.recurso(id, tipo, enlace, vocablo_id)
      VALUES (1213, 'video', '', 606);
    
    INSERT INTO public.vocablo(id, palabra, tema_id)
      VALUES (607, 'Globo aerostatico', 14);
    
    INSERT INTO public.recurso(id, tipo, enlace, vocablo_id)
      VALUES (1214, 'image', '/assets/images/globo-aerostatico.png', 607);

    INSERT INTO public.recurso(id, tipo, enlace, vocablo_id)
      VALUES (1215, 'video', 'https://youtube.com/watch?v=eHp6uJ6O7S8', 607);
    
    INSERT INTO public.vocablo(id, palabra, tema_id)
      VALUES (608, 'Jet', 14);
    
    INSERT INTO public.recurso(id, tipo, enlace, vocablo_id)
      VALUES (1216, 'image', '/assets/images/jet.png', 608);

    INSERT INTO public.recurso(id, tipo, enlace, vocablo_id)
      VALUES (1217, 'video', '', 608);
    
    INSERT INTO public.vocablo(id, palabra, tema_id)
      VALUES (609, 'Metrop', 14);
    
    INSERT INTO public.recurso(id, tipo, enlace, vocablo_id)
      VALUES (1218, 'image', '/assets/images/metrop.png', 609);

    INSERT INTO public.recurso(id, tipo, enlace, vocablo_id)
      VALUES (1219, 'video', '', 609);
    
    INSERT INTO public.vocablo(id, palabra, tema_id)
      VALUES (610, 'Nave espacial', 14);
    
    INSERT INTO public.recurso(id, tipo, enlace, vocablo_id)
      VALUES (1220, 'image', '/assets/images/nave-espacial.png', 610);

    INSERT INTO public.recurso(id, tipo, enlace, vocablo_id)
      VALUES (1221, 'video', '', 610);
    
    INSERT INTO public.vocablo(id, palabra, tema_id)
      VALUES (611, 'Sudmarino', 14);
    
    INSERT INTO public.recurso(id, tipo, enlace, vocablo_id)
      VALUES (1222, 'image', '/assets/images/sudmarino.png', 611);

    INSERT INTO public.recurso(id, tipo, enlace, vocablo_id)
      VALUES (1223, 'video', '', 611);
    
    INSERT INTO public.vocablo(id, palabra, tema_id)
      VALUES (612, 'Yate', 14);
    
    INSERT INTO public.recurso(id, tipo, enlace, vocablo_id)
      VALUES (1224, 'image', '/assets/images/yate.png', 612);

    INSERT INTO public.recurso(id, tipo, enlace, vocablo_id)
      VALUES (1225, 'video', '', 612);
    
    INSERT INTO public.vocablo(id, palabra, tema_id)
      VALUES (613, 'Camara', 21);
    
    INSERT INTO public.recurso(id, tipo, enlace, vocablo_id)
      VALUES (1226, 'image', '/assets/images/camara.png', 613);

    INSERT INTO public.recurso(id, tipo, enlace, vocablo_id)
      VALUES (1227, 'video', '', 613);
    
    INSERT INTO public.vocablo(id, palabra, tema_id)
      VALUES (614, 'Filmadora', 21);
    
    INSERT INTO public.recurso(id, tipo, enlace, vocablo_id)
      VALUES (1228, 'image', '/assets/images/filmadora.png', 614);

    INSERT INTO public.recurso(id, tipo, enlace, vocablo_id)
      VALUES (1229, 'video', 'https://youtube.com/watch?v=pEbBHqNaGnU', 614);
    
    INSERT INTO public.vocablo(id, palabra, tema_id)
      VALUES (615, 'Fotocopiadora', 21);
    
    INSERT INTO public.recurso(id, tipo, enlace, vocablo_id)
      VALUES (1230, 'image', '/assets/images/fotocopiadora.png', 615);

    INSERT INTO public.recurso(id, tipo, enlace, vocablo_id)
      VALUES (1231, 'video', 'https://youtube.com/watch?v=08JppRep7bk', 615);
    
    INSERT INTO public.vocablo(id, palabra, tema_id)
      VALUES (616, 'Impresora', 21);
    
    INSERT INTO public.recurso(id, tipo, enlace, vocablo_id)
      VALUES (1232, 'image', '/assets/images/impresora.png', 616);

    INSERT INTO public.recurso(id, tipo, enlace, vocablo_id)
      VALUES (1233, 'video', '', 616);
    
    INSERT INTO public.vocablo(id, palabra, tema_id)
      VALUES (617, 'Teclado', 21);
    
    INSERT INTO public.recurso(id, tipo, enlace, vocablo_id)
      VALUES (1234, 'image', '/assets/images/teclado.png', 617);

    INSERT INTO public.recurso(id, tipo, enlace, vocablo_id)
      VALUES (1235, 'video', '', 617);
    
    INSERT INTO public.vocablo(id, palabra, tema_id)
      VALUES (618, 'Administrador', 22);
    
    INSERT INTO public.recurso(id, tipo, enlace, vocablo_id)
      VALUES (1236, 'image', '/assets/images/administrador.png', 618);

    INSERT INTO public.recurso(id, tipo, enlace, vocablo_id)
      VALUES (1237, 'video', '', 618);
    
    INSERT INTO public.vocablo(id, palabra, tema_id)
      VALUES (619, 'Cajero', 22);
    
    INSERT INTO public.recurso(id, tipo, enlace, vocablo_id)
      VALUES (1238, 'image', '/assets/images/cajero.png', 619);

    INSERT INTO public.recurso(id, tipo, enlace, vocablo_id)
      VALUES (1239, 'video', '', 619);
    
    INSERT INTO public.vocablo(id, palabra, tema_id)
      VALUES (620, 'Cocinero', 22);
    
    INSERT INTO public.recurso(id, tipo, enlace, vocablo_id)
      VALUES (1240, 'image', '/assets/images/cocinero.png', 620);

    INSERT INTO public.recurso(id, tipo, enlace, vocablo_id)
      VALUES (1241, 'video', 'https://www.youtube.com/watch?v=5d_aZnNZOis', 620);
    
    INSERT INTO public.vocablo(id, palabra, tema_id)
      VALUES (621, 'Construtor', 22);
    
    INSERT INTO public.recurso(id, tipo, enlace, vocablo_id)
      VALUES (1242, 'image', '/assets/images/construtor.png', 621);

    INSERT INTO public.recurso(id, tipo, enlace, vocablo_id)
      VALUES (1243, 'video', '', 621);
    
    INSERT INTO public.vocablo(id, palabra, tema_id)
      VALUES (622, 'Contador', 22);
    
    INSERT INTO public.recurso(id, tipo, enlace, vocablo_id)
      VALUES (1244, 'image', '/assets/images/contador.png', 622);

    INSERT INTO public.recurso(id, tipo, enlace, vocablo_id)
      VALUES (1245, 'video', 'https://youtube.com/watch?v=Q5XK_PaCLFw', 622);
    
    INSERT INTO public.vocablo(id, palabra, tema_id)
      VALUES (623, 'Farmaceutico', 22);
    
    INSERT INTO public.recurso(id, tipo, enlace, vocablo_id)
      VALUES (1246, 'image', '/assets/images/farmaceutico.png', 623);

    INSERT INTO public.recurso(id, tipo, enlace, vocablo_id)
      VALUES (1247, 'video', 'https://youtube.com/watch?v=EFlT-ADTSG8', 623);
    
    INSERT INTO public.vocablo(id, palabra, tema_id)
      VALUES (624, 'Portero', 22);
    
    INSERT INTO public.recurso(id, tipo, enlace, vocablo_id)
      VALUES (1248, 'image', '/assets/images/portero.png', 624);

    INSERT INTO public.recurso(id, tipo, enlace, vocablo_id)
      VALUES (1249, 'video', '', 624);
    
    INSERT INTO public.vocablo(id, palabra, tema_id)
      VALUES (625, 'Seguridad', 22);
    
    INSERT INTO public.recurso(id, tipo, enlace, vocablo_id)
      VALUES (1250, 'image', '/assets/images/seguridad.png', 625);

    INSERT INTO public.recurso(id, tipo, enlace, vocablo_id)
      VALUES (1251, 'video', '', 625);
    
    INSERT INTO public.vocablo(id, palabra, tema_id)
      VALUES (626, 'Extremidadas', 23);
    
    INSERT INTO public.recurso(id, tipo, enlace, vocablo_id)
      VALUES (1252, 'image', '/assets/images/extremidadas.png', 626);

    INSERT INTO public.recurso(id, tipo, enlace, vocablo_id)
      VALUES (1253, 'video', '', 626);
    
    INSERT INTO public.vocablo(id, palabra, tema_id)
      VALUES (627, 'Sistema endocrino', 23);
    
    INSERT INTO public.recurso(id, tipo, enlace, vocablo_id)
      VALUES (1254, 'image', '/assets/images/sistema-endocrino.png', 627);

    INSERT INTO public.recurso(id, tipo, enlace, vocablo_id)
      VALUES (1255, 'video', '', 627);
    
    INSERT INTO public.vocablo(id, palabra, tema_id)
      VALUES (628, 'Sistema reproductivos', 23);
    
    INSERT INTO public.recurso(id, tipo, enlace, vocablo_id)
      VALUES (1256, 'image', '/assets/images/sistema-reproductivos.png', 628);

    INSERT INTO public.recurso(id, tipo, enlace, vocablo_id)
      VALUES (1257, 'video', '', 628);
    
    INSERT INTO public.vocablo(id, palabra, tema_id)
      VALUES (629, 'Sistema urinario', 23);
    
    INSERT INTO public.recurso(id, tipo, enlace, vocablo_id)
      VALUES (1258, 'image', '/assets/images/sistema-urinario.png', 629);

    INSERT INTO public.recurso(id, tipo, enlace, vocablo_id)
      VALUES (1259, 'video', '', 629);
    
    INSERT INTO public.vocablo(id, palabra, tema_id)
      VALUES (630, 'Caciques', 24);
    
    INSERT INTO public.recurso(id, tipo, enlace, vocablo_id)
      VALUES (1260, 'image', '/assets/images/caciques.png', 630);

    INSERT INTO public.recurso(id, tipo, enlace, vocablo_id)
      VALUES (1261, 'video', '', 630);
    
    INSERT INTO public.vocablo(id, palabra, tema_id)
      VALUES (631, 'Cesar rendifo', 24);
    
    INSERT INTO public.recurso(id, tipo, enlace, vocablo_id)
      VALUES (1262, 'image', '/assets/images/cesar-rendifo.png', 631);

    INSERT INTO public.recurso(id, tipo, enlace, vocablo_id)
      VALUES (1263, 'video', '', 631);
    
    INSERT INTO public.vocablo(id, palabra, tema_id)
      VALUES (632, 'Heroinas', 24);
    
    INSERT INTO public.recurso(id, tipo, enlace, vocablo_id)
      VALUES (1264, 'image', '/assets/images/heroinas.png', 632);

    INSERT INTO public.recurso(id, tipo, enlace, vocablo_id)
      VALUES (1265, 'video', '', 632);
    
    INSERT INTO public.vocablo(id, palabra, tema_id)
      VALUES (633, 'Luisa caceres', 24);
    
    INSERT INTO public.recurso(id, tipo, enlace, vocablo_id)
      VALUES (1266, 'image', '/assets/images/luisa-caceres.png', 633);

    INSERT INTO public.recurso(id, tipo, enlace, vocablo_id)
      VALUES (1267, 'video', '', 633);
    
    INSERT INTO public.vocablo(id, palabra, tema_id)
      VALUES (634, 'Negra matea', 24);
    
    INSERT INTO public.recurso(id, tipo, enlace, vocablo_id)
      VALUES (1268, 'image', '/assets/images/negra-matea.png', 634);

    INSERT INTO public.recurso(id, tipo, enlace, vocablo_id)
      VALUES (1269, 'video', '', 634);
    
    INSERT INTO public.vocablo(id, palabra, tema_id)
      VALUES (635, 'Pablo morillo', 24);
    
    INSERT INTO public.recurso(id, tipo, enlace, vocablo_id)
      VALUES (1270, 'image', '/assets/images/pablo-morillo.png', 635);

    INSERT INTO public.recurso(id, tipo, enlace, vocablo_id)
      VALUES (1271, 'video', '', 635);
    
    INSERT INTO public.vocablo(id, palabra, tema_id)
      VALUES (636, 'Piar', 24);
    
    INSERT INTO public.recurso(id, tipo, enlace, vocablo_id)
      VALUES (1272, 'image', '/assets/images/piar.png', 636);

    INSERT INTO public.recurso(id, tipo, enlace, vocablo_id)
      VALUES (1273, 'video', '', 636);
    
    INSERT INTO public.vocablo(id, palabra, tema_id)
      VALUES (637, 'Proceres', 24);
    
    INSERT INTO public.recurso(id, tipo, enlace, vocablo_id)
      VALUES (1274, 'image', '/assets/images/proceres.png', 637);

    INSERT INTO public.recurso(id, tipo, enlace, vocablo_id)
      VALUES (1275, 'video', '', 637);
    
    INSERT INTO public.vocablo(id, palabra, tema_id)
      VALUES (638, 'Tulio febres cordero', 24);
    
    INSERT INTO public.recurso(id, tipo, enlace, vocablo_id)
      VALUES (1276, 'image', '/assets/images/tulio-febres-cordero.png', 638);

    INSERT INTO public.recurso(id, tipo, enlace, vocablo_id)
      VALUES (1277, 'video', '', 638);
    
    INSERT INTO public.vocablo(id, palabra, tema_id)
      VALUES (639, 'Alcalde', 25);
    
    INSERT INTO public.recurso(id, tipo, enlace, vocablo_id)
      VALUES (1278, 'image', '/assets/images/alcalde.png', 639);

    INSERT INTO public.recurso(id, tipo, enlace, vocablo_id)
      VALUES (1279, 'video', '', 639);
    
    INSERT INTO public.vocablo(id, palabra, tema_id)
      VALUES (640, 'Gobernador', 25);
    
    INSERT INTO public.recurso(id, tipo, enlace, vocablo_id)
      VALUES (1280, 'image', '/assets/images/gobernador.png', 640);

    INSERT INTO public.recurso(id, tipo, enlace, vocablo_id)
      VALUES (1281, 'video', 'https://youtube.com/watch?v=ymiZvD6VuME', 640);
    
    INSERT INTO public.vocablo(id, palabra, tema_id)
      VALUES (641, 'Presidente', 25);
    
    INSERT INTO public.recurso(id, tipo, enlace, vocablo_id)
      VALUES (1282, 'image', '/assets/images/presidente.png', 641);

    INSERT INTO public.recurso(id, tipo, enlace, vocablo_id)
      VALUES (1283, 'video', '', 641);
    
    INSERT INTO public.vocablo(id, palabra, tema_id)
      VALUES (642, 'Profesor', 25);
    
    INSERT INTO public.recurso(id, tipo, enlace, vocablo_id)
      VALUES (1284, 'image', '/assets/images/profesor.png', 642);

    INSERT INTO public.recurso(id, tipo, enlace, vocablo_id)
      VALUES (1285, 'video', '', 642);
    
    INSERT INTO public.vocablo(id, palabra, tema_id)
      VALUES (643, 'Alparpatas', 26);
    
    INSERT INTO public.recurso(id, tipo, enlace, vocablo_id)
      VALUES (1286, 'image', '/assets/images/alparpatas.png', 643);

    INSERT INTO public.recurso(id, tipo, enlace, vocablo_id)
      VALUES (1287, 'video', '', 643);
    
    INSERT INTO public.vocablo(id, palabra, tema_id)
      VALUES (644, 'Bermudas', 26);
    
    INSERT INTO public.recurso(id, tipo, enlace, vocablo_id)
      VALUES (1288, 'image', '/assets/images/bermudas.png', 644);

    INSERT INTO public.recurso(id, tipo, enlace, vocablo_id)
      VALUES (1289, 'video', '', 644);
    
    INSERT INTO public.vocablo(id, palabra, tema_id)
      VALUES (645, 'Estraple', 26);
    
    INSERT INTO public.recurso(id, tipo, enlace, vocablo_id)
      VALUES (1290, 'image', '/assets/images/estraple.png', 645);

    INSERT INTO public.recurso(id, tipo, enlace, vocablo_id)
      VALUES (1291, 'video', '', 645);
    
    INSERT INTO public.vocablo(id, palabra, tema_id)
      VALUES (646, 'Guayabera', 26);
    
    INSERT INTO public.recurso(id, tipo, enlace, vocablo_id)
      VALUES (1292, 'image', '/assets/images/guayabera.png', 646);

    INSERT INTO public.recurso(id, tipo, enlace, vocablo_id)
      VALUES (1293, 'video', '', 646);
    
    INSERT INTO public.vocablo(id, palabra, tema_id)
      VALUES (647, 'Ruana', 26);
    
    INSERT INTO public.recurso(id, tipo, enlace, vocablo_id)
      VALUES (1294, 'image', '/assets/images/ruana.png', 647);

    INSERT INTO public.recurso(id, tipo, enlace, vocablo_id)
      VALUES (1295, 'video', '', 647);
    
    INSERT INTO public.vocablo(id, palabra, tema_id)
      VALUES (648, 'Sombrero', 26);
    
    INSERT INTO public.recurso(id, tipo, enlace, vocablo_id)
      VALUES (1296, 'image', '/assets/images/sombrero.png', 648);

    INSERT INTO public.recurso(id, tipo, enlace, vocablo_id)
      VALUES (1297, 'video', '', 648);
    
    INSERT INTO public.vocablo(id, palabra, tema_id)
      VALUES (649, 'Cayena', 10);
    
    INSERT INTO public.recurso(id, tipo, enlace, vocablo_id)
      VALUES (1298, 'image', '/assets/images/cayena.png', 649);

    INSERT INTO public.recurso(id, tipo, enlace, vocablo_id)
      VALUES (1299, 'video', '', 649);
    
    INSERT INTO public.vocablo(id, palabra, tema_id)
      VALUES (650, 'Clavel', 10);
    
    INSERT INTO public.recurso(id, tipo, enlace, vocablo_id)
      VALUES (1300, 'image', '/assets/images/clavel.png', 650);

    INSERT INTO public.recurso(id, tipo, enlace, vocablo_id)
      VALUES (1301, 'video', '', 650);
    
    INSERT INTO public.vocablo(id, palabra, tema_id)
      VALUES (651, 'Girasol', 10);
    
    INSERT INTO public.recurso(id, tipo, enlace, vocablo_id)
      VALUES (1302, 'image', '/assets/images/girasol.png', 651);

    INSERT INTO public.recurso(id, tipo, enlace, vocablo_id)
      VALUES (1303, 'video', '', 651);
    
    INSERT INTO public.vocablo(id, palabra, tema_id)
      VALUES (652, 'Lirio', 10);
    
    INSERT INTO public.recurso(id, tipo, enlace, vocablo_id)
      VALUES (1304, 'image', '/assets/images/lirio.png', 652);

    INSERT INTO public.recurso(id, tipo, enlace, vocablo_id)
      VALUES (1305, 'video', '', 652);
    
    INSERT INTO public.vocablo(id, palabra, tema_id)
      VALUES (653, 'Margarita', 10);
    
    INSERT INTO public.recurso(id, tipo, enlace, vocablo_id)
      VALUES (1306, 'image', '/assets/images/margarita.png', 653);

    INSERT INTO public.recurso(id, tipo, enlace, vocablo_id)
      VALUES (1307, 'video', '', 653);
    
    INSERT INTO public.vocablo(id, palabra, tema_id)
      VALUES (654, 'Rosa', 10);
    
    INSERT INTO public.recurso(id, tipo, enlace, vocablo_id)
      VALUES (1308, 'image', '/assets/images/rosa.png', 654);

    INSERT INTO public.recurso(id, tipo, enlace, vocablo_id)
      VALUES (1309, 'video', '', 654);
    
    INSERT INTO public.vocablo(id, palabra, tema_id)
      VALUES (655, 'Trinitaria', 10);
    
    INSERT INTO public.recurso(id, tipo, enlace, vocablo_id)
      VALUES (1310, 'image', '/assets/images/trinitaria.png', 655);

    INSERT INTO public.recurso(id, tipo, enlace, vocablo_id)
      VALUES (1311, 'video', '', 655);
    
    INSERT INTO public.vocablo(id, palabra, tema_id)
      VALUES (656, 'Tulipan', 10);
    
    INSERT INTO public.recurso(id, tipo, enlace, vocablo_id)
      VALUES (1312, 'image', '/assets/images/tulipan.png', 656);

    INSERT INTO public.recurso(id, tipo, enlace, vocablo_id)
      VALUES (1313, 'video', '', 656);
    
    INSERT INTO public.vocablo(id, palabra, tema_id)
      VALUES (657, 'Colicos', 28);
    
    INSERT INTO public.recurso(id, tipo, enlace, vocablo_id)
      VALUES (1314, 'image', '/assets/images/colicos.png', 657);

    INSERT INTO public.recurso(id, tipo, enlace, vocablo_id)
      VALUES (1315, 'video', '', 657);
    
    INSERT INTO public.vocablo(id, palabra, tema_id)
      VALUES (658, 'Dolor de estomago', 28);
    
    INSERT INTO public.recurso(id, tipo, enlace, vocablo_id)
      VALUES (1316, 'image', '/assets/images/dolor-de-estomago.png', 658);

    INSERT INTO public.recurso(id, tipo, enlace, vocablo_id)
      VALUES (1317, 'video', '', 658);
    
    INSERT INTO public.vocablo(id, palabra, tema_id)
      VALUES (659, 'Pus', 28);
    
    INSERT INTO public.recurso(id, tipo, enlace, vocablo_id)
      VALUES (1318, 'image', '/assets/images/pus.png', 659);

    INSERT INTO public.recurso(id, tipo, enlace, vocablo_id)
      VALUES (1319, 'video', '', 659);
    
    INSERT INTO public.vocablo(id, palabra, tema_id)
      VALUES (660, 'Brocha', 30);
    
    INSERT INTO public.recurso(id, tipo, enlace, vocablo_id)
      VALUES (1320, 'image', '/assets/images/brocha.png', 660);

    INSERT INTO public.recurso(id, tipo, enlace, vocablo_id)
      VALUES (1321, 'video', '', 660);
    
    INSERT INTO public.vocablo(id, palabra, tema_id)
      VALUES (661, 'Cartulina', 30);
    
    INSERT INTO public.recurso(id, tipo, enlace, vocablo_id)
      VALUES (1322, 'image', '/assets/images/cartulina.png', 661);

    INSERT INTO public.recurso(id, tipo, enlace, vocablo_id)
      VALUES (1323, 'video', '', 661);
    
    INSERT INTO public.vocablo(id, palabra, tema_id)
      VALUES (662, 'Lapiceros', 30);
    
    INSERT INTO public.recurso(id, tipo, enlace, vocablo_id)
      VALUES (1324, 'image', '/assets/images/lapiceros.png', 662);

    INSERT INTO public.recurso(id, tipo, enlace, vocablo_id)
      VALUES (1325, 'video', '', 662);
    
    INSERT INTO public.vocablo(id, palabra, tema_id)
      VALUES (663, 'Lija', 30);
    
    INSERT INTO public.recurso(id, tipo, enlace, vocablo_id)
      VALUES (1326, 'image', '/assets/images/lija.png', 663);

    INSERT INTO public.recurso(id, tipo, enlace, vocablo_id)
      VALUES (1327, 'video', '', 663);
    
    INSERT INTO public.vocablo(id, palabra, tema_id)
      VALUES (664, 'Marcadores', 30);
    
    INSERT INTO public.recurso(id, tipo, enlace, vocablo_id)
      VALUES (1328, 'image', '/assets/images/marcadores.png', 664);

    INSERT INTO public.recurso(id, tipo, enlace, vocablo_id)
      VALUES (1329, 'video', '', 664);
    
    INSERT INTO public.vocablo(id, palabra, tema_id)
      VALUES (665, 'Alcelga', 31);
    
    INSERT INTO public.recurso(id, tipo, enlace, vocablo_id)
      VALUES (1330, 'image', '/assets/images/alcelga.png', 665);

    INSERT INTO public.recurso(id, tipo, enlace, vocablo_id)
      VALUES (1331, 'video', '', 665);
    
    INSERT INTO public.vocablo(id, palabra, tema_id)
      VALUES (666, 'Batata', 31);
    
    INSERT INTO public.recurso(id, tipo, enlace, vocablo_id)
      VALUES (1332, 'image', '/assets/images/batata.png', 666);

    INSERT INTO public.recurso(id, tipo, enlace, vocablo_id)
      VALUES (1333, 'video', '', 666);
    
    INSERT INTO public.vocablo(id, palabra, tema_id)
      VALUES (667, 'Berros', 31);
    
    INSERT INTO public.recurso(id, tipo, enlace, vocablo_id)
      VALUES (1334, 'image', '/assets/images/berros.png', 667);

    INSERT INTO public.recurso(id, tipo, enlace, vocablo_id)
      VALUES (1335, 'video', '', 667);
    
    INSERT INTO public.vocablo(id, palabra, tema_id)
      VALUES (668, 'Ocumo', 31);
    
    INSERT INTO public.recurso(id, tipo, enlace, vocablo_id)
      VALUES (1336, 'image', '/assets/images/ocumo.png', 668);

    INSERT INTO public.recurso(id, tipo, enlace, vocablo_id)
      VALUES (1337, 'video', '', 668);
    
    INSERT INTO public.vocablo(id, palabra, tema_id)
      VALUES (669, 'Radicchio', 31);
    
    INSERT INTO public.recurso(id, tipo, enlace, vocablo_id)
      VALUES (1338, 'image', '/assets/images/radicchio.png', 669);

    INSERT INTO public.recurso(id, tipo, enlace, vocablo_id)
      VALUES (1339, 'video', '', 669);
    
    INSERT INTO public.vocablo(id, palabra, tema_id)
      VALUES (670, 'Rucula', 31);
    
    INSERT INTO public.recurso(id, tipo, enlace, vocablo_id)
      VALUES (1340, 'image', '/assets/images/rucula.png', 670);

    INSERT INTO public.recurso(id, tipo, enlace, vocablo_id)
      VALUES (1341, 'video', '', 670);
    
    INSERT INTO public.vocablo(id, palabra, tema_id)
      VALUES (671, 'Ficus', 2);
    
    INSERT INTO public.recurso(id, tipo, enlace, vocablo_id)
      VALUES (1342, 'image', '/assets/images/ficus.png', 671);

    INSERT INTO public.recurso(id, tipo, enlace, vocablo_id)
      VALUES (1343, 'video', '', 671);
    
    INSERT INTO public.vocablo(id, palabra, tema_id)
      VALUES (672, 'Cactus', 2);
    
    INSERT INTO public.recurso(id, tipo, enlace, vocablo_id)
      VALUES (1344, 'image', '/assets/images/cactus.png', 672);

    INSERT INTO public.recurso(id, tipo, enlace, vocablo_id)
      VALUES (1345, 'video', '', 672);
    
    INSERT INTO public.vocablo(id, palabra, tema_id)
      VALUES (673, 'Caujaro', 2);
    
    INSERT INTO public.recurso(id, tipo, enlace, vocablo_id)
      VALUES (1346, 'image', '/assets/images/caujaro.png', 673);

    INSERT INTO public.recurso(id, tipo, enlace, vocablo_id)
      VALUES (1347, 'video', '', 673);
    
    INSERT INTO public.vocablo(id, palabra, tema_id)
      VALUES (674, 'Dinosaurios', 1);
    
    INSERT INTO public.recurso(id, tipo, enlace, vocablo_id)
      VALUES (1348, 'image', '/assets/images/dinosaurios.png', 674);

    INSERT INTO public.recurso(id, tipo, enlace, vocablo_id)
      VALUES (1349, 'video', '', 674);
    
    INSERT INTO public.vocablo(id, palabra, tema_id)
      VALUES (675, 'Cunaguaro', 1);
    
    INSERT INTO public.recurso(id, tipo, enlace, vocablo_id)
      VALUES (1350, 'image', '/assets/images/cunaguaro.png', 675);

    INSERT INTO public.recurso(id, tipo, enlace, vocablo_id)
      VALUES (1351, 'video', '', 675);
    
    INSERT INTO public.vocablo(id, palabra, tema_id)
      VALUES (676, 'Bocadillo', 6);
    
    INSERT INTO public.recurso(id, tipo, enlace, vocablo_id)
      VALUES (1352, 'image', '/assets/images/bocadillo.png', 676);

    INSERT INTO public.recurso(id, tipo, enlace, vocablo_id)
      VALUES (1353, 'video', '', 676);
    
    INSERT INTO public.vocablo(id, palabra, tema_id)
      VALUES (677, 'Mermelada', 6);
    
    INSERT INTO public.recurso(id, tipo, enlace, vocablo_id)
      VALUES (1354, 'image', '/assets/images/mermelada.png', 677);

    INSERT INTO public.recurso(id, tipo, enlace, vocablo_id)
      VALUES (1355, 'video', '', 677);
    
    INSERT INTO public.vocablo(id, palabra, tema_id)
      VALUES (678, 'Cremas', 6);
    
    INSERT INTO public.recurso(id, tipo, enlace, vocablo_id)
      VALUES (1356, 'image', '/assets/images/cremas.png', 678);

    INSERT INTO public.recurso(id, tipo, enlace, vocablo_id)
      VALUES (1357, 'video', 'https://youtube.com/watch?v=ad5-ARYKtr8', 678);
    
    INSERT INTO public.vocablo(id, palabra, tema_id)
      VALUES (679, 'Batidos', 6);
    
    INSERT INTO public.recurso(id, tipo, enlace, vocablo_id)
      VALUES (1358, 'image', '/assets/images/batidos.png', 679);

    INSERT INTO public.recurso(id, tipo, enlace, vocablo_id)
      VALUES (1359, 'video', 'https://youtube.com/watch?v=9hyPW2tT7nU', 679);
    
    INSERT INTO public.vocablo(id, palabra, tema_id)
      VALUES (680, 'Peritonitis', 7);
    
    INSERT INTO public.recurso(id, tipo, enlace, vocablo_id)
      VALUES (1360, 'image', '/assets/images/peritonitis.png', 680);

    INSERT INTO public.recurso(id, tipo, enlace, vocablo_id)
      VALUES (1361, 'video', '', 680);
    
    INSERT INTO public.vocablo(id, palabra, tema_id)
      VALUES (681, 'Amigdalitis', 7);
    
    INSERT INTO public.recurso(id, tipo, enlace, vocablo_id)
      VALUES (1362, 'image', '/assets/images/amigdalitis.png', 681);

    INSERT INTO public.recurso(id, tipo, enlace, vocablo_id)
      VALUES (1363, 'video', '', 681);
    
    INSERT INTO public.vocablo(id, palabra, tema_id)
      VALUES (682, 'Apendicitis', 7);
    
    INSERT INTO public.recurso(id, tipo, enlace, vocablo_id)
      VALUES (1364, 'image', '/assets/images/apendicitis.png', 682);

    INSERT INTO public.recurso(id, tipo, enlace, vocablo_id)
      VALUES (1365, 'video', '', 682);
    
    INSERT INTO public.vocablo(id, palabra, tema_id)
      VALUES (683, 'Poliedro', 8);
    
    INSERT INTO public.recurso(id, tipo, enlace, vocablo_id)
      VALUES (1366, 'image', '/assets/images/poliedro.png', 683);

    INSERT INTO public.recurso(id, tipo, enlace, vocablo_id)
      VALUES (1367, 'video', '', 683);
    
    INSERT INTO public.vocablo(id, palabra, tema_id)
      VALUES (684, 'Momumento del Perro', 13);
    
    INSERT INTO public.recurso(id, tipo, enlace, vocablo_id)
      VALUES (1368, 'image', '/assets/images/momumento-del-perro.png', 684);

    INSERT INTO public.recurso(id, tipo, enlace, vocablo_id)
      VALUES (1369, 'video', '', 684);
    
    INSERT INTO public.vocablo(id, palabra, tema_id)
      VALUES (685, 'Tisure', 13);
    
    INSERT INTO public.recurso(id, tipo, enlace, vocablo_id)
      VALUES (1370, 'image', '/assets/images/tisure.png', 685);

    INSERT INTO public.recurso(id, tipo, enlace, vocablo_id)
      VALUES (1371, 'video', '', 685);
    
    INSERT INTO public.vocablo(id, palabra, tema_id)
      VALUES (686, 'Los Nevados', 13);
    
    INSERT INTO public.recurso(id, tipo, enlace, vocablo_id)
      VALUES (1372, 'image', '/assets/images/los-nevados.png', 686);

    INSERT INTO public.recurso(id, tipo, enlace, vocablo_id)
      VALUES (1373, 'video', '', 686);
    
    INSERT INTO public.vocablo(id, palabra, tema_id)
      VALUES (687, 'La Loca Luz Caraballo', 13);
    
    INSERT INTO public.recurso(id, tipo, enlace, vocablo_id)
      VALUES (1374, 'image', '/assets/images/la-loca-luz-caraballo.png', 687);

    INSERT INTO public.recurso(id, tipo, enlace, vocablo_id)
      VALUES (1375, 'video', '', 687);
    
    INSERT INTO public.vocablo(id, palabra, tema_id)
      VALUES (688, 'La Mucuy', 13);
    
    INSERT INTO public.recurso(id, tipo, enlace, vocablo_id)
      VALUES (1376, 'image', '/assets/images/la-mucuy.png', 688);

    INSERT INTO public.recurso(id, tipo, enlace, vocablo_id)
      VALUES (1377, 'video', '', 688);
    
    INSERT INTO public.vocablo(id, palabra, tema_id)
      VALUES (689, 'La Laguna', 13);
    
    INSERT INTO public.recurso(id, tipo, enlace, vocablo_id)
      VALUES (1378, 'image', '/assets/images/la-laguna.png', 689);

    INSERT INTO public.recurso(id, tipo, enlace, vocablo_id)
      VALUES (1379, 'video', '', 689);
    
    INSERT INTO public.vocablo(id, palabra, tema_id)
      VALUES (690, 'Billones', 20);
    
    INSERT INTO public.recurso(id, tipo, enlace, vocablo_id)
      VALUES (1380, 'image', '/assets/images/billones.png', 690);

    INSERT INTO public.recurso(id, tipo, enlace, vocablo_id)
      VALUES (1381, 'video', 'https://youtube.com/watch?v=ai7PnybNcfA', 690);
    
    INSERT INTO public.vocablo(id, palabra, tema_id)
      VALUES (691, 'Manuel Gual', 24);
    
    INSERT INTO public.recurso(id, tipo, enlace, vocablo_id)
      VALUES (1382, 'image', '/assets/images/manuel-gual.png', 691);

    INSERT INTO public.recurso(id, tipo, enlace, vocablo_id)
      VALUES (1383, 'video', '', 691);
    
    INSERT INTO public.vocablo(id, palabra, tema_id)
      VALUES (692, 'Jose Maria España', 24);
    
    INSERT INTO public.recurso(id, tipo, enlace, vocablo_id)
      VALUES (1384, 'image', '/assets/images/jose-maria-espana.png', 692);

    INSERT INTO public.recurso(id, tipo, enlace, vocablo_id)
      VALUES (1385, 'video', '', 692);
    
    INSERT INTO public.vocablo(id, palabra, tema_id)
      VALUES (693, 'Vicente de Emparan', 24);
    
    INSERT INTO public.recurso(id, tipo, enlace, vocablo_id)
      VALUES (1386, 'image', '/assets/images/vicente-de-emparan.png', 693);

    INSERT INTO public.recurso(id, tipo, enlace, vocablo_id)
      VALUES (1387, 'video', '', 693);
    
    INSERT INTO public.vocablo(id, palabra, tema_id)
      VALUES (694, 'Jose Leonardo Chirinos', 24);
    
    INSERT INTO public.recurso(id, tipo, enlace, vocablo_id)
      VALUES (1388, 'image', '/assets/images/jose-leonardo-chirinos.png', 694);

    INSERT INTO public.recurso(id, tipo, enlace, vocablo_id)
      VALUES (1389, 'video', '', 694);
    
    INSERT INTO public.vocablo(id, palabra, tema_id)
      VALUES (695, 'Diputado', 25);
    
    INSERT INTO public.recurso(id, tipo, enlace, vocablo_id)
      VALUES (1390, 'image', '/assets/images/diputado.png', 695);

    INSERT INTO public.recurso(id, tipo, enlace, vocablo_id)
      VALUES (1391, 'video', '', 695);
    
    INSERT INTO public.vocablo(id, palabra, tema_id)
      VALUES (696, 'Senador', 25);
    
    INSERT INTO public.recurso(id, tipo, enlace, vocablo_id)
      VALUES (1392, 'image', '/assets/images/senador.png', 696);

    INSERT INTO public.recurso(id, tipo, enlace, vocablo_id)
      VALUES (1393, 'video', '', 696);
    
    INSERT INTO public.vocablo(id, palabra, tema_id)
      VALUES (697, 'Embajador', 25);
    
    INSERT INTO public.recurso(id, tipo, enlace, vocablo_id)
      VALUES (1394, 'image', '/assets/images/embajador.png', 697);

    INSERT INTO public.recurso(id, tipo, enlace, vocablo_id)
      VALUES (1395, 'video', 'https://youtube.com/watch?v=IhaIsWzvYP4', 697);
    
    INSERT INTO public.vocablo(id, palabra, tema_id)
      VALUES (698, 'Cónsul', 25);
    
    INSERT INTO public.recurso(id, tipo, enlace, vocablo_id)
      VALUES (1396, 'image', '/assets/images/consul.png', 698);

    INSERT INTO public.recurso(id, tipo, enlace, vocablo_id)
      VALUES (1397, 'video', '', 698);
    
    INSERT INTO public.vocablo(id, palabra, tema_id)
      VALUES (699, 'Pastor', 25);
    
    INSERT INTO public.recurso(id, tipo, enlace, vocablo_id)
      VALUES (1398, 'image', '/assets/images/pastor.png', 699);

    INSERT INTO public.recurso(id, tipo, enlace, vocablo_id)
      VALUES (1399, 'video', '', 699);
    
    INSERT INTO public.vocablo(id, palabra, tema_id)
      VALUES (700, 'Cintillo', 26);
    
    INSERT INTO public.recurso(id, tipo, enlace, vocablo_id)
      VALUES (1400, 'image', '/assets/images/cintillo.png', 700);

    INSERT INTO public.recurso(id, tipo, enlace, vocablo_id)
      VALUES (1401, 'video', 'https://youtube.com/watch?v=r_T1fVmFpOo', 700);
    
    INSERT INTO public.vocablo(id, palabra, tema_id)
      VALUES (701, 'Acidez', 28);
    
    INSERT INTO public.recurso(id, tipo, enlace, vocablo_id)
      VALUES (1402, 'image', '/assets/images/acidez.png', 701);

    INSERT INTO public.recurso(id, tipo, enlace, vocablo_id)
      VALUES (1403, 'video', 'https://youtube.com/watch?v=tJ4QdUpY2NE', 701);
    
    INSERT INTO public.vocablo(id, palabra, tema_id)
      VALUES (702, 'Reflujo', 28);
    
    INSERT INTO public.recurso(id, tipo, enlace, vocablo_id)
      VALUES (1404, 'image', '/assets/images/reflujo.png', 702);

    INSERT INTO public.recurso(id, tipo, enlace, vocablo_id)
      VALUES (1405, 'video', '', 702);
    
    INSERT INTO public.vocablo(id, palabra, tema_id)
      VALUES (703, 'Inflamacion', 28);
    
    INSERT INTO public.recurso(id, tipo, enlace, vocablo_id)
      VALUES (1406, 'image', '/assets/images/inflamacion.png', 703);

    INSERT INTO public.recurso(id, tipo, enlace, vocablo_id)
      VALUES (1407, 'video', '', 703);
    
    INSERT INTO public.vocablo(id, palabra, tema_id)
      VALUES (704, 'Abceso', 28);
    
    INSERT INTO public.recurso(id, tipo, enlace, vocablo_id)
      VALUES (1408, 'image', '/assets/images/abceso.png', 704);

    INSERT INTO public.recurso(id, tipo, enlace, vocablo_id)
      VALUES (1409, 'video', '', 704);
    
    INSERT INTO public.vocablo(id, palabra, tema_id)
      VALUES (705, 'Abecedario', 30);
    
    INSERT INTO public.recurso(id, tipo, enlace, vocablo_id)
      VALUES (1410, 'image', '/assets/images/abecedario.png', 705);

    INSERT INTO public.recurso(id, tipo, enlace, vocablo_id)
      VALUES (1411, 'video', 'https://youtube.com/watch?v=npdQeHP-TOI', 705);
    
    INSERT INTO public.vocablo(id, palabra, tema_id)
      VALUES (706, 'Abril', 15);
    
    INSERT INTO public.recurso(id, tipo, enlace, vocablo_id)
      VALUES (1412, 'image', '/assets/images/abril.png', 706);

    INSERT INTO public.recurso(id, tipo, enlace, vocablo_id)
      VALUES (1413, 'video', 'https://youtube.com/watch?v=b1nrBI4bijk', 706);
    
    INSERT INTO public.vocablo(id, palabra, tema_id)
      VALUES (707, 'Aceite', 0);
    
    INSERT INTO public.recurso(id, tipo, enlace, vocablo_id)
      VALUES (1414, 'image', '/assets/images/aceite.png', 707);

    INSERT INTO public.recurso(id, tipo, enlace, vocablo_id)
      VALUES (1415, 'video', 'https://youtube.com/watch?v=OizaDo09Wvo', 707);
    
    INSERT INTO public.vocablo(id, palabra, tema_id)
      VALUES (708, 'Acelgas', 0);
    
    INSERT INTO public.recurso(id, tipo, enlace, vocablo_id)
      VALUES (1416, 'image', '/assets/images/acelgas.png', 708);

    INSERT INTO public.recurso(id, tipo, enlace, vocablo_id)
      VALUES (1417, 'video', 'https://youtube.com/watch?v=wtj9ot2rf24', 708);
    
    INSERT INTO public.vocablo(id, palabra, tema_id)
      VALUES (709, 'Acondicionador', 3);
    
    INSERT INTO public.recurso(id, tipo, enlace, vocablo_id)
      VALUES (1418, 'image', '/assets/images/acondicionador.png', 709);

    INSERT INTO public.recurso(id, tipo, enlace, vocablo_id)
      VALUES (1419, 'video', 'https://youtube.com/watch?v=4GmTfb28gaU', 709);
    
    INSERT INTO public.vocablo(id, palabra, tema_id)
      VALUES (710, 'Adelante', 18);
    
    INSERT INTO public.recurso(id, tipo, enlace, vocablo_id)
      VALUES (1420, 'image', '/assets/images/adelante.png', 710);

    INSERT INTO public.recurso(id, tipo, enlace, vocablo_id)
      VALUES (1421, 'video', 'https://youtube.com/watch?v=KugNbNdAkgs', 710);
    
    INSERT INTO public.vocablo(id, palabra, tema_id)
      VALUES (711, 'Ahuyama', 31);
    
    INSERT INTO public.recurso(id, tipo, enlace, vocablo_id)
      VALUES (1422, 'image', '/assets/images/ahuyama.png', 711);

    INSERT INTO public.recurso(id, tipo, enlace, vocablo_id)
      VALUES (1423, 'video', 'https://youtube.com/watch?v=LN6XAVj13dU', 711);
    
    INSERT INTO public.vocablo(id, palabra, tema_id)
      VALUES (712, 'Ají dulce', 31);
    
    INSERT INTO public.recurso(id, tipo, enlace, vocablo_id)
      VALUES (1424, 'image', '/assets/images/aji-dulce.png', 712);

    INSERT INTO public.recurso(id, tipo, enlace, vocablo_id)
      VALUES (1425, 'video', 'https://youtube.com/watch?v=pcTvVCxa39k', 712);
    
    INSERT INTO public.vocablo(id, palabra, tema_id)
      VALUES (713, 'Alcaldía', 22);
    
    INSERT INTO public.recurso(id, tipo, enlace, vocablo_id)
      VALUES (1426, 'image', '/assets/images/alcaldia.png', 713);

    INSERT INTO public.recurso(id, tipo, enlace, vocablo_id)
      VALUES (1427, 'video', 'https://youtube.com/watch?v=2KBmJvKjEO8', 713);
    
    INSERT INTO public.vocablo(id, palabra, tema_id)
      VALUES (714, 'Alfombra', 21);
    
    INSERT INTO public.recurso(id, tipo, enlace, vocablo_id)
      VALUES (1428, 'image', '/assets/images/alfombra.png', 714);

    INSERT INTO public.recurso(id, tipo, enlace, vocablo_id)
      VALUES (1429, 'video', 'https://youtube.com/watch?v=s17wEjJ55eE', 714);
    
    INSERT INTO public.vocablo(id, palabra, tema_id)
      VALUES (715, 'Alimentos', 0);
    
    INSERT INTO public.recurso(id, tipo, enlace, vocablo_id)
      VALUES (1430, 'image', '/assets/images/alimentos.png', 715);

    INSERT INTO public.recurso(id, tipo, enlace, vocablo_id)
      VALUES (1431, 'video', 'https://youtube.com/watch?v=U7ySHp5UFEg', 715);
    
    INSERT INTO public.vocablo(id, palabra, tema_id)
      VALUES (716, 'Almohada', 21);
    
    INSERT INTO public.recurso(id, tipo, enlace, vocablo_id)
      VALUES (1432, 'image', '/assets/images/almohada.png', 716);

    INSERT INTO public.recurso(id, tipo, enlace, vocablo_id)
      VALUES (1433, 'video', 'https://youtube.com/watch?v=F-auGudBf7U', 716);
    
    INSERT INTO public.vocablo(id, palabra, tema_id)
      VALUES (717, 'Animales acuáticos', 1);
    
    INSERT INTO public.recurso(id, tipo, enlace, vocablo_id)
      VALUES (1434, 'image', '/assets/images/animales-acuaticos.png', 717);

    INSERT INTO public.recurso(id, tipo, enlace, vocablo_id)
      VALUES (1435, 'video', 'https://youtube.com/watch?v=RugzJYtDbaU', 717);
    
    INSERT INTO public.vocablo(id, palabra, tema_id)
      VALUES (718, 'Animales domésticos', 1);
    
    INSERT INTO public.recurso(id, tipo, enlace, vocablo_id)
      VALUES (1436, 'image', '/assets/images/animales-domesticos.png', 718);

    INSERT INTO public.recurso(id, tipo, enlace, vocablo_id)
      VALUES (1437, 'video', 'https://youtube.com/watch?v=Oq3qj4mB0eo', 718);
    
    INSERT INTO public.vocablo(id, palabra, tema_id)
      VALUES (719, 'Animales salvajes', 1);
    
    INSERT INTO public.recurso(id, tipo, enlace, vocablo_id)
      VALUES (1438, 'image', '/assets/images/animales-salvajes.png', 719);

    INSERT INTO public.recurso(id, tipo, enlace, vocablo_id)
      VALUES (1439, 'video', 'https://youtube.com/watch?v=Yo1DOVQ2wEA', 719);
    
    INSERT INTO public.vocablo(id, palabra, tema_id)
      VALUES (720, 'Atrás', 18);
    
    INSERT INTO public.recurso(id, tipo, enlace, vocablo_id)
      VALUES (1440, 'image', '/assets/images/atras.png', 720);

    INSERT INTO public.recurso(id, tipo, enlace, vocablo_id)
      VALUES (1441, 'video', 'https://youtube.com/watch?v=Hxam8QAR580', 720);
    
    INSERT INTO public.vocablo(id, palabra, tema_id)
      VALUES (721, 'Azúcar', 0);
    
    INSERT INTO public.recurso(id, tipo, enlace, vocablo_id)
      VALUES (1442, 'image', '/assets/images/azucar.png', 721);

    INSERT INTO public.recurso(id, tipo, enlace, vocablo_id)
      VALUES (1443, 'video', 'https://youtube.com/watch?v=nsLfTsU2ex8', 721);
    
    INSERT INTO public.vocablo(id, palabra, tema_id)
      VALUES (722, 'Ballena', 1);
    
    INSERT INTO public.recurso(id, tipo, enlace, vocablo_id)
      VALUES (1444, 'image', '/assets/images/ballena.png', 722);

    INSERT INTO public.recurso(id, tipo, enlace, vocablo_id)
      VALUES (1445, 'video', 'https://youtube.com/watch?v=WLrWJ5bFazk', 722);
    
    INSERT INTO public.vocablo(id, palabra, tema_id)
      VALUES (723, 'Batidor', 30);
    
    INSERT INTO public.recurso(id, tipo, enlace, vocablo_id)
      VALUES (1446, 'image', '/assets/images/batidor.png', 723);

    INSERT INTO public.recurso(id, tipo, enlace, vocablo_id)
      VALUES (1447, 'video', 'https://youtube.com/watch?v=FZESUFmixn4', 723);
    
    INSERT INTO public.vocablo(id, palabra, tema_id)
      VALUES (724, 'Blanco', 4);
    
    INSERT INTO public.recurso(id, tipo, enlace, vocablo_id)
      VALUES (1448, 'image', '/assets/images/blanco.png', 724);

    INSERT INTO public.recurso(id, tipo, enlace, vocablo_id)
      VALUES (1449, 'video', 'https://youtube.com/watch?v=6y0o1BJ_ASM', 724);
    
    INSERT INTO public.vocablo(id, palabra, tema_id)
      VALUES (725, 'Bolígrafo', 30);
    
    INSERT INTO public.recurso(id, tipo, enlace, vocablo_id)
      VALUES (1450, 'image', '/assets/images/boligrafo.png', 725);

    INSERT INTO public.recurso(id, tipo, enlace, vocablo_id)
      VALUES (1451, 'video', 'https://youtube.com/watch?v=SK3vIkP_mIM', 725);
    
    INSERT INTO public.vocablo(id, palabra, tema_id)
      VALUES (726, 'Borgoña', 4);
    
    INSERT INTO public.recurso(id, tipo, enlace, vocablo_id)
      VALUES (1452, 'image', '/assets/images/borgona.png', 726);

    INSERT INTO public.recurso(id, tipo, enlace, vocablo_id)
      VALUES (1453, 'video', 'https://youtube.com/watch?v=tYezZ86EvKA', 726);
    
    INSERT INTO public.vocablo(id, palabra, tema_id)
      VALUES (727, 'Brillo', 3);
    
    INSERT INTO public.recurso(id, tipo, enlace, vocablo_id)
      VALUES (1454, 'image', '/assets/images/brillo.png', 727);

    INSERT INTO public.recurso(id, tipo, enlace, vocablo_id)
      VALUES (1455, 'video', 'https://youtube.com/watch?v=nBglgNWtdEU', 727);
    
    INSERT INTO public.vocablo(id, palabra, tema_id)
      VALUES (728, 'Caballo', 1);
    
    INSERT INTO public.recurso(id, tipo, enlace, vocablo_id)
      VALUES (1456, 'image', '/assets/images/caballo.png', 728);

    INSERT INTO public.recurso(id, tipo, enlace, vocablo_id)
      VALUES (1457, 'video', 'https://youtube.com/watch?v=q1RuEFbrLQ4', 728);
    
    INSERT INTO public.vocablo(id, palabra, tema_id)
      VALUES (729, 'Caballo de mar', 1);
    
    INSERT INTO public.recurso(id, tipo, enlace, vocablo_id)
      VALUES (1458, 'image', '/assets/images/caballo-de-mar.png', 729);

    INSERT INTO public.recurso(id, tipo, enlace, vocablo_id)
      VALUES (1459, 'video', 'https://youtube.com/watch?v=Ou2-QFRGd6o', 729);
    
    INSERT INTO public.vocablo(id, palabra, tema_id)
      VALUES (730, 'Calor', 39);
    
    INSERT INTO public.recurso(id, tipo, enlace, vocablo_id)
      VALUES (1460, 'image', '/assets/images/calor.png', 730);

    INSERT INTO public.recurso(id, tipo, enlace, vocablo_id)
      VALUES (1461, 'video', 'https://youtube.com/watch?v=Ce5jCBIKRgQ', 730);
    
    INSERT INTO public.vocablo(id, palabra, tema_id)
      VALUES (731, 'Cama individual', 21);
    
    INSERT INTO public.recurso(id, tipo, enlace, vocablo_id)
      VALUES (1462, 'image', '/assets/images/cama-individual.png', 731);

    INSERT INTO public.recurso(id, tipo, enlace, vocablo_id)
      VALUES (1463, 'video', 'https://youtube.com/watch?v=-_50wSr9iTY', 731);
    
    INSERT INTO public.vocablo(id, palabra, tema_id)
      VALUES (732, 'Cama matrimonial', 21);
    
    INSERT INTO public.recurso(id, tipo, enlace, vocablo_id)
      VALUES (1464, 'image', '/assets/images/cama-matrimonial.png', 732);

    INSERT INTO public.recurso(id, tipo, enlace, vocablo_id)
      VALUES (1465, 'video', 'https://youtube.com/watch?v=ld3JW9rwikU', 732);
    
    INSERT INTO public.vocablo(id, palabra, tema_id)
      VALUES (733, 'Camello', 14);
    
    INSERT INTO public.recurso(id, tipo, enlace, vocablo_id)
      VALUES (1466, 'image', '/assets/images/camello.png', 733);

    INSERT INTO public.recurso(id, tipo, enlace, vocablo_id)
      VALUES (1467, 'video', 'https://youtube.com/watch?v=LnVn9IPyxDo', 733);
    
    INSERT INTO public.vocablo(id, palabra, tema_id)
      VALUES (734, 'Cangrejo', 1);
    
    INSERT INTO public.recurso(id, tipo, enlace, vocablo_id)
      VALUES (1468, 'image', '/assets/images/cangrejo.png', 734);

    INSERT INTO public.recurso(id, tipo, enlace, vocablo_id)
      VALUES (1469, 'video', 'https://youtube.com/watch?v=Z-PEL8wGFEg', 734);
    
    INSERT INTO public.vocablo(id, palabra, tema_id)
      VALUES (735, 'Canguro', 1);
    
    INSERT INTO public.recurso(id, tipo, enlace, vocablo_id)
      VALUES (1470, 'image', '/assets/images/canguro.png', 735);

    INSERT INTO public.recurso(id, tipo, enlace, vocablo_id)
      VALUES (1471, 'video', 'https://youtube.com/watch?v=eEdB0kApYB4', 735);
    
    INSERT INTO public.vocablo(id, palabra, tema_id)
      VALUES (736, 'Carne molida', 0);
    
    INSERT INTO public.recurso(id, tipo, enlace, vocablo_id)
      VALUES (1472, 'image', '/assets/images/carne-molida.png', 736);

    INSERT INTO public.recurso(id, tipo, enlace, vocablo_id)
      VALUES (1473, 'video', 'https://youtube.com/watch?v=dqux49mhUjY', 736);
    
    INSERT INTO public.vocablo(id, palabra, tema_id)
      VALUES (737, 'Casado', 5);
    
    INSERT INTO public.recurso(id, tipo, enlace, vocablo_id)
      VALUES (1474, 'image', '/assets/images/casado.png', 737);

    INSERT INTO public.recurso(id, tipo, enlace, vocablo_id)
      VALUES (1475, 'video', 'https://youtube.com/watch?v=DhPNgsGvPVQ', 737);
    
    INSERT INTO public.vocablo(id, palabra, tema_id)
      VALUES (738, 'Catorce', 20);
    
    INSERT INTO public.recurso(id, tipo, enlace, vocablo_id)
      VALUES (1476, 'image', '/assets/images/catorce.png', 738);

    INSERT INTO public.recurso(id, tipo, enlace, vocablo_id)
      VALUES (1477, 'video', 'https://youtube.com/watch?v=bniL7TnW40s', 738);
    
    INSERT INTO public.vocablo(id, palabra, tema_id)
      VALUES (739, 'Cebra', 1);
    
    INSERT INTO public.recurso(id, tipo, enlace, vocablo_id)
      VALUES (1478, 'image', '/assets/images/cebra.png', 739);

    INSERT INTO public.recurso(id, tipo, enlace, vocablo_id)
      VALUES (1479, 'video', 'https://youtube.com/watch?v=TjkZU0FvHxw', 739);
    
    INSERT INTO public.vocablo(id, palabra, tema_id)
      VALUES (740, 'Cepillo dental', 30);
    
    INSERT INTO public.recurso(id, tipo, enlace, vocablo_id)
      VALUES (1480, 'image', '/assets/images/cepillo-dental.png', 740);

    INSERT INTO public.recurso(id, tipo, enlace, vocablo_id)
      VALUES (1481, 'video', 'https://youtube.com/watch?v=xFJ5chzSKcM', 740);
    
    INSERT INTO public.vocablo(id, palabra, tema_id)
      VALUES (741, 'Cereza', 9);
    
    INSERT INTO public.recurso(id, tipo, enlace, vocablo_id)
      VALUES (1482, 'image', '/assets/images/cereza.png', 741);

    INSERT INTO public.recurso(id, tipo, enlace, vocablo_id)
      VALUES (1483, 'video', 'https://youtube.com/watch?v=0Bn4OIgFsmM', 741);
    
    INSERT INTO public.vocablo(id, palabra, tema_id)
      VALUES (742, 'Cero', 16);
    
    INSERT INTO public.recurso(id, tipo, enlace, vocablo_id)
      VALUES (1484, 'image', '/assets/images/cero.png', 742);

    INSERT INTO public.recurso(id, tipo, enlace, vocablo_id)
      VALUES (1485, 'video', 'https://youtube.com/watch?v=CT3-bhglo_g', 742);
    
    INSERT INTO public.vocablo(id, palabra, tema_id)
      VALUES (743, 'Champiñon', 0);
    
    INSERT INTO public.recurso(id, tipo, enlace, vocablo_id)
      VALUES (1486, 'image', '/assets/images/champinon.png', 743);

    INSERT INTO public.recurso(id, tipo, enlace, vocablo_id)
      VALUES (1487, 'video', 'https://youtube.com/watch?v=Xu0MMM2Z4ic', 743);
    
    INSERT INTO public.vocablo(id, palabra, tema_id)
      VALUES (744, 'Cheez Whiz', 0);
    
    INSERT INTO public.recurso(id, tipo, enlace, vocablo_id)
      VALUES (1488, 'image', '/assets/images/cheez-whiz.png', 744);

    INSERT INTO public.recurso(id, tipo, enlace, vocablo_id)
      VALUES (1489, 'video', 'https://youtube.com/watch?v=EaqLQS_FaZc', 744);
    
    INSERT INTO public.vocablo(id, palabra, tema_id)
      VALUES (745, 'Chofer', 22);
    
    INSERT INTO public.recurso(id, tipo, enlace, vocablo_id)
      VALUES (1490, 'image', '/assets/images/chofer.png', 745);

    INSERT INTO public.recurso(id, tipo, enlace, vocablo_id)
      VALUES (1491, 'video', 'https://youtube.com/watch?v=2BCFCinycn0', 745);
    
    INSERT INTO public.vocablo(id, palabra, tema_id)
      VALUES (746, 'Cien míl', 20);
    
    INSERT INTO public.recurso(id, tipo, enlace, vocablo_id)
      VALUES (1492, 'image', '/assets/images/cien-mil.png', 746);

    INSERT INTO public.recurso(id, tipo, enlace, vocablo_id)
      VALUES (1493, 'video', 'https://youtube.com/watch?v=sXRQhSkz6Tc', 746);
    
    INSERT INTO public.vocablo(id, palabra, tema_id)
      VALUES (747, 'Cinta plástica', 30);
    
    INSERT INTO public.recurso(id, tipo, enlace, vocablo_id)
      VALUES (1494, 'image', '/assets/images/cinta-plastica.png', 747);

    INSERT INTO public.recurso(id, tipo, enlace, vocablo_id)
      VALUES (1495, 'video', 'https://youtube.com/watch?v=2Rb34d3DegI', 747);
    
    INSERT INTO public.vocablo(id, palabra, tema_id)
      VALUES (748, 'Ciruela', 9);
    
    INSERT INTO public.recurso(id, tipo, enlace, vocablo_id)
      VALUES (1496, 'image', '/assets/images/ciruela.png', 748);

    INSERT INTO public.recurso(id, tipo, enlace, vocablo_id)
      VALUES (1497, 'video', 'https://youtube.com/watch?v=Uwy8zbIWqew', 748);
    
    INSERT INTO public.vocablo(id, palabra, tema_id)
      VALUES (749, 'Clima', 39);
    
    INSERT INTO public.recurso(id, tipo, enlace, vocablo_id)
      VALUES (1498, 'image', '/assets/images/clima.png', 749);

    INSERT INTO public.recurso(id, tipo, enlace, vocablo_id)
      VALUES (1499, 'video', 'https://youtube.com/watch?v=eusyUP-C1lU', 749);
    
    INSERT INTO public.vocablo(id, palabra, tema_id)
      VALUES (750, 'Closet', 21);
    
    INSERT INTO public.recurso(id, tipo, enlace, vocablo_id)
      VALUES (1500, 'image', '/assets/images/closet.png', 750);

    INSERT INTO public.recurso(id, tipo, enlace, vocablo_id)
      VALUES (1501, 'video', 'https://youtube.com/watch?v=FngGUjU-Pdc', 750);
    
    INSERT INTO public.vocablo(id, palabra, tema_id)
      VALUES (751, 'Cobija', 21);
    
    INSERT INTO public.recurso(id, tipo, enlace, vocablo_id)
      VALUES (1502, 'image', '/assets/images/cobija.png', 751);

    INSERT INTO public.recurso(id, tipo, enlace, vocablo_id)
      VALUES (1503, 'video', 'https://youtube.com/watch?v=kxqRl_54l3Q', 751);
    
    INSERT INTO public.vocablo(id, palabra, tema_id)
      VALUES (752, 'Cocina a gas', 21);
    
    INSERT INTO public.recurso(id, tipo, enlace, vocablo_id)
      VALUES (1504, 'image', '/assets/images/cocina-a-gas.png', 752);

    INSERT INTO public.recurso(id, tipo, enlace, vocablo_id)
      VALUES (1505, 'video', 'https://youtube.com/watch?v=6xiB3FtLXHM', 752);
    
    INSERT INTO public.vocablo(id, palabra, tema_id)
      VALUES (753, 'Cocina eléctrica', 21);
    
    INSERT INTO public.recurso(id, tipo, enlace, vocablo_id)
      VALUES (1506, 'image', '/assets/images/cocina-electrica.png', 753);

    INSERT INTO public.recurso(id, tipo, enlace, vocablo_id)
      VALUES (1507, 'video', 'https://youtube.com/watch?v=BcrAa0ogu9Y', 753);
    
    INSERT INTO public.vocablo(id, palabra, tema_id)
      VALUES (754, 'Colador', 21);
    
    INSERT INTO public.recurso(id, tipo, enlace, vocablo_id)
      VALUES (1508, 'image', '/assets/images/colador.png', 754);

    INSERT INTO public.recurso(id, tipo, enlace, vocablo_id)
      VALUES (1509, 'video', 'https://youtube.com/watch?v=4FAhhrmVa5o', 754);
    
    INSERT INTO public.vocablo(id, palabra, tema_id)
      VALUES (755, 'Colador de café', 21);
    
    INSERT INTO public.recurso(id, tipo, enlace, vocablo_id)
      VALUES (1510, 'image', '/assets/images/colador-de-cafe.png', 755);

    INSERT INTO public.recurso(id, tipo, enlace, vocablo_id)
      VALUES (1511, 'video', 'https://youtube.com/watch?v=Yc9Xz46hwjA', 755);
    
    INSERT INTO public.vocablo(id, palabra, tema_id)
      VALUES (756, 'Colgar', 18);
    
    INSERT INTO public.recurso(id, tipo, enlace, vocablo_id)
      VALUES (1512, 'image', '/assets/images/colgar.png', 756);

    INSERT INTO public.recurso(id, tipo, enlace, vocablo_id)
      VALUES (1513, 'video', 'https://youtube.com/watch?v=54jLhEoPfhs', 756);
    
    INSERT INTO public.vocablo(id, palabra, tema_id)
      VALUES (757, 'Colores', 4);
    
    INSERT INTO public.recurso(id, tipo, enlace, vocablo_id)
      VALUES (1514, 'image', '/assets/images/colores.png', 757);

    INSERT INTO public.recurso(id, tipo, enlace, vocablo_id)
      VALUES (1515, 'video', 'https://youtube.com/watch?v=uVZRciSabq8', 757);
    
    INSERT INTO public.vocablo(id, palabra, tema_id)
      VALUES (758, 'Computadora', 30);
    
    INSERT INTO public.recurso(id, tipo, enlace, vocablo_id)
      VALUES (1516, 'image', '/assets/images/computadora.png', 758);

    INSERT INTO public.recurso(id, tipo, enlace, vocablo_id)
      VALUES (1517, 'video', 'https://youtube.com/watch?v=46bX2RI6POM', 758);
    
    INSERT INTO public.vocablo(id, palabra, tema_id)
      VALUES (759, 'Conjuntivitis', 7);
    
    INSERT INTO public.recurso(id, tipo, enlace, vocablo_id)
      VALUES (1518, 'image', '/assets/images/conjuntivitis.png', 759);

    INSERT INTO public.recurso(id, tipo, enlace, vocablo_id)
      VALUES (1519, 'video', 'https://youtube.com/watch?v=cwrjW4G43hw', 759);
    
    INSERT INTO public.vocablo(id, palabra, tema_id)
      VALUES (760, 'Contaminación', 7);
    
    INSERT INTO public.recurso(id, tipo, enlace, vocablo_id)
      VALUES (1520, 'image', '/assets/images/contaminacion.png', 760);

    INSERT INTO public.recurso(id, tipo, enlace, vocablo_id)
      VALUES (1521, 'video', 'https://youtube.com/watch?v=Ldsl6kNO7BQ', 760);
    
    INSERT INTO public.vocablo(id, palabra, tema_id)
      VALUES (761, 'Cortina', 21);
    
    INSERT INTO public.recurso(id, tipo, enlace, vocablo_id)
      VALUES (1522, 'image', '/assets/images/cortina.png', 761);

    INSERT INTO public.recurso(id, tipo, enlace, vocablo_id)
      VALUES (1523, 'video', 'https://youtube.com/watch?v=GvcR5LrEpOM', 761);
    
    INSERT INTO public.vocablo(id, palabra, tema_id)
      VALUES (762, 'Crema de leche', 0);
    
    INSERT INTO public.recurso(id, tipo, enlace, vocablo_id)
      VALUES (1524, 'image', '/assets/images/crema-de-leche.png', 762);

    INSERT INTO public.recurso(id, tipo, enlace, vocablo_id)
      VALUES (1525, 'video', 'https://youtube.com/watch?v=y1OrABgwa2M', 762);
    
    INSERT INTO public.vocablo(id, palabra, tema_id)
      VALUES (763, 'Cuchára', 30);
    
    INSERT INTO public.recurso(id, tipo, enlace, vocablo_id)
      VALUES (1526, 'image', '/assets/images/cuchara.png', 763);

    INSERT INTO public.recurso(id, tipo, enlace, vocablo_id)
      VALUES (1527, 'video', 'https://youtube.com/watch?v=3COkbX4rbcM', 763);
    
    INSERT INTO public.vocablo(id, palabra, tema_id)
      VALUES (764, 'Cuna', 21);
    
    INSERT INTO public.recurso(id, tipo, enlace, vocablo_id)
      VALUES (1528, 'image', '/assets/images/cuna.png', 764);

    INSERT INTO public.recurso(id, tipo, enlace, vocablo_id)
      VALUES (1529, 'video', 'https://youtube.com/watch?v=kWR1YyKmJFo', 764);
    
    INSERT INTO public.vocablo(id, palabra, tema_id)
      VALUES (765, 'Cuñado', 25);
    
    INSERT INTO public.recurso(id, tipo, enlace, vocablo_id)
      VALUES (1530, 'image', '/assets/images/cunado.png', 765);

    INSERT INTO public.recurso(id, tipo, enlace, vocablo_id)
      VALUES (1531, 'video', 'https://youtube.com/watch?v=Fhb-o66hilA', 765);
    
    INSERT INTO public.vocablo(id, palabra, tema_id)
      VALUES (766, 'Derecha', 18);
    
    INSERT INTO public.recurso(id, tipo, enlace, vocablo_id)
      VALUES (1532, 'image', '/assets/images/derecha.png', 766);

    INSERT INTO public.recurso(id, tipo, enlace, vocablo_id)
      VALUES (1533, 'video', 'https://youtube.com/watch?v=TB6u6ketHo8', 766);
    
    INSERT INTO public.vocablo(id, palabra, tema_id)
      VALUES (767, 'Diablito', 7);
    
    INSERT INTO public.recurso(id, tipo, enlace, vocablo_id)
      VALUES (1534, 'image', '/assets/images/diablito.png', 767);

    INSERT INTO public.recurso(id, tipo, enlace, vocablo_id)
      VALUES (1535, 'video', 'https://youtube.com/watch?v=Gah8GYbw_wo', 767);
    
    INSERT INTO public.vocablo(id, palabra, tema_id)
      VALUES (768, 'Diecinueve', 20);
    
    INSERT INTO public.recurso(id, tipo, enlace, vocablo_id)
      VALUES (1536, 'image', '/assets/images/diecinueve.png', 768);

    INSERT INTO public.recurso(id, tipo, enlace, vocablo_id)
      VALUES (1537, 'video', 'https://youtube.com/watch?v=5iWiYxltdwc', 768);
    
    INSERT INTO public.vocablo(id, palabra, tema_id)
      VALUES (769, 'Dieciocho', 20);
    
    INSERT INTO public.recurso(id, tipo, enlace, vocablo_id)
      VALUES (1538, 'image', '/assets/images/dieciocho.png', 769);

    INSERT INTO public.recurso(id, tipo, enlace, vocablo_id)
      VALUES (1539, 'video', 'https://youtube.com/watch?v=yWYbvN7oh8Q', 769);
    
    INSERT INTO public.vocablo(id, palabra, tema_id)
      VALUES (770, 'Diecisiete', 20);
    
    INSERT INTO public.recurso(id, tipo, enlace, vocablo_id)
      VALUES (1540, 'image', '/assets/images/diecisiete.png', 770);

    INSERT INTO public.recurso(id, tipo, enlace, vocablo_id)
      VALUES (1541, 'video', 'https://youtube.com/watch?v=LyscscQmAuc', 770);
    
    INSERT INTO public.vocablo(id, palabra, tema_id)
      VALUES (771, 'Diez míl', 20);
    
    INSERT INTO public.recurso(id, tipo, enlace, vocablo_id)
      VALUES (1542, 'image', '/assets/images/diez-mil.png', 771);

    INSERT INTO public.recurso(id, tipo, enlace, vocablo_id)
      VALUES (1543, 'video', 'https://youtube.com/watch?v=PdD3OPHksVY', 771);
    
    INSERT INTO public.vocablo(id, palabra, tema_id)
      VALUES (772, 'Director', 22);
    
    INSERT INTO public.recurso(id, tipo, enlace, vocablo_id)
      VALUES (1544, 'image', '/assets/images/director.png', 772);

    INSERT INTO public.recurso(id, tipo, enlace, vocablo_id)
      VALUES (1545, 'video', 'https://youtube.com/watch?v=YnUkf6g17pg', 772);
    
    INSERT INTO public.vocablo(id, palabra, tema_id)
      VALUES (773, 'Divorciado', 25);
    
    INSERT INTO public.recurso(id, tipo, enlace, vocablo_id)
      VALUES (1546, 'image', '/assets/images/divorciado.png', 773);

    INSERT INTO public.recurso(id, tipo, enlace, vocablo_id)
      VALUES (1547, 'video', 'https://youtube.com/watch?v=5mfhveITeKE', 773);
    
    INSERT INTO public.vocablo(id, palabra, tema_id)
      VALUES (774, 'Doce', 20);
    
    INSERT INTO public.recurso(id, tipo, enlace, vocablo_id)
      VALUES (1548, 'image', '/assets/images/doce.png', 774);

    INSERT INTO public.recurso(id, tipo, enlace, vocablo_id)
      VALUES (1549, 'video', 'https://youtube.com/watch?v=pTBRrH3XZgQ', 774);
    
    INSERT INTO public.vocablo(id, palabra, tema_id)
      VALUES (775, 'Dos mil', 20);
    
    INSERT INTO public.recurso(id, tipo, enlace, vocablo_id)
      VALUES (1550, 'image', '/assets/images/dos-mil.png', 775);

    INSERT INTO public.recurso(id, tipo, enlace, vocablo_id)
      VALUES (1551, 'video', 'https://youtube.com/watch?v=Sx9BXM5_-rs', 775);
    
    INSERT INTO public.vocablo(id, palabra, tema_id)
      VALUES (776, 'Dos millones', 20);
    
    INSERT INTO public.recurso(id, tipo, enlace, vocablo_id)
      VALUES (1552, 'image', '/assets/images/dos-millones.png', 776);

    INSERT INTO public.recurso(id, tipo, enlace, vocablo_id)
      VALUES (1553, 'video', 'https://youtube.com/watch?v=o6E-N_mOKrk', 776);
    
    INSERT INTO public.vocablo(id, palabra, tema_id)
      VALUES (777, 'Doscientos', 20);
    
    INSERT INTO public.recurso(id, tipo, enlace, vocablo_id)
      VALUES (1554, 'image', '/assets/images/doscientos.png', 777);

    INSERT INTO public.recurso(id, tipo, enlace, vocablo_id)
      VALUES (1555, 'video', 'https://youtube.com/watch?v=HHmDRWgvGpc', 777);
    
    INSERT INTO public.vocablo(id, palabra, tema_id)
      VALUES (778, 'Ducha', 21);
    
    INSERT INTO public.recurso(id, tipo, enlace, vocablo_id)
      VALUES (1556, 'image', '/assets/images/ducha.png', 778);

    INSERT INTO public.recurso(id, tipo, enlace, vocablo_id)
      VALUES (1557, 'video', 'https://youtube.com/watch?v=6RCax1YaHd4', 778);
    
    INSERT INTO public.vocablo(id, palabra, tema_id)
      VALUES (779, 'Ducha de teléfono', 21);
    
    INSERT INTO public.recurso(id, tipo, enlace, vocablo_id)
      VALUES (1558, 'image', '/assets/images/ducha-de-telefono.png', 779);

    INSERT INTO public.recurso(id, tipo, enlace, vocablo_id)
      VALUES (1559, 'video', 'https://youtube.com/watch?v=Zqev3y5KUnI', 779);
    
    INSERT INTO public.vocablo(id, palabra, tema_id)
      VALUES (780, 'Días de la semana', 5);
    
    INSERT INTO public.recurso(id, tipo, enlace, vocablo_id)
      VALUES (1560, 'image', '/assets/images/dias-de-la-semana.png', 780);

    INSERT INTO public.recurso(id, tipo, enlace, vocablo_id)
      VALUES (1561, 'video', 'https://youtube.com/watch?v=JMFryVTm8wg', 780);
    
    INSERT INTO public.vocablo(id, palabra, tema_id)
      VALUES (781, 'Electricista', 22);
    
    INSERT INTO public.recurso(id, tipo, enlace, vocablo_id)
      VALUES (1562, 'image', '/assets/images/electricista.png', 781);

    INSERT INTO public.recurso(id, tipo, enlace, vocablo_id)
      VALUES (1563, 'video', 'https://youtube.com/watch?v=4KofJxK2os8', 781);
    
    INSERT INTO public.vocablo(id, palabra, tema_id)
      VALUES (782, 'Empanada', 0);
    
    INSERT INTO public.recurso(id, tipo, enlace, vocablo_id)
      VALUES (1564, 'image', '/assets/images/empanada.png', 782);

    INSERT INTO public.recurso(id, tipo, enlace, vocablo_id)
      VALUES (1565, 'video', 'https://youtube.com/watch?v=LGSaZuM8rXo', 782);
    
    INSERT INTO public.vocablo(id, palabra, tema_id)
      VALUES (783, 'Empresario', 22);
    
    INSERT INTO public.recurso(id, tipo, enlace, vocablo_id)
      VALUES (1566, 'image', '/assets/images/empresario.png', 783);

    INSERT INTO public.recurso(id, tipo, enlace, vocablo_id)
      VALUES (1567, 'video', 'https://youtube.com/watch?v=MtoZVBQ_uA0', 783);
    
    INSERT INTO public.vocablo(id, palabra, tema_id)
      VALUES (784, 'Encima', 18);
    
    INSERT INTO public.recurso(id, tipo, enlace, vocablo_id)
      VALUES (1568, 'image', '/assets/images/encima.png', 784);

    INSERT INTO public.recurso(id, tipo, enlace, vocablo_id)
      VALUES (1569, 'video', 'https://youtube.com/watch?v=ZJHxTfwlN4E', 784);
    
    INSERT INTO public.vocablo(id, palabra, tema_id)
      VALUES (785, 'Escalera', 21);
    
    INSERT INTO public.recurso(id, tipo, enlace, vocablo_id)
      VALUES (1570, 'image', '/assets/images/escalera.png', 785);

    INSERT INTO public.recurso(id, tipo, enlace, vocablo_id)
      VALUES (1571, 'video', 'https://youtube.com/watch?v=0u4Id_leOpQ', 785);
    
    INSERT INTO public.vocablo(id, palabra, tema_id)
      VALUES (786, 'Escuela Ofelia', 13);
    
    INSERT INTO public.recurso(id, tipo, enlace, vocablo_id)
      VALUES (1572, 'image', '/assets/images/escuela-ofelia.png', 786);

    INSERT INTO public.recurso(id, tipo, enlace, vocablo_id)
      VALUES (1573, 'video', 'https://youtube.com/watch?v=IRzC-j54zuA', 786);
    
    INSERT INTO public.vocablo(id, palabra, tema_id)
      VALUES (787, 'Espejo', 21);
    
    INSERT INTO public.recurso(id, tipo, enlace, vocablo_id)
      VALUES (1574, 'image', '/assets/images/espejo.png', 787);

    INSERT INTO public.recurso(id, tipo, enlace, vocablo_id)
      VALUES (1575, 'video', 'https://youtube.com/watch?v=p1Dr2g7-Ggo', 787);
    
    INSERT INTO public.vocablo(id, palabra, tema_id)
      VALUES (788, 'Espere un momento', 19);
    
    INSERT INTO public.recurso(id, tipo, enlace, vocablo_id)
      VALUES (1576, 'image', '/assets/images/espere-un-momento.png', 788);

    INSERT INTO public.recurso(id, tipo, enlace, vocablo_id)
      VALUES (1577, 'video', 'https://youtube.com/watch?v=-xA4KISKbwo', 788);
    
    INSERT INTO public.vocablo(id, palabra, tema_id)
      VALUES (789, 'Espátula', 30);
    
    INSERT INTO public.recurso(id, tipo, enlace, vocablo_id)
      VALUES (1578, 'image', '/assets/images/espatula.png', 789);

    INSERT INTO public.recurso(id, tipo, enlace, vocablo_id)
      VALUES (1579, 'video', 'https://youtube.com/watch?v=O7RdPTvx73Y', 789);
    
    INSERT INTO public.vocablo(id, palabra, tema_id)
      VALUES (790, 'Estrella de mar', 1);
    
    INSERT INTO public.recurso(id, tipo, enlace, vocablo_id)
      VALUES (1580, 'image', '/assets/images/estrella-de-mar.png', 790);

    INSERT INTO public.recurso(id, tipo, enlace, vocablo_id)
      VALUES (1581, 'video', 'https://youtube.com/watch?v=dMOyIo9ZWTU', 790);
    
    INSERT INTO public.vocablo(id, palabra, tema_id)
      VALUES (791, 'Familia', 25);
    
    INSERT INTO public.recurso(id, tipo, enlace, vocablo_id)
      VALUES (1582, 'image', '/assets/images/familia.png', 791);

    INSERT INTO public.recurso(id, tipo, enlace, vocablo_id)
      VALUES (1583, 'video', 'https://youtube.com/watch?v=2G-NXJYlTuU', 791);
    
    INSERT INTO public.vocablo(id, palabra, tema_id)
      VALUES (792, 'Florero', 21);
    
    INSERT INTO public.recurso(id, tipo, enlace, vocablo_id)
      VALUES (1584, 'image', '/assets/images/florero.png', 792);

    INSERT INTO public.recurso(id, tipo, enlace, vocablo_id)
      VALUES (1585, 'video', 'https://youtube.com/watch?v=jn5s0tVZExE', 792);
    
    INSERT INTO public.vocablo(id, palabra, tema_id)
      VALUES (793, 'Foca', 1);
    
    INSERT INTO public.recurso(id, tipo, enlace, vocablo_id)
      VALUES (1586, 'image', '/assets/images/foca.png', 793);

    INSERT INTO public.recurso(id, tipo, enlace, vocablo_id)
      VALUES (1587, 'video', 'https://youtube.com/watch?v=u2wnY1VOZxA', 793);
    
    INSERT INTO public.vocablo(id, palabra, tema_id)
      VALUES (794, 'Fotógrafo', 22);
    
    INSERT INTO public.recurso(id, tipo, enlace, vocablo_id)
      VALUES (1588, 'image', '/assets/images/fotografo.png', 794);

    INSERT INTO public.recurso(id, tipo, enlace, vocablo_id)
      VALUES (1589, 'video', 'https://youtube.com/watch?v=8Ko4dpKItzs', 794);
    
    INSERT INTO public.vocablo(id, palabra, tema_id)
      VALUES (795, 'Frambuesa', 9);
    
    INSERT INTO public.recurso(id, tipo, enlace, vocablo_id)
      VALUES (1590, 'image', '/assets/images/frambuesa.png', 795);

    INSERT INTO public.recurso(id, tipo, enlace, vocablo_id)
      VALUES (1591, 'video', 'https://youtube.com/watch?v=tI6Hke0AS8s', 795);
    
    INSERT INTO public.vocablo(id, palabra, tema_id)
      VALUES (796, 'Frutas', 9);
    
    INSERT INTO public.recurso(id, tipo, enlace, vocablo_id)
      VALUES (1592, 'image', '/assets/images/frutas.png', 796);

    INSERT INTO public.recurso(id, tipo, enlace, vocablo_id)
      VALUES (1593, 'video', 'https://youtube.com/watch?v=R_jZPhTJWb8', 796);
    
    INSERT INTO public.vocablo(id, palabra, tema_id)
      VALUES (797, 'Frío', 39);
    
    INSERT INTO public.recurso(id, tipo, enlace, vocablo_id)
      VALUES (1594, 'image', '/assets/images/frio.png', 797);

    INSERT INTO public.recurso(id, tipo, enlace, vocablo_id)
      VALUES (1595, 'video', 'https://youtube.com/watch?v=NVr-PeKMGy4', 797);
    
    INSERT INTO public.vocablo(id, palabra, tema_id)
      VALUES (798, 'Gemelo', 25);
    
    INSERT INTO public.recurso(id, tipo, enlace, vocablo_id)
      VALUES (1596, 'image', '/assets/images/gemelo.png', 798);

    INSERT INTO public.recurso(id, tipo, enlace, vocablo_id)
      VALUES (1597, 'video', 'https://youtube.com/watch?v=UWIVG-NER8w', 798);
    
    INSERT INTO public.vocablo(id, palabra, tema_id)
      VALUES (799, 'Goma de barra', 30);
    
    INSERT INTO public.recurso(id, tipo, enlace, vocablo_id)
      VALUES (1598, 'image', '/assets/images/goma-de-barra.png', 799);

    INSERT INTO public.recurso(id, tipo, enlace, vocablo_id)
      VALUES (1599, 'video', 'https://youtube.com/watch?v=HjYB2LvbJ60', 799);
    
    INSERT INTO public.vocablo(id, palabra, tema_id)
      VALUES (800, 'Goma líquida', 30);
    
    INSERT INTO public.recurso(id, tipo, enlace, vocablo_id)
      VALUES (1600, 'image', '/assets/images/goma-liquida.png', 800);

    INSERT INTO public.recurso(id, tipo, enlace, vocablo_id)
      VALUES (1601, 'video', 'https://youtube.com/watch?v=gE2NIU5AjnA', 800);
    
    INSERT INTO public.vocablo(id, palabra, tema_id)
      VALUES (801, 'Gorila', 1);
    
    INSERT INTO public.recurso(id, tipo, enlace, vocablo_id)
      VALUES (1602, 'image', '/assets/images/gorila.png', 801);

    INSERT INTO public.recurso(id, tipo, enlace, vocablo_id)
      VALUES (1603, 'video', 'https://youtube.com/watch?v=OD27Q9REQyM', 801);
    
    INSERT INTO public.vocablo(id, palabra, tema_id)
      VALUES (802, 'Gris', 4);
    
    INSERT INTO public.recurso(id, tipo, enlace, vocablo_id)
      VALUES (1604, 'image', '/assets/images/gris.png', 802);

    INSERT INTO public.recurso(id, tipo, enlace, vocablo_id)
      VALUES (1605, 'video', 'https://youtube.com/watch?v=Od_D-4cpowE', 802);
    
    INSERT INTO public.vocablo(id, palabra, tema_id)
      VALUES (803, 'Guayaba', 9);
    
    INSERT INTO public.recurso(id, tipo, enlace, vocablo_id)
      VALUES (1606, 'image', '/assets/images/guayaba.png', 803);

    INSERT INTO public.recurso(id, tipo, enlace, vocablo_id)
      VALUES (1607, 'video', 'https://youtube.com/watch?v=_ASya8ga23Y', 803);
    
    INSERT INTO public.vocablo(id, palabra, tema_id)
      VALUES (804, 'Guisantes', 0);
    
    INSERT INTO public.recurso(id, tipo, enlace, vocablo_id)
      VALUES (1608, 'image', '/assets/images/guisantes.png', 804);

    INSERT INTO public.recurso(id, tipo, enlace, vocablo_id)
      VALUES (1609, 'video', 'https://youtube.com/watch?v=Dm4xO8ZJVk0', 804);
    
    INSERT INTO public.vocablo(id, palabra, tema_id)
      VALUES (805, 'Habitación', 21);
    
    INSERT INTO public.recurso(id, tipo, enlace, vocablo_id)
      VALUES (1610, 'image', '/assets/images/habitacion.png', 805);

    INSERT INTO public.recurso(id, tipo, enlace, vocablo_id)
      VALUES (1611, 'video', 'https://youtube.com/watch?v=FxsWpTGCwpY', 805);
    
    INSERT INTO public.vocablo(id, palabra, tema_id)
      VALUES (806, 'Harina de trigo', 0);
    
    INSERT INTO public.recurso(id, tipo, enlace, vocablo_id)
      VALUES (1612, 'image', '/assets/images/harina-de-trigo.png', 806);

    INSERT INTO public.recurso(id, tipo, enlace, vocablo_id)
      VALUES (1613, 'video', 'https://youtube.com/watch?v=WgLkIxf7ipY', 806);
    
    INSERT INTO public.vocablo(id, palabra, tema_id)
      VALUES (807, 'Herencia', 25);
    
    INSERT INTO public.recurso(id, tipo, enlace, vocablo_id)
      VALUES (1614, 'image', '/assets/images/herencia.png', 807);

    INSERT INTO public.recurso(id, tipo, enlace, vocablo_id)
      VALUES (1615, 'video', 'https://youtube.com/watch?v=44XlGpDSjhc', 807);
    
    INSERT INTO public.vocablo(id, palabra, tema_id)
      VALUES (808, 'Hogar', 12);
    
    INSERT INTO public.recurso(id, tipo, enlace, vocablo_id)
      VALUES (1616, 'image', '/assets/images/hogar.png', 808);

    INSERT INTO public.recurso(id, tipo, enlace, vocablo_id)
      VALUES (1617, 'video', 'https://youtube.com/watch?v=Z-ev-gzxx24', 808);
    
    INSERT INTO public.vocablo(id, palabra, tema_id)
      VALUES (809, 'Hojas blancas', 21);
    
    INSERT INTO public.recurso(id, tipo, enlace, vocablo_id)
      VALUES (1618, 'image', '/assets/images/hojas-blancas.png', 809);

    INSERT INTO public.recurso(id, tipo, enlace, vocablo_id)
      VALUES (1619, 'video', 'https://youtube.com/watch?v=15y3pa2uwRs', 809);
    
    INSERT INTO public.vocablo(id, palabra, tema_id)
      VALUES (810, 'Huevo', 0);
    
    INSERT INTO public.recurso(id, tipo, enlace, vocablo_id)
      VALUES (1620, 'image', '/assets/images/huevo.png', 810);

    INSERT INTO public.recurso(id, tipo, enlace, vocablo_id)
      VALUES (1621, 'video', 'https://youtube.com/watch?v=E-KbHTOJnts', 810);
    
    INSERT INTO public.vocablo(id, palabra, tema_id)
      VALUES (811, 'Izquierda', 18);
    
    INSERT INTO public.recurso(id, tipo, enlace, vocablo_id)
      VALUES (1622, 'image', '/assets/images/izquierda.png', 811);

    INSERT INTO public.recurso(id, tipo, enlace, vocablo_id)
      VALUES (1623, 'video', 'https://youtube.com/watch?v=Xrr8lPXmm-g', 811);
    
    INSERT INTO public.vocablo(id, palabra, tema_id)
      VALUES (812, 'Jardín', 12);
    
    INSERT INTO public.recurso(id, tipo, enlace, vocablo_id)
      VALUES (1624, 'image', '/assets/images/jardin.png', 812);

    INSERT INTO public.recurso(id, tipo, enlace, vocablo_id)
      VALUES (1625, 'video', 'https://youtube.com/watch?v=FZ1ufLzK3G0', 812);
    
    INSERT INTO public.vocablo(id, palabra, tema_id)
      VALUES (813, 'Jengibre', 0);
    
    INSERT INTO public.recurso(id, tipo, enlace, vocablo_id)
      VALUES (1626, 'image', '/assets/images/jengibre.png', 813);

    INSERT INTO public.recurso(id, tipo, enlace, vocablo_id)
      VALUES (1627, 'video', 'https://youtube.com/watch?v=vInqcQQLu9Q', 813);
    
    INSERT INTO public.vocablo(id, palabra, tema_id)
      VALUES (814, 'Jirafa', 1);
    
    INSERT INTO public.recurso(id, tipo, enlace, vocablo_id)
      VALUES (1628, 'image', '/assets/images/jirafa.png', 814);

    INSERT INTO public.recurso(id, tipo, enlace, vocablo_id)
      VALUES (1629, 'video', 'https://youtube.com/watch?v=z4UpG9EAHu8', 814);
    
    INSERT INTO public.vocablo(id, palabra, tema_id)
      VALUES (815, 'Jueves', 5);
    
    INSERT INTO public.recurso(id, tipo, enlace, vocablo_id)
      VALUES (1630, 'image', '/assets/images/jueves.png', 815);

    INSERT INTO public.recurso(id, tipo, enlace, vocablo_id)
      VALUES (1631, 'video', 'https://youtube.com/watch?v=QSzJfeOO2JE', 815);
    
    INSERT INTO public.vocablo(id, palabra, tema_id)
      VALUES (816, 'Juez', 22);
    
    INSERT INTO public.recurso(id, tipo, enlace, vocablo_id)
      VALUES (1632, 'image', '/assets/images/juez.png', 816);

    INSERT INTO public.recurso(id, tipo, enlace, vocablo_id)
      VALUES (1633, 'video', 'https://youtube.com/watch?v=gsbHXft1kRs', 816);
    
    INSERT INTO public.vocablo(id, palabra, tema_id)
      VALUES (817, 'Jugo Natural', 0);
    
    INSERT INTO public.recurso(id, tipo, enlace, vocablo_id)
      VALUES (1634, 'image', '/assets/images/jugo-natural.png', 817);

    INSERT INTO public.recurso(id, tipo, enlace, vocablo_id)
      VALUES (1635, 'video', 'https://youtube.com/watch?v=dYmHx0jppwA', 817);
    
    INSERT INTO public.vocablo(id, palabra, tema_id)
      VALUES (818, 'Kiwi', 9);
    
    INSERT INTO public.recurso(id, tipo, enlace, vocablo_id)
      VALUES (1636, 'image', '/assets/images/kiwi.png', 818);

    INSERT INTO public.recurso(id, tipo, enlace, vocablo_id)
      VALUES (1637, 'video', 'https://youtube.com/watch?v=UUhx2PFYaUo', 818);
    
    INSERT INTO public.vocablo(id, palabra, tema_id)
      VALUES (819, 'Lapso', 19);
    
    INSERT INTO public.recurso(id, tipo, enlace, vocablo_id)
      VALUES (1638, 'image', '/assets/images/lapso.png', 819);

    INSERT INTO public.recurso(id, tipo, enlace, vocablo_id)
      VALUES (1639, 'video', 'https://youtube.com/watch?v=QQpCtxUi-9I', 819);
    
    INSERT INTO public.vocablo(id, palabra, tema_id)
      VALUES (820, 'Lavadero', 21);
    
    INSERT INTO public.recurso(id, tipo, enlace, vocablo_id)
      VALUES (1640, 'image', '/assets/images/lavadero.png', 820);

    INSERT INTO public.recurso(id, tipo, enlace, vocablo_id)
      VALUES (1641, 'video', 'https://youtube.com/watch?v=gV6cRLEoOL8', 820);
    
    INSERT INTO public.vocablo(id, palabra, tema_id)
      VALUES (821, 'Lavamanos', 21);
    
    INSERT INTO public.recurso(id, tipo, enlace, vocablo_id)
      VALUES (1642, 'image', '/assets/images/lavamanos.png', 821);

    INSERT INTO public.recurso(id, tipo, enlace, vocablo_id)
      VALUES (1643, 'video', 'https://youtube.com/watch?v=OI7d9j3viHQ', 821);
    
    INSERT INTO public.vocablo(id, palabra, tema_id)
      VALUES (822, 'Lechoza', 0);
    
    INSERT INTO public.recurso(id, tipo, enlace, vocablo_id)
      VALUES (1644, 'image', '/assets/images/lechoza.png', 822);

    INSERT INTO public.recurso(id, tipo, enlace, vocablo_id)
      VALUES (1645, 'video', 'https://youtube.com/watch?v=nKEp19iEV1I', 822);
    
    INSERT INTO public.vocablo(id, palabra, tema_id)
      VALUES (823, 'Lento', 18);
    
    INSERT INTO public.recurso(id, tipo, enlace, vocablo_id)
      VALUES (1646, 'image', '/assets/images/lento.png', 823);

    INSERT INTO public.recurso(id, tipo, enlace, vocablo_id)
      VALUES (1647, 'video', 'https://youtube.com/watch?v=ZYLwAopwix4', 823);
    
    INSERT INTO public.vocablo(id, palabra, tema_id)
      VALUES (824, 'Licuadora', 30);
    
    INSERT INTO public.recurso(id, tipo, enlace, vocablo_id)
      VALUES (1648, 'image', '/assets/images/licuadora.png', 824);

    INSERT INTO public.recurso(id, tipo, enlace, vocablo_id)
      VALUES (1649, 'video', 'https://youtube.com/watch?v=ehmdqx3ubsk', 824);
    
    INSERT INTO public.vocablo(id, palabra, tema_id)
      VALUES (825, 'Llegar tarde', 28);
    
    INSERT INTO public.recurso(id, tipo, enlace, vocablo_id)
      VALUES (1650, 'image', '/assets/images/llegar-tarde.png', 825);

    INSERT INTO public.recurso(id, tipo, enlace, vocablo_id)
      VALUES (1651, 'video', 'https://youtube.com/watch?v=Kjk9YKC7-zQ', 825);
    
    INSERT INTO public.vocablo(id, palabra, tema_id)
      VALUES (826, 'Lloviendo', 39);
    
    INSERT INTO public.recurso(id, tipo, enlace, vocablo_id)
      VALUES (1652, 'image', '/assets/images/lloviendo.png', 826);

    INSERT INTO public.recurso(id, tipo, enlace, vocablo_id)
      VALUES (1653, 'video', 'https://youtube.com/watch?v=zBxVQ5f2y5w', 826);
    
    INSERT INTO public.vocablo(id, palabra, tema_id)
      VALUES (827, 'Lobo', 1);
    
    INSERT INTO public.recurso(id, tipo, enlace, vocablo_id)
      VALUES (1654, 'image', '/assets/images/lobo.png', 827);

    INSERT INTO public.recurso(id, tipo, enlace, vocablo_id)
      VALUES (1655, 'video', 'https://youtube.com/watch?v=KWKlTWL1nn4', 827);
    
    INSERT INTO public.vocablo(id, palabra, tema_id)
      VALUES (828, 'Losa', 21);
    
    INSERT INTO public.recurso(id, tipo, enlace, vocablo_id)
      VALUES (1656, 'image', '/assets/images/losa.png', 828);

    INSERT INTO public.recurso(id, tipo, enlace, vocablo_id)
      VALUES (1657, 'video', 'https://youtube.com/watch?v=CvANXvOwN24', 828);
    
    INSERT INTO public.vocablo(id, palabra, tema_id)
      VALUES (829, 'Madre', 25);
    
    INSERT INTO public.recurso(id, tipo, enlace, vocablo_id)
      VALUES (1658, 'image', '/assets/images/madre.png', 829);

    INSERT INTO public.recurso(id, tipo, enlace, vocablo_id)
      VALUES (1659, 'video', 'https://youtube.com/watch?v=vlcZGfvG09A', 829);
    
    INSERT INTO public.vocablo(id, palabra, tema_id)
      VALUES (830, 'Maestro', 22);
    
    INSERT INTO public.recurso(id, tipo, enlace, vocablo_id)
      VALUES (1660, 'image', '/assets/images/maestro.png', 830);

    INSERT INTO public.recurso(id, tipo, enlace, vocablo_id)
      VALUES (1661, 'video', 'https://youtube.com/watch?v=12f1l_zLqn0', 830);
    
    INSERT INTO public.vocablo(id, palabra, tema_id)
      VALUES (831, 'Manga', 26);
    
    INSERT INTO public.recurso(id, tipo, enlace, vocablo_id)
      VALUES (1662, 'image', '/assets/images/manga.png', 831);

    INSERT INTO public.recurso(id, tipo, enlace, vocablo_id)
      VALUES (1663, 'video', 'https://youtube.com/watch?v=esQsEplkc6A', 831);
    
    INSERT INTO public.vocablo(id, palabra, tema_id)
      VALUES (832, 'Marcador de pizarra', 30);
    
    INSERT INTO public.recurso(id, tipo, enlace, vocablo_id)
      VALUES (1664, 'image', '/assets/images/marcador-de-pizarra.png', 832);

    INSERT INTO public.recurso(id, tipo, enlace, vocablo_id)
      VALUES (1665, 'video', 'https://youtube.com/watch?v=dk8h1P1VcWc', 832);
    
    INSERT INTO public.vocablo(id, palabra, tema_id)
      VALUES (833, 'Marcador fino', 30);
    
    INSERT INTO public.recurso(id, tipo, enlace, vocablo_id)
      VALUES (1666, 'image', '/assets/images/marcador-fino.png', 833);

    INSERT INTO public.recurso(id, tipo, enlace, vocablo_id)
      VALUES (1667, 'video', 'https://youtube.com/watch?v=Fa9XLRBpP4k', 833);
    
    INSERT INTO public.vocablo(id, palabra, tema_id)
      VALUES (834, 'Marcador permanente', 30);
    
    INSERT INTO public.recurso(id, tipo, enlace, vocablo_id)
      VALUES (1668, 'image', '/assets/images/marcador-permanente.png', 834);

    INSERT INTO public.recurso(id, tipo, enlace, vocablo_id)
      VALUES (1669, 'video', 'https://youtube.com/watch?v=n4um0ZRPVu4', 834);
    
    INSERT INTO public.vocablo(id, palabra, tema_id)
      VALUES (835, 'Marron', 4);
    
    INSERT INTO public.recurso(id, tipo, enlace, vocablo_id)
      VALUES (1670, 'image', '/assets/images/marron.png', 835);

    INSERT INTO public.recurso(id, tipo, enlace, vocablo_id)
      VALUES (1671, 'video', 'https://youtube.com/watch?v=cZizvlMU9Cs', 835);
    
    INSERT INTO public.vocablo(id, palabra, tema_id)
      VALUES (836, 'Marzo', 15);
    
    INSERT INTO public.recurso(id, tipo, enlace, vocablo_id)
      VALUES (1672, 'image', '/assets/images/marzo.png', 836);

    INSERT INTO public.recurso(id, tipo, enlace, vocablo_id)
      VALUES (1673, 'video', 'https://youtube.com/watch?v=UTdqWH9C3bI', 836);
    
    INSERT INTO public.vocablo(id, palabra, tema_id)
      VALUES (837, 'Mayonesa', 0);
    
    INSERT INTO public.recurso(id, tipo, enlace, vocablo_id)
      VALUES (1674, 'image', '/assets/images/mayonesa.png', 837);

    INSERT INTO public.recurso(id, tipo, enlace, vocablo_id)
      VALUES (1675, 'video', 'https://youtube.com/watch?v=Vt7N4hvddcE', 837);
    
    INSERT INTO public.vocablo(id, palabra, tema_id)
      VALUES (838, 'Melocotón', 9);
    
    INSERT INTO public.recurso(id, tipo, enlace, vocablo_id)
      VALUES (1676, 'image', '/assets/images/melocoton.png', 838);

    INSERT INTO public.recurso(id, tipo, enlace, vocablo_id)
      VALUES (1677, 'video', 'https://youtube.com/watch?v=UVxODM0LArM', 838);
    
    INSERT INTO public.vocablo(id, palabra, tema_id)
      VALUES (839, 'Mesa comedor', 21);
    
    INSERT INTO public.recurso(id, tipo, enlace, vocablo_id)
      VALUES (1678, 'image', '/assets/images/mesa-comedor.png', 839);

    INSERT INTO public.recurso(id, tipo, enlace, vocablo_id)
      VALUES (1679, 'video', 'https://youtube.com/watch?v=9tOGpIyshno', 839);
    
    INSERT INTO public.vocablo(id, palabra, tema_id)
      VALUES (840, 'Mesa de noche', 21);
    
    INSERT INTO public.recurso(id, tipo, enlace, vocablo_id)
      VALUES (1680, 'image', '/assets/images/mesa-de-noche.png', 840);

    INSERT INTO public.recurso(id, tipo, enlace, vocablo_id)
      VALUES (1681, 'video', 'https://youtube.com/watch?v=E1HWDRifQCA', 840);
    
    INSERT INTO public.vocablo(id, palabra, tema_id)
      VALUES (841, 'Meses del Año', 15);
    
    INSERT INTO public.recurso(id, tipo, enlace, vocablo_id)
      VALUES (1682, 'image', '/assets/images/meses-del-ano.png', 841);

    INSERT INTO public.recurso(id, tipo, enlace, vocablo_id)
      VALUES (1683, 'video', 'https://youtube.com/watch?v=lqBd9ja6Oug', 841);
    
    INSERT INTO public.vocablo(id, palabra, tema_id)
      VALUES (842, 'Mil', 16);
    
    INSERT INTO public.recurso(id, tipo, enlace, vocablo_id)
      VALUES (1684, 'image', '/assets/images/mil.png', 842);

    INSERT INTO public.recurso(id, tipo, enlace, vocablo_id)
      VALUES (1685, 'video', 'https://youtube.com/watch?v=PKPY8-OTFn4', 842);
    
    INSERT INTO public.vocablo(id, palabra, tema_id)
      VALUES (843, 'Minutos', 16);
    
    INSERT INTO public.recurso(id, tipo, enlace, vocablo_id)
      VALUES (1686, 'image', '/assets/images/minutos.png', 843);

    INSERT INTO public.recurso(id, tipo, enlace, vocablo_id)
      VALUES (1687, 'video', 'https://youtube.com/watch?v=qPys7lcwI98', 843);
    
    INSERT INTO public.vocablo(id, palabra, tema_id)
      VALUES (844, 'Mono', 1);
    
    INSERT INTO public.recurso(id, tipo, enlace, vocablo_id)
      VALUES (1688, 'image', '/assets/images/mono.png', 844);

    INSERT INTO public.recurso(id, tipo, enlace, vocablo_id)
      VALUES (1689, 'video', 'https://youtube.com/watch?v=V3_VPSccIgY', 844);
    
    INSERT INTO public.vocablo(id, palabra, tema_id)
      VALUES (845, 'Naranja', 9);
    
    INSERT INTO public.recurso(id, tipo, enlace, vocablo_id)
      VALUES (1690, 'image', '/assets/images/naranja.png', 845);

    INSERT INTO public.recurso(id, tipo, enlace, vocablo_id)
      VALUES (1691, 'video', 'https://youtube.com/watch?v=cYDg0RLqPcc', 845);
    
    INSERT INTO public.vocablo(id, palabra, tema_id)
      VALUES (846, 'Nestea', 0);
    
    INSERT INTO public.recurso(id, tipo, enlace, vocablo_id)
      VALUES (1692, 'image', '/assets/images/nestea.png', 846);

    INSERT INTO public.recurso(id, tipo, enlace, vocablo_id)
      VALUES (1693, 'video', 'https://youtube.com/watch?v=l0pLa6uPn3I', 846);
    
    INSERT INTO public.vocablo(id, palabra, tema_id)
      VALUES (847, 'Novio', 25);
    
    INSERT INTO public.recurso(id, tipo, enlace, vocablo_id)
      VALUES (1694, 'image', '/assets/images/novio.png', 847);

    INSERT INTO public.recurso(id, tipo, enlace, vocablo_id)
      VALUES (1695, 'video', 'https://youtube.com/watch?v=6A_0i7wRwlg', 847);
    
    INSERT INTO public.vocablo(id, palabra, tema_id)
      VALUES (848, 'Números', 20);
    
    INSERT INTO public.recurso(id, tipo, enlace, vocablo_id)
      VALUES (1696, 'image', '/assets/images/numeros.png', 848);

    INSERT INTO public.recurso(id, tipo, enlace, vocablo_id)
      VALUES (1697, 'video', 'https://youtube.com/watch?v=ae10gkt5K-0', 848);
    
    INSERT INTO public.vocablo(id, palabra, tema_id)
      VALUES (849, 'Olla de presión', 21);
    
    INSERT INTO public.recurso(id, tipo, enlace, vocablo_id)
      VALUES (1698, 'image', '/assets/images/olla-de-presion.png', 849);

    INSERT INTO public.recurso(id, tipo, enlace, vocablo_id)
      VALUES (1699, 'video', 'https://youtube.com/watch?v=6y8HaA0jlKQ', 849);
    
    INSERT INTO public.vocablo(id, palabra, tema_id)
      VALUES (850, 'Once', 20);
    
    INSERT INTO public.recurso(id, tipo, enlace, vocablo_id)
      VALUES (1700, 'image', '/assets/images/once.png', 850);

    INSERT INTO public.recurso(id, tipo, enlace, vocablo_id)
      VALUES (1701, 'video', 'https://youtube.com/watch?v=beWlfyR4RVU', 850);
    
    INSERT INTO public.vocablo(id, palabra, tema_id)
      VALUES (851, 'Oro', 40);
    
    INSERT INTO public.recurso(id, tipo, enlace, vocablo_id)
      VALUES (1702, 'image', '/assets/images/oro.png', 851);

    INSERT INTO public.recurso(id, tipo, enlace, vocablo_id)
      VALUES (1703, 'video', 'https://youtube.com/watch?v=_QfxSsjV9_w', 851);
    
    INSERT INTO public.vocablo(id, palabra, tema_id)
      VALUES (852, 'Padrino', 25);
    
    INSERT INTO public.recurso(id, tipo, enlace, vocablo_id)
      VALUES (1704, 'image', '/assets/images/padrino.png', 852);

    INSERT INTO public.recurso(id, tipo, enlace, vocablo_id)
      VALUES (1705, 'video', 'https://youtube.com/watch?v=APUsAX32eJo', 852);
    
    INSERT INTO public.vocablo(id, palabra, tema_id)
      VALUES (853, 'Panela', 0);
    
    INSERT INTO public.recurso(id, tipo, enlace, vocablo_id)
      VALUES (1706, 'image', '/assets/images/panela.png', 853);

    INSERT INTO public.recurso(id, tipo, enlace, vocablo_id)
      VALUES (1707, 'video', 'https://youtube.com/watch?v=CdbEvvjiKeI', 853);
    
    INSERT INTO public.vocablo(id, palabra, tema_id)
      VALUES (854, 'Parrillera', 21);
    
    INSERT INTO public.recurso(id, tipo, enlace, vocablo_id)
      VALUES (1708, 'image', '/assets/images/parrillera.png', 854);

    INSERT INTO public.recurso(id, tipo, enlace, vocablo_id)
      VALUES (1709, 'video', 'https://youtube.com/watch?v=jFCyWtfsPyw', 854);
    
    INSERT INTO public.vocablo(id, palabra, tema_id)
      VALUES (855, 'Partes del cuerpo humano', 23);
    
    INSERT INTO public.recurso(id, tipo, enlace, vocablo_id)
      VALUES (1710, 'image', '/assets/images/partes-del-cuerpo-humano.png', 855);

    INSERT INTO public.recurso(id, tipo, enlace, vocablo_id)
      VALUES (1711, 'video', 'https://youtube.com/watch?v=rdht5U5kDPw', 855);
    
    INSERT INTO public.vocablo(id, palabra, tema_id)
      VALUES (856, 'Pasta Corta', 0);
    
    INSERT INTO public.recurso(id, tipo, enlace, vocablo_id)
      VALUES (1712, 'image', '/assets/images/pasta-corta.png', 856);

    INSERT INTO public.recurso(id, tipo, enlace, vocablo_id)
      VALUES (1713, 'video', 'https://youtube.com/watch?v=oXf9iPmUxLg', 856);
    
    INSERT INTO public.vocablo(id, palabra, tema_id)
      VALUES (857, 'Pasta Larga', 0);
    
    INSERT INTO public.recurso(id, tipo, enlace, vocablo_id)
      VALUES (1714, 'image', '/assets/images/pasta-larga.png', 857);

    INSERT INTO public.recurso(id, tipo, enlace, vocablo_id)
      VALUES (1715, 'video', 'https://youtube.com/watch?v=LqFGFCN-DdU', 857);
    
    INSERT INTO public.vocablo(id, palabra, tema_id)
      VALUES (858, 'Pasteles', 0);
    
    INSERT INTO public.recurso(id, tipo, enlace, vocablo_id)
      VALUES (1716, 'image', '/assets/images/pasteles.png', 858);

    INSERT INTO public.recurso(id, tipo, enlace, vocablo_id)
      VALUES (1717, 'video', 'https://youtube.com/watch?v=Q8F_eutAnFw', 858);
    
    INSERT INTO public.vocablo(id, palabra, tema_id)
      VALUES (859, 'Peinadora', 3);
    
    INSERT INTO public.recurso(id, tipo, enlace, vocablo_id)
      VALUES (1718, 'image', '/assets/images/peinadora.png', 859);

    INSERT INTO public.recurso(id, tipo, enlace, vocablo_id)
      VALUES (1719, 'video', 'https://youtube.com/watch?v=TUcGGyXhoLE', 859);
    
    INSERT INTO public.vocablo(id, palabra, tema_id)
      VALUES (860, 'Peluquero', 22);
    
    INSERT INTO public.recurso(id, tipo, enlace, vocablo_id)
      VALUES (1720, 'image', '/assets/images/peluquero.png', 860);

    INSERT INTO public.recurso(id, tipo, enlace, vocablo_id)
      VALUES (1721, 'video', 'https://youtube.com/watch?v=pVX5zc7NVO4', 860);
    
    INSERT INTO public.vocablo(id, palabra, tema_id)
      VALUES (861, 'Perro caliente', 0);
    
    INSERT INTO public.recurso(id, tipo, enlace, vocablo_id)
      VALUES (1722, 'image', '/assets/images/perro-caliente.png', 861);

    INSERT INTO public.recurso(id, tipo, enlace, vocablo_id)
      VALUES (1723, 'video', 'https://youtube.com/watch?v=YvoPutCLIs4', 861);
    
    INSERT INTO public.vocablo(id, palabra, tema_id)
      VALUES (862, 'Persona', 25);
    
    INSERT INTO public.recurso(id, tipo, enlace, vocablo_id)
      VALUES (1724, 'image', '/assets/images/persona.png', 862);

    INSERT INTO public.recurso(id, tipo, enlace, vocablo_id)
      VALUES (1725, 'video', 'https://youtube.com/watch?v=vcqGdP8mmbY', 862);
    
    INSERT INTO public.vocablo(id, palabra, tema_id)
      VALUES (863, 'Pez', 1);
    
    INSERT INTO public.recurso(id, tipo, enlace, vocablo_id)
      VALUES (1726, 'image', '/assets/images/pez.png', 863);

    INSERT INTO public.recurso(id, tipo, enlace, vocablo_id)
      VALUES (1727, 'video', 'https://youtube.com/watch?v=xHazxUjEFbw', 863);
    
    INSERT INTO public.vocablo(id, palabra, tema_id)
      VALUES (864, 'Piloto', 22);
    
    INSERT INTO public.recurso(id, tipo, enlace, vocablo_id)
      VALUES (1728, 'image', '/assets/images/piloto.png', 864);

    INSERT INTO public.recurso(id, tipo, enlace, vocablo_id)
      VALUES (1729, 'video', 'https://youtube.com/watch?v=WY8UnZD44ZY', 864);
    
    INSERT INTO public.vocablo(id, palabra, tema_id)
      VALUES (865, 'Pintor', 22);
    
    INSERT INTO public.recurso(id, tipo, enlace, vocablo_id)
      VALUES (1730, 'image', '/assets/images/pintor.png', 865);

    INSERT INTO public.recurso(id, tipo, enlace, vocablo_id)
      VALUES (1731, 'video', 'https://youtube.com/watch?v=DSB-lX2g6NQ', 865);
    
    INSERT INTO public.vocablo(id, palabra, tema_id)
      VALUES (866, 'Pinza', 30);
    
    INSERT INTO public.recurso(id, tipo, enlace, vocablo_id)
      VALUES (1732, 'image', '/assets/images/pinza.png', 866);

    INSERT INTO public.recurso(id, tipo, enlace, vocablo_id)
      VALUES (1733, 'video', 'https://youtube.com/watch?v=PFXolKqS8Hk', 866);
    
    INSERT INTO public.vocablo(id, palabra, tema_id)
      VALUES (867, 'Plata', 40);
    
    INSERT INTO public.recurso(id, tipo, enlace, vocablo_id)
      VALUES (1734, 'image', '/assets/images/plata.png', 867);

    INSERT INTO public.recurso(id, tipo, enlace, vocablo_id)
      VALUES (1735, 'video', 'https://youtube.com/watch?v=Jk7e2v_LFBw', 867);
    
    INSERT INTO public.vocablo(id, palabra, tema_id)
      VALUES (868, 'Plato', 21);
    
    INSERT INTO public.recurso(id, tipo, enlace, vocablo_id)
      VALUES (1736, 'image', '/assets/images/plato.png', 868);

    INSERT INTO public.recurso(id, tipo, enlace, vocablo_id)
      VALUES (1737, 'video', 'https://youtube.com/watch?v=tcdulO3yt2M', 868);
    
    INSERT INTO public.vocablo(id, palabra, tema_id)
      VALUES (869, 'Poceta', 21);
    
    INSERT INTO public.recurso(id, tipo, enlace, vocablo_id)
      VALUES (1738, 'image', '/assets/images/poceta.png', 869);

    INSERT INTO public.recurso(id, tipo, enlace, vocablo_id)
      VALUES (1739, 'video', 'https://youtube.com/watch?v=KcW1TfL_28k', 869);
    
    INSERT INTO public.vocablo(id, palabra, tema_id)
      VALUES (870, 'Profesiones', 22);
    
    INSERT INTO public.recurso(id, tipo, enlace, vocablo_id)
      VALUES (1740, 'image', '/assets/images/profesiones.png', 870);

    INSERT INTO public.recurso(id, tipo, enlace, vocablo_id)
      VALUES (1741, 'video', 'https://youtube.com/watch?v=6BuTxKCAFKE', 870);
    
    INSERT INTO public.vocablo(id, palabra, tema_id)
      VALUES (871, 'Pulpo', 1);
    
    INSERT INTO public.recurso(id, tipo, enlace, vocablo_id)
      VALUES (1742, 'image', '/assets/images/pulpo.png', 871);

    INSERT INTO public.recurso(id, tipo, enlace, vocablo_id)
      VALUES (1743, 'video', 'https://youtube.com/watch?v=3IEWYyjMtPQ', 871);
    
    INSERT INTO public.vocablo(id, palabra, tema_id)
      VALUES (872, 'Puma', 1);
    
    INSERT INTO public.recurso(id, tipo, enlace, vocablo_id)
      VALUES (1744, 'image', '/assets/images/puma.png', 872);

    INSERT INTO public.recurso(id, tipo, enlace, vocablo_id)
      VALUES (1745, 'video', 'https://youtube.com/watch?v=prP88ajldjs', 872);
    
    INSERT INTO public.vocablo(id, palabra, tema_id)
      VALUES (873, 'Páramos', 12);
    
    INSERT INTO public.recurso(id, tipo, enlace, vocablo_id)
      VALUES (1746, 'image', '/assets/images/paramos.png', 873);

    INSERT INTO public.recurso(id, tipo, enlace, vocablo_id)
      VALUES (1747, 'video', 'https://youtube.com/watch?v=E_pMyKiPwoY', 873);
    
    INSERT INTO public.vocablo(id, palabra, tema_id)
      VALUES (874, 'Quince', 20);
    
    INSERT INTO public.recurso(id, tipo, enlace, vocablo_id)
      VALUES (1748, 'image', '/assets/images/quince.png', 874);

    INSERT INTO public.recurso(id, tipo, enlace, vocablo_id)
      VALUES (1749, 'video', 'https://youtube.com/watch?v=bGTmeuB5WQI', 874);
    
    INSERT INTO public.vocablo(id, palabra, tema_id)
      VALUES (875, 'Reportero', 22);
    
    INSERT INTO public.recurso(id, tipo, enlace, vocablo_id)
      VALUES (1750, 'image', '/assets/images/reportero.png', 875);

    INSERT INTO public.recurso(id, tipo, enlace, vocablo_id)
      VALUES (1751, 'video', 'https://youtube.com/watch?v=EqzSL6-_ELk', 875);
    
    INSERT INTO public.vocablo(id, palabra, tema_id)
      VALUES (876, 'Repostera', 22);
    
    INSERT INTO public.recurso(id, tipo, enlace, vocablo_id)
      VALUES (1752, 'image', '/assets/images/repostera.png', 876);

    INSERT INTO public.recurso(id, tipo, enlace, vocablo_id)
      VALUES (1753, 'video', 'https://youtube.com/watch?v=_0KxdJe6F0M', 876);
    
    INSERT INTO public.vocablo(id, palabra, tema_id)
      VALUES (877, 'Rinoceronte', 1);
    
    INSERT INTO public.recurso(id, tipo, enlace, vocablo_id)
      VALUES (1754, 'image', '/assets/images/rinoceronte.png', 877);

    INSERT INTO public.recurso(id, tipo, enlace, vocablo_id)
      VALUES (1755, 'video', 'https://youtube.com/watch?v=pYvrS61Xpjo', 877);
    
    INSERT INTO public.vocablo(id, palabra, tema_id)
      VALUES (878, 'Rápido', 18);
    
    INSERT INTO public.recurso(id, tipo, enlace, vocablo_id)
      VALUES (1756, 'image', '/assets/images/rapido.png', 878);

    INSERT INTO public.recurso(id, tipo, enlace, vocablo_id)
      VALUES (1757, 'video', 'https://youtube.com/watch?v=kqeihT6-6oQ', 878);
    
    INSERT INTO public.vocablo(id, palabra, tema_id)
      VALUES (879, 'Sacapuntas', 30);
    
    INSERT INTO public.recurso(id, tipo, enlace, vocablo_id)
      VALUES (1758, 'image', '/assets/images/sacapuntas.png', 879);

    INSERT INTO public.recurso(id, tipo, enlace, vocablo_id)
      VALUES (1759, 'video', 'https://youtube.com/watch?v=cE5Mn8wcM2Q', 879);
    
    INSERT INTO public.vocablo(id, palabra, tema_id)
      VALUES (880, 'Sal', 0);
    
    INSERT INTO public.recurso(id, tipo, enlace, vocablo_id)
      VALUES (1760, 'image', '/assets/images/sal.png', 880);

    INSERT INTO public.recurso(id, tipo, enlace, vocablo_id)
      VALUES (1761, 'video', 'https://youtube.com/watch?v=pjwqFOtiL3E', 880);
    
    INSERT INTO public.vocablo(id, palabra, tema_id)
      VALUES (881, 'Salsa de ajo', 0);
    
    INSERT INTO public.recurso(id, tipo, enlace, vocablo_id)
      VALUES (1762, 'image', '/assets/images/salsa-de-ajo.png', 881);

    INSERT INTO public.recurso(id, tipo, enlace, vocablo_id)
      VALUES (1763, 'video', 'https://youtube.com/watch?v=9y28egZVz3I', 881);
    
    INSERT INTO public.vocablo(id, palabra, tema_id)
      VALUES (882, 'Salsa de soya', 0);
    
    INSERT INTO public.recurso(id, tipo, enlace, vocablo_id)
      VALUES (1764, 'image', '/assets/images/salsa-de-soya.png', 882);

    INSERT INTO public.recurso(id, tipo, enlace, vocablo_id)
      VALUES (1765, 'video', 'https://youtube.com/watch?v=ZWGx4KZ6HaQ', 882);
    
    INSERT INTO public.vocablo(id, palabra, tema_id)
      VALUES (883, 'Salsa de tomate', 0);
    
    INSERT INTO public.recurso(id, tipo, enlace, vocablo_id)
      VALUES (1766, 'image', '/assets/images/salsa-de-tomate.png', 883);

    INSERT INTO public.recurso(id, tipo, enlace, vocablo_id)
      VALUES (1767, 'video', 'https://youtube.com/watch?v=nIIyq7-S3is', 883);
    
    INSERT INTO public.vocablo(id, palabra, tema_id)
      VALUES (884, 'Salsa inglesa', 0);
    
    INSERT INTO public.recurso(id, tipo, enlace, vocablo_id)
      VALUES (1768, 'image', '/assets/images/salsa-inglesa.png', 884);

    INSERT INTO public.recurso(id, tipo, enlace, vocablo_id)
      VALUES (1769, 'video', 'https://youtube.com/watch?v=Nb3sdnmsvEY', 884);
    
    INSERT INTO public.vocablo(id, palabra, tema_id)
      VALUES (885, 'Sandwich', 0);
    
    INSERT INTO public.recurso(id, tipo, enlace, vocablo_id)
      VALUES (1770, 'image', '/assets/images/sandwich.png', 885);

    INSERT INTO public.recurso(id, tipo, enlace, vocablo_id)
      VALUES (1771, 'video', 'https://youtube.com/watch?v=2IXLMaqA5lI', 885);
    
    INSERT INTO public.vocablo(id, palabra, tema_id)
      VALUES (886, 'Sandwichera', 30);
    
    INSERT INTO public.recurso(id, tipo, enlace, vocablo_id)
      VALUES (1772, 'image', '/assets/images/sandwichera.png', 886);

    INSERT INTO public.recurso(id, tipo, enlace, vocablo_id)
      VALUES (1773, 'video', 'https://youtube.com/watch?v=Or6SC_ME4uA', 886);
    
    INSERT INTO public.vocablo(id, palabra, tema_id)
      VALUES (887, 'Segundos', 16);
    
    INSERT INTO public.recurso(id, tipo, enlace, vocablo_id)
      VALUES (1774, 'image', '/assets/images/segundos.png', 887);

    INSERT INTO public.recurso(id, tipo, enlace, vocablo_id)
      VALUES (1775, 'video', 'https://youtube.com/watch?v=ulcXNV_E0G8', 887);
    
    INSERT INTO public.vocablo(id, palabra, tema_id)
      VALUES (888, 'Silicón líquido', 30);
    
    INSERT INTO public.recurso(id, tipo, enlace, vocablo_id)
      VALUES (1776, 'image', '/assets/images/silicon-liquido.png', 888);

    INSERT INTO public.recurso(id, tipo, enlace, vocablo_id)
      VALUES (1777, 'video', 'https://youtube.com/watch?v=g53pnfQc35s', 888);
    
    INSERT INTO public.vocablo(id, palabra, tema_id)
      VALUES (889, 'Sistemas del cuerpo humano', 23);
    
    INSERT INTO public.recurso(id, tipo, enlace, vocablo_id)
      VALUES (1778, 'image', '/assets/images/sistemas-del-cuerpo-humano.png', 889);

    INSERT INTO public.recurso(id, tipo, enlace, vocablo_id)
      VALUES (1779, 'video', 'https://youtube.com/watch?v=fANO2wO3d1I', 889);
    
    INSERT INTO public.vocablo(id, palabra, tema_id)
      VALUES (890, 'Soldado', 22);
    
    INSERT INTO public.recurso(id, tipo, enlace, vocablo_id)
      VALUES (1780, 'image', '/assets/images/soldado.png', 890);

    INSERT INTO public.recurso(id, tipo, enlace, vocablo_id)
      VALUES (1781, 'video', 'https://youtube.com/watch?v=nXSbtPqXnRk', 890);
    
    INSERT INTO public.vocablo(id, palabra, tema_id)
      VALUES (891, 'Suegro', 25);
    
    INSERT INTO public.recurso(id, tipo, enlace, vocablo_id)
      VALUES (1782, 'image', '/assets/images/suegro.png', 891);

    INSERT INTO public.recurso(id, tipo, enlace, vocablo_id)
      VALUES (1783, 'video', 'https://youtube.com/watch?v=gzpTseWpV1g', 891);
    
    INSERT INTO public.vocablo(id, palabra, tema_id)
      VALUES (892, 'Sábado', 5);
    
    INSERT INTO public.recurso(id, tipo, enlace, vocablo_id)
      VALUES (1784, 'image', '/assets/images/sabado.png', 892);

    INSERT INTO public.recurso(id, tipo, enlace, vocablo_id)
      VALUES (1785, 'video', 'https://youtube.com/watch?v=1ENUbJoZVkY', 892);
    
    INSERT INTO public.vocablo(id, palabra, tema_id)
      VALUES (893, 'Sábana', 21);
    
    INSERT INTO public.recurso(id, tipo, enlace, vocablo_id)
      VALUES (1786, 'image', '/assets/images/sabana.png', 893);

    INSERT INTO public.recurso(id, tipo, enlace, vocablo_id)
      VALUES (1787, 'video', 'https://youtube.com/watch?v=eGtHXWi489o', 893);
    
    INSERT INTO public.vocablo(id, palabra, tema_id)
      VALUES (894, 'Tamarindo chino', 9);
    
    INSERT INTO public.recurso(id, tipo, enlace, vocablo_id)
      VALUES (1788, 'image', '/assets/images/tamarindo-chino.png', 894);

    INSERT INTO public.recurso(id, tipo, enlace, vocablo_id)
      VALUES (1789, 'video', 'https://youtube.com/watch?v=5EMv0gun3H8', 894);
    
    INSERT INTO public.vocablo(id, palabra, tema_id)
      VALUES (895, 'Teléfono', 21);
    
    INSERT INTO public.recurso(id, tipo, enlace, vocablo_id)
      VALUES (1790, 'image', '/assets/images/telefono.png', 895);

    INSERT INTO public.recurso(id, tipo, enlace, vocablo_id)
      VALUES (1791, 'video', 'https://youtube.com/watch?v=PvD_fAwmgXg', 895);
    
    INSERT INTO public.vocablo(id, palabra, tema_id)
      VALUES (896, 'Tempera', 30);
    
    INSERT INTO public.recurso(id, tipo, enlace, vocablo_id)
      VALUES (1792, 'image', '/assets/images/tempera.png', 896);

    INSERT INTO public.recurso(id, tipo, enlace, vocablo_id)
      VALUES (1793, 'video', 'https://youtube.com/watch?v=hOeHbH0fsnQ', 896);
    
    INSERT INTO public.vocablo(id, palabra, tema_id)
      VALUES (897, 'Temperatura', 39);
    
    INSERT INTO public.recurso(id, tipo, enlace, vocablo_id)
      VALUES (1794, 'image', '/assets/images/temperatura.png', 897);

    INSERT INTO public.recurso(id, tipo, enlace, vocablo_id)
      VALUES (1795, 'video', 'https://youtube.com/watch?v=UhQGm2lQZyg', 897);
    
    INSERT INTO public.vocablo(id, palabra, tema_id)
      VALUES (898, 'Temprano', 19);
    
    INSERT INTO public.recurso(id, tipo, enlace, vocablo_id)
      VALUES (1796, 'image', '/assets/images/temprano.png', 898);

    INSERT INTO public.recurso(id, tipo, enlace, vocablo_id)
      VALUES (1797, 'video', 'https://youtube.com/watch?v=RpxjzoVa8yQ', 898);
    
    INSERT INTO public.vocablo(id, palabra, tema_id)
      VALUES (899, 'Tijeras', 30);
    
    INSERT INTO public.recurso(id, tipo, enlace, vocablo_id)
      VALUES (1798, 'image', '/assets/images/tijeras.png', 899);

    INSERT INTO public.recurso(id, tipo, enlace, vocablo_id)
      VALUES (1799, 'video', 'https://youtube.com/watch?v=PsZIf6s0w28', 899);
    
    INSERT INTO public.vocablo(id, palabra, tema_id)
      VALUES (900, 'Tomáte de árbol', 9);
    
    INSERT INTO public.recurso(id, tipo, enlace, vocablo_id)
      VALUES (1800, 'image', '/assets/images/tomate-de-arbol.png', 900);

    INSERT INTO public.recurso(id, tipo, enlace, vocablo_id)
      VALUES (1801, 'video', 'https://youtube.com/watch?v=u-MezpAglC0', 900);
    
    INSERT INTO public.vocablo(id, palabra, tema_id)
      VALUES (901, 'Toro', 1);
    
    INSERT INTO public.recurso(id, tipo, enlace, vocablo_id)
      VALUES (1802, 'image', '/assets/images/toro.png', 901);

    INSERT INTO public.recurso(id, tipo, enlace, vocablo_id)
      VALUES (1803, 'video', 'https://youtube.com/watch?v=51w7KNRyG8Q', 901);
    
    INSERT INTO public.vocablo(id, palabra, tema_id)
      VALUES (902, 'Trece', 20);
    
    INSERT INTO public.recurso(id, tipo, enlace, vocablo_id)
      VALUES (1804, 'image', '/assets/images/trece.png', 902);

    INSERT INTO public.recurso(id, tipo, enlace, vocablo_id)
      VALUES (1805, 'video', 'https://youtube.com/watch?v=sfdcC5mphpY', 902);
    
    INSERT INTO public.vocablo(id, palabra, tema_id)
      VALUES (903, 'Treinta', 20);
    
    INSERT INTO public.recurso(id, tipo, enlace, vocablo_id)
      VALUES (1806, 'image', '/assets/images/treinta.png', 903);

    INSERT INTO public.recurso(id, tipo, enlace, vocablo_id)
      VALUES (1807, 'video', 'https://youtube.com/watch?v=r1yVkym2RhU', 903);
    
    INSERT INTO public.vocablo(id, palabra, tema_id)
      VALUES (904, 'Tres mil', 20);
    
    INSERT INTO public.recurso(id, tipo, enlace, vocablo_id)
      VALUES (1808, 'image', '/assets/images/tres-mil.png', 904);

    INSERT INTO public.recurso(id, tipo, enlace, vocablo_id)
      VALUES (1809, 'video', 'https://youtube.com/watch?v=X_Q5pChHUdc', 904);
    
    INSERT INTO public.vocablo(id, palabra, tema_id)
      VALUES (905, 'Tres millones', 20);
    
    INSERT INTO public.recurso(id, tipo, enlace, vocablo_id)
      VALUES (1810, 'image', '/assets/images/tres-millones.png', 905);

    INSERT INTO public.recurso(id, tipo, enlace, vocablo_id)
      VALUES (1811, 'video', 'https://youtube.com/watch?v=Huz0U-AdcfY', 905);
    
    INSERT INTO public.vocablo(id, palabra, tema_id)
      VALUES (906, 'Trescientos', 20);
    
    INSERT INTO public.recurso(id, tipo, enlace, vocablo_id)
      VALUES (1812, 'image', '/assets/images/trescientos.png', 906);

    INSERT INTO public.recurso(id, tipo, enlace, vocablo_id)
      VALUES (1813, 'video', 'https://youtube.com/watch?v=pe4o2Uz8PGw', 906);
    
    INSERT INTO public.vocablo(id, palabra, tema_id)
      VALUES (907, 'Un millón', 20);
    
    INSERT INTO public.recurso(id, tipo, enlace, vocablo_id)
      VALUES (1814, 'image', '/assets/images/un-millon.png', 907);

    INSERT INTO public.recurso(id, tipo, enlace, vocablo_id)
      VALUES (1815, 'video', 'https://youtube.com/watch?v=Ccsu19V0E4M', 907);
    
    INSERT INTO public.vocablo(id, palabra, tema_id)
      VALUES (908, 'Utiles escolares', 30);
    
    INSERT INTO public.recurso(id, tipo, enlace, vocablo_id)
      VALUES (1816, 'image', '/assets/images/utiles-escolares.png', 908);

    INSERT INTO public.recurso(id, tipo, enlace, vocablo_id)
      VALUES (1817, 'video', 'https://youtube.com/watch?v=qS0ppxoY7dc', 908);
    
    INSERT INTO public.vocablo(id, palabra, tema_id)
      VALUES (909, 'Uva morada', 9);
    
    INSERT INTO public.recurso(id, tipo, enlace, vocablo_id)
      VALUES (1818, 'image', '/assets/images/uva-morada.png', 909);

    INSERT INTO public.recurso(id, tipo, enlace, vocablo_id)
      VALUES (1819, 'video', 'https://youtube.com/watch?v=b-3VGN-02kU', 909);
    
    INSERT INTO public.vocablo(id, palabra, tema_id)
      VALUES (910, 'Vaso', 21);
    
    INSERT INTO public.recurso(id, tipo, enlace, vocablo_id)
      VALUES (1820, 'image', '/assets/images/vaso.png', 910);

    INSERT INTO public.recurso(id, tipo, enlace, vocablo_id)
      VALUES (1821, 'video', 'https://youtube.com/watch?v=D0KhcuMz7yE', 910);
    
    INSERT INTO public.vocablo(id, palabra, tema_id)
      VALUES (911, 'Veinte', 20);
    
    INSERT INTO public.recurso(id, tipo, enlace, vocablo_id)
      VALUES (1822, 'image', '/assets/images/veinte.png', 911);

    INSERT INTO public.recurso(id, tipo, enlace, vocablo_id)
      VALUES (1823, 'video', 'https://youtube.com/watch?v=VIMIuSFlT5g', 911);
    
    INSERT INTO public.vocablo(id, palabra, tema_id)
      VALUES (912, 'Ventana', 21);
    
    INSERT INTO public.recurso(id, tipo, enlace, vocablo_id)
      VALUES (1824, 'image', '/assets/images/ventana.png', 912);

    INSERT INTO public.recurso(id, tipo, enlace, vocablo_id)
      VALUES (1825, 'video', 'https://youtube.com/watch?v=R15qLVRANws', 912);
    
    INSERT INTO public.vocablo(id, palabra, tema_id)
      VALUES (913, 'Verduras', 31);
    
    INSERT INTO public.recurso(id, tipo, enlace, vocablo_id)
      VALUES (1826, 'image', '/assets/images/verduras.png', 913);

    INSERT INTO public.recurso(id, tipo, enlace, vocablo_id)
      VALUES (1827, 'video', 'https://youtube.com/watch?v=5ls1dQRPlQg', 913);
    
    INSERT INTO public.vocablo(id, palabra, tema_id)
      VALUES (914, 'Viento', 39);
    
    INSERT INTO public.recurso(id, tipo, enlace, vocablo_id)
      VALUES (1828, 'image', '/assets/images/viento.png', 914);

    INSERT INTO public.recurso(id, tipo, enlace, vocablo_id)
      VALUES (1829, 'video', 'https://youtube.com/watch?v=EJut6auTPa8', 914);
    
    INSERT INTO public.vocablo(id, palabra, tema_id)
      VALUES (915, 'Vinotinto', 4);
    
    INSERT INTO public.recurso(id, tipo, enlace, vocablo_id)
      VALUES (1830, 'image', '/assets/images/vinotinto.png', 915);

    INSERT INTO public.recurso(id, tipo, enlace, vocablo_id)
      VALUES (1831, 'video', 'https://youtube.com/watch?v=8fIgSVZnqP4', 915);
    
    INSERT INTO public.vocablo(id, palabra, tema_id)
      VALUES (916, 'Viudo', 25);
    
    INSERT INTO public.recurso(id, tipo, enlace, vocablo_id)
      VALUES (1832, 'image', '/assets/images/viudo.png', 916);

    INSERT INTO public.recurso(id, tipo, enlace, vocablo_id)
      VALUES (1833, 'video', 'https://youtube.com/watch?v=gjhGO6neDmM', 916);
    
    INSERT INTO public.vocablo(id, palabra, tema_id)
      VALUES (917, 'Zapote', 9);
    
    INSERT INTO public.recurso(id, tipo, enlace, vocablo_id)
      VALUES (1834, 'image', '/assets/images/zapote.png', 917);

    INSERT INTO public.recurso(id, tipo, enlace, vocablo_id)
      VALUES (1835, 'video', 'https://youtube.com/watch?v=lhkwQal8OMg', 917);
    
    INSERT INTO public.vocablo(id, palabra, tema_id)
      VALUES (918, 'a', 41);
    
    INSERT INTO public.recurso(id, tipo, enlace, vocablo_id)
      VALUES (1836, 'image', '/assets/images/a.png', 918);

    INSERT INTO public.recurso(id, tipo, enlace, vocablo_id)
      VALUES (1837, 'video', 'https://youtube.com/watch?v=7Fo3VTzCjt4', 918);
    
    INSERT INTO public.vocablo(id, palabra, tema_id)
      VALUES (919, 'b', 41);
    
    INSERT INTO public.recurso(id, tipo, enlace, vocablo_id)
      VALUES (1838, 'image', '/assets/images/b.png', 919);

    INSERT INTO public.recurso(id, tipo, enlace, vocablo_id)
      VALUES (1839, 'video', 'https://youtube.com/watch?v=ULCyf5s1I2s', 919);
    
    INSERT INTO public.vocablo(id, palabra, tema_id)
      VALUES (920, 'c', 41);
    
    INSERT INTO public.recurso(id, tipo, enlace, vocablo_id)
      VALUES (1840, 'image', '/assets/images/c.png', 920);

    INSERT INTO public.recurso(id, tipo, enlace, vocablo_id)
      VALUES (1841, 'video', 'https://youtube.com/watch?v=71aw6YNJVvM', 920);
    
    INSERT INTO public.vocablo(id, palabra, tema_id)
      VALUES (921, 'claro', 4);
    
    INSERT INTO public.recurso(id, tipo, enlace, vocablo_id)
      VALUES (1842, 'image', '/assets/images/claro.png', 921);

    INSERT INTO public.recurso(id, tipo, enlace, vocablo_id)
      VALUES (1843, 'video', 'https://youtube.com/watch?v=hXBFIL-YfFY', 921);
    
    INSERT INTO public.vocablo(id, palabra, tema_id)
      VALUES (922, 'd', 41);
    
    INSERT INTO public.recurso(id, tipo, enlace, vocablo_id)
      VALUES (1844, 'image', '/assets/images/d.png', 922);

    INSERT INTO public.recurso(id, tipo, enlace, vocablo_id)
      VALUES (1845, 'video', 'https://youtube.com/watch?v=c9wsGGXTjLM', 922);
    
    INSERT INTO public.vocablo(id, palabra, tema_id)
      VALUES (923, 'f', 41);
    
    INSERT INTO public.recurso(id, tipo, enlace, vocablo_id)
      VALUES (1846, 'image', '/assets/images/f.png', 923);

    INSERT INTO public.recurso(id, tipo, enlace, vocablo_id)
      VALUES (1847, 'video', 'https://youtube.com/watch?v=lyKJKiobybM', 923);
    
    INSERT INTO public.vocablo(id, palabra, tema_id)
      VALUES (924, 'g', 41);
    
    INSERT INTO public.recurso(id, tipo, enlace, vocablo_id)
      VALUES (1848, 'image', '/assets/images/g.png', 924);

    INSERT INTO public.recurso(id, tipo, enlace, vocablo_id)
      VALUES (1849, 'video', 'https://youtube.com/watch?v=i6DDN7KU8BA', 924);
    
    INSERT INTO public.vocablo(id, palabra, tema_id)
      VALUES (925, 'h', 41);
    
    INSERT INTO public.recurso(id, tipo, enlace, vocablo_id)
      VALUES (1850, 'image', '/assets/images/h.png', 925);

    INSERT INTO public.recurso(id, tipo, enlace, vocablo_id)
      VALUES (1851, 'video', 'https://youtube.com/watch?v=7eVlOs740RU', 925);
    
    INSERT INTO public.vocablo(id, palabra, tema_id)
      VALUES (926, 'i', 41);
    
    INSERT INTO public.recurso(id, tipo, enlace, vocablo_id)
      VALUES (1852, 'image', '/assets/images/i.png', 926);

    INSERT INTO public.recurso(id, tipo, enlace, vocablo_id)
      VALUES (1853, 'video', 'https://youtube.com/watch?v=Vhuke-sbzTg', 926);
    
    INSERT INTO public.vocablo(id, palabra, tema_id)
      VALUES (927, 'j', 41);
    
    INSERT INTO public.recurso(id, tipo, enlace, vocablo_id)
      VALUES (1854, 'image', '/assets/images/j.png', 927);

    INSERT INTO public.recurso(id, tipo, enlace, vocablo_id)
      VALUES (1855, 'video', 'https://youtube.com/watch?v=NIlQGfH59ug', 927);
    
    INSERT INTO public.vocablo(id, palabra, tema_id)
      VALUES (928, 'k', 41);
    
    INSERT INTO public.recurso(id, tipo, enlace, vocablo_id)
      VALUES (1856, 'image', '/assets/images/k.png', 928);

    INSERT INTO public.recurso(id, tipo, enlace, vocablo_id)
      VALUES (1857, 'video', 'https://youtube.com/watch?v=x2KeDfdyVuU', 928);
    
    INSERT INTO public.vocablo(id, palabra, tema_id)
      VALUES (929, 'l', 41);
    
    INSERT INTO public.recurso(id, tipo, enlace, vocablo_id)
      VALUES (1858, 'image', '/assets/images/l.png', 929);

    INSERT INTO public.recurso(id, tipo, enlace, vocablo_id)
      VALUES (1859, 'video', 'https://youtube.com/watch?v=CnBtHOr6y5k', 929);
    
    INSERT INTO public.vocablo(id, palabra, tema_id)
      VALUES (930, 'll', 41);
    
    INSERT INTO public.recurso(id, tipo, enlace, vocablo_id)
      VALUES (1860, 'image', '/assets/images/ll.png', 930);

    INSERT INTO public.recurso(id, tipo, enlace, vocablo_id)
      VALUES (1861, 'video', 'https://youtube.com/watch?v=dRp2Q3Va_VI', 930);
    
    INSERT INTO public.vocablo(id, palabra, tema_id)
      VALUES (931, 'm', 41);
    
    INSERT INTO public.recurso(id, tipo, enlace, vocablo_id)
      VALUES (1862, 'image', '/assets/images/m.png', 931);

    INSERT INTO public.recurso(id, tipo, enlace, vocablo_id)
      VALUES (1863, 'video', 'https://youtube.com/watch?v=0KdRKcvuGQQ', 931);
    
    INSERT INTO public.vocablo(id, palabra, tema_id)
      VALUES (932, 'madrugar', 28);
    
    INSERT INTO public.recurso(id, tipo, enlace, vocablo_id)
      VALUES (1864, 'image', '/assets/images/madrugar.png', 932);

    INSERT INTO public.recurso(id, tipo, enlace, vocablo_id)
      VALUES (1865, 'video', 'https://youtube.com/watch?v=TV-Sqi75sTw', 932);
    
    INSERT INTO public.vocablo(id, palabra, tema_id)
      VALUES (933, 'n', 41);
    
    INSERT INTO public.recurso(id, tipo, enlace, vocablo_id)
      VALUES (1866, 'image', '/assets/images/n.png', 933);

    INSERT INTO public.recurso(id, tipo, enlace, vocablo_id)
      VALUES (1867, 'video', 'https://youtube.com/watch?v=qHW4vQNffuI', 933);
    
    INSERT INTO public.vocablo(id, palabra, tema_id)
      VALUES (934, 'noche', 19);
    
    INSERT INTO public.recurso(id, tipo, enlace, vocablo_id)
      VALUES (1868, 'image', '/assets/images/noche.png', 934);

    INSERT INTO public.recurso(id, tipo, enlace, vocablo_id)
      VALUES (1869, 'video', 'https://youtube.com/watch?v=LoCe7rS3M2k', 934);
    
    INSERT INTO public.vocablo(id, palabra, tema_id)
      VALUES (935, 'o', 41);
    
    INSERT INTO public.recurso(id, tipo, enlace, vocablo_id)
      VALUES (1870, 'image', '/assets/images/o.png', 935);

    INSERT INTO public.recurso(id, tipo, enlace, vocablo_id)
      VALUES (1871, 'video', 'https://youtube.com/watch?v=XP3ChMThcCs', 935);
    
    INSERT INTO public.vocablo(id, palabra, tema_id)
      VALUES (936, 'oscuro', 4);
    
    INSERT INTO public.recurso(id, tipo, enlace, vocablo_id)
      VALUES (1872, 'image', '/assets/images/oscuro.png', 936);

    INSERT INTO public.recurso(id, tipo, enlace, vocablo_id)
      VALUES (1873, 'video', 'https://youtube.com/watch?v=JTe2sW7b624', 936);
    
    INSERT INTO public.vocablo(id, palabra, tema_id)
      VALUES (937, 'p', 41);
    
    INSERT INTO public.recurso(id, tipo, enlace, vocablo_id)
      VALUES (1874, 'image', '/assets/images/p.png', 937);

    INSERT INTO public.recurso(id, tipo, enlace, vocablo_id)
      VALUES (1875, 'video', 'https://youtube.com/watch?v=2UGewRMpCF8', 937);
    
    INSERT INTO public.vocablo(id, palabra, tema_id)
      VALUES (938, 'q', 41);
    
    INSERT INTO public.recurso(id, tipo, enlace, vocablo_id)
      VALUES (1876, 'image', '/assets/images/q.png', 938);

    INSERT INTO public.recurso(id, tipo, enlace, vocablo_id)
      VALUES (1877, 'video', 'https://youtube.com/watch?v=A38vyVw3PCI', 938);
    
    INSERT INTO public.vocablo(id, palabra, tema_id)
      VALUES (939, 'r', 41);
    
    INSERT INTO public.recurso(id, tipo, enlace, vocablo_id)
      VALUES (1878, 'image', '/assets/images/r.png', 939);

    INSERT INTO public.recurso(id, tipo, enlace, vocablo_id)
      VALUES (1879, 'video', 'https://youtube.com/watch?v=EGaYmIkw_6M', 939);
    
    INSERT INTO public.vocablo(id, palabra, tema_id)
      VALUES (940, 'regla de plástico', 30);
    
    INSERT INTO public.recurso(id, tipo, enlace, vocablo_id)
      VALUES (1880, 'image', '/assets/images/regla-de-plastico.png', 940);

    INSERT INTO public.recurso(id, tipo, enlace, vocablo_id)
      VALUES (1881, 'video', 'https://youtube.com/watch?v=DEuuNtCQaH8', 940);
    
    INSERT INTO public.vocablo(id, palabra, tema_id)
      VALUES (941, 'rr', 41);
    
    INSERT INTO public.recurso(id, tipo, enlace, vocablo_id)
      VALUES (1882, 'image', '/assets/images/rr.png', 941);

    INSERT INTO public.recurso(id, tipo, enlace, vocablo_id)
      VALUES (1883, 'video', 'https://youtube.com/watch?v=ty2oy7iHg4k', 941);
    
    INSERT INTO public.vocablo(id, palabra, tema_id)
      VALUES (942, 's', 41);
    
    INSERT INTO public.recurso(id, tipo, enlace, vocablo_id)
      VALUES (1884, 'image', '/assets/images/s.png', 942);

    INSERT INTO public.recurso(id, tipo, enlace, vocablo_id)
      VALUES (1885, 'video', 'https://youtube.com/watch?v=gBlG7AhtUDU', 942);
    
    INSERT INTO public.vocablo(id, palabra, tema_id)
      VALUES (943, 't', 41);
    
    INSERT INTO public.recurso(id, tipo, enlace, vocablo_id)
      VALUES (1886, 'image', '/assets/images/t.png', 943);

    INSERT INTO public.recurso(id, tipo, enlace, vocablo_id)
      VALUES (1887, 'video', 'https://youtube.com/watch?v=uOS-DD8I0gk', 943);
    
    INSERT INTO public.vocablo(id, palabra, tema_id)
      VALUES (944, 'u', 41);
    
    INSERT INTO public.recurso(id, tipo, enlace, vocablo_id)
      VALUES (1888, 'image', '/assets/images/u.png', 944);

    INSERT INTO public.recurso(id, tipo, enlace, vocablo_id)
      VALUES (1889, 'video', 'https://youtube.com/watch?v=3vDvzMSYODY', 944);
    
    INSERT INTO public.vocablo(id, palabra, tema_id)
      VALUES (945, 'v', 41);
    
    INSERT INTO public.recurso(id, tipo, enlace, vocablo_id)
      VALUES (1890, 'image', '/assets/images/v.png', 945);

    INSERT INTO public.recurso(id, tipo, enlace, vocablo_id)
      VALUES (1891, 'video', 'https://youtube.com/watch?v=tFX44uuiwmQ', 945);
    
    INSERT INTO public.vocablo(id, palabra, tema_id)
      VALUES (946, 'w', 41);
    
    INSERT INTO public.recurso(id, tipo, enlace, vocablo_id)
      VALUES (1892, 'image', '/assets/images/w.png', 946);

    INSERT INTO public.recurso(id, tipo, enlace, vocablo_id)
      VALUES (1893, 'video', 'https://youtube.com/watch?v=bz0zRftvxFA', 946);
    
    INSERT INTO public.vocablo(id, palabra, tema_id)
      VALUES (947, 'x', 41);
    
    INSERT INTO public.recurso(id, tipo, enlace, vocablo_id)
      VALUES (1894, 'image', '/assets/images/x.png', 947);

    INSERT INTO public.recurso(id, tipo, enlace, vocablo_id)
      VALUES (1895, 'video', 'https://youtube.com/watch?v=_dxmyKuuh10', 947);
    
    INSERT INTO public.vocablo(id, palabra, tema_id)
      VALUES (948, 'y', 41);
    
    INSERT INTO public.recurso(id, tipo, enlace, vocablo_id)
      VALUES (1896, 'image', '/assets/images/y.png', 948);

    INSERT INTO public.recurso(id, tipo, enlace, vocablo_id)
      VALUES (1897, 'video', 'https://youtube.com/watch?v=DyavT3Ex0fw', 948);
    
    INSERT INTO public.vocablo(id, palabra, tema_id)
      VALUES (949, 'z', 41);
    
    INSERT INTO public.recurso(id, tipo, enlace, vocablo_id)
      VALUES (1898, 'image', '/assets/images/z.png', 949);

    INSERT INTO public.recurso(id, tipo, enlace, vocablo_id)
      VALUES (1899, 'video', 'https://youtube.com/watch?v=EvthZy0QQo8', 949);
    
    INSERT INTO public.vocablo(id, palabra, tema_id)
      VALUES (950, 'A la orden', 42);
    
    INSERT INTO public.recurso(id, tipo, enlace, vocablo_id)
      VALUES (1900, 'image', '/assets/images/a-la-orden.png', 950);

    INSERT INTO public.recurso(id, tipo, enlace, vocablo_id)
      VALUES (1901, 'video', 'https://www.youtube.com/watch?v=WpqQXejk7E8', 950);
    
    INSERT INTO public.vocablo(id, palabra, tema_id)
      VALUES (951, 'Arveja', 0);
    
    INSERT INTO public.recurso(id, tipo, enlace, vocablo_id)
      VALUES (1902, 'image', '/assets/images/arveja.png', 951);

    INSERT INTO public.recurso(id, tipo, enlace, vocablo_id)
      VALUES (1903, 'video', 'https://www.youtube.com/watch?v=O2X9g7g6LRg', 951);
    
    INSERT INTO public.vocablo(id, palabra, tema_id)
      VALUES (952, 'Barriga', 23);
    
    INSERT INTO public.recurso(id, tipo, enlace, vocablo_id)
      VALUES (1904, 'image', '/assets/images/barriga.png', 952);

    INSERT INTO public.recurso(id, tipo, enlace, vocablo_id)
      VALUES (1905, 'video', 'https://www.youtube.com/watch?v=K0hxPGd9qik', 952);
    
    INSERT INTO public.vocablo(id, palabra, tema_id)
      VALUES (953, 'Bienvenido', 42);
    
    INSERT INTO public.recurso(id, tipo, enlace, vocablo_id)
      VALUES (1906, 'image', '/assets/images/bienvenido.png', 953);

    INSERT INTO public.recurso(id, tipo, enlace, vocablo_id)
      VALUES (1907, 'video', 'https://www.youtube.com/watch?v=jRDnwDbRqrg', 953);
    
    INSERT INTO public.vocablo(id, palabra, tema_id)
      VALUES (954, 'Bloc de construcción', 30);
    
    INSERT INTO public.recurso(id, tipo, enlace, vocablo_id)
      VALUES (1908, 'image', '/assets/images/bloc-de-construccion.png', 954);

    INSERT INTO public.recurso(id, tipo, enlace, vocablo_id)
      VALUES (1909, 'video', 'https://www.youtube.com/watch?v=z_tVcYyrOrg', 954);
    
    INSERT INTO public.vocablo(id, palabra, tema_id)
      VALUES (955, 'Bloc de dibujo', 30);
    
    INSERT INTO public.recurso(id, tipo, enlace, vocablo_id)
      VALUES (1910, 'image', '/assets/images/bloc-de-dibujo.png', 955);

    INSERT INTO public.recurso(id, tipo, enlace, vocablo_id)
      VALUES (1911, 'video', 'https://www.youtube.com/watch?v=P4f6H-hjTgs', 955);
    
    INSERT INTO public.vocablo(id, palabra, tema_id)
      VALUES (956, 'Bloc de papel lustrillo', 30);
    
    INSERT INTO public.recurso(id, tipo, enlace, vocablo_id)
      VALUES (1912, 'image', '/assets/images/bloc-de-papel-lustrillo.png', 956);

    INSERT INTO public.recurso(id, tipo, enlace, vocablo_id)
      VALUES (1913, 'video', 'https://www.youtube.com/watch?v=f7M6hAPyTmY', 956);
    
    INSERT INTO public.vocablo(id, palabra, tema_id)
      VALUES (957, 'Buenas noches', 42);
    
    INSERT INTO public.recurso(id, tipo, enlace, vocablo_id)
      VALUES (1914, 'image', '/assets/images/buenas-noches.png', 957);

    INSERT INTO public.recurso(id, tipo, enlace, vocablo_id)
      VALUES (1915, 'video', 'https://www.youtube.com/watch?v=geeKL8KCQZ4', 957);
    
    INSERT INTO public.vocablo(id, palabra, tema_id)
      VALUES (958, 'Buenas tardes', 42);
    
    INSERT INTO public.recurso(id, tipo, enlace, vocablo_id)
      VALUES (1916, 'image', '/assets/images/buenas-tardes.png', 958);

    INSERT INTO public.recurso(id, tipo, enlace, vocablo_id)
      VALUES (1917, 'video', 'https://www.youtube.com/watch?v=w0Hxzc9wbhg', 958);
    
    INSERT INTO public.vocablo(id, palabra, tema_id)
      VALUES (959, 'Buenos días', 42);
    
    INSERT INTO public.recurso(id, tipo, enlace, vocablo_id)
      VALUES (1918, 'image', '/assets/images/buenos-dias.png', 959);

    INSERT INTO public.recurso(id, tipo, enlace, vocablo_id)
      VALUES (1919, 'video', 'https://www.youtube.com/watch?v=fCzZGR6x9qg', 959);
    
    INSERT INTO public.vocablo(id, palabra, tema_id)
      VALUES (960, 'Calculadora básica', 30);
    
    INSERT INTO public.recurso(id, tipo, enlace, vocablo_id)
      VALUES (1920, 'image', '/assets/images/calculadora-basica.png', 960);

    INSERT INTO public.recurso(id, tipo, enlace, vocablo_id)
      VALUES (1921, 'video', 'https://www.youtube.com/watch?v=KmQdGX46im0', 960);
    
    INSERT INTO public.vocablo(id, palabra, tema_id)
      VALUES (961, 'Carne', 0);
    
    INSERT INTO public.recurso(id, tipo, enlace, vocablo_id)
      VALUES (1922, 'image', '/assets/images/carne.png', 961);

    INSERT INTO public.recurso(id, tipo, enlace, vocablo_id)
      VALUES (1923, 'video', 'https://www.youtube.com/watch?v=H74hfH5w0wc', 961);
    
    INSERT INTO public.vocablo(id, palabra, tema_id)
      VALUES (962, 'Carpeta de gancho', 30);
    
    INSERT INTO public.recurso(id, tipo, enlace, vocablo_id)
      VALUES (1924, 'image', '/assets/images/carpeta-de-gancho.png', 962);

    INSERT INTO public.recurso(id, tipo, enlace, vocablo_id)
      VALUES (1925, 'video', 'https://www.youtube.com/watch?v=MZ-ZoDdGjCY', 962);
    
    INSERT INTO public.vocablo(id, palabra, tema_id)
      VALUES (963, 'Cartulina corrugada', 30);
    
    INSERT INTO public.recurso(id, tipo, enlace, vocablo_id)
      VALUES (1926, 'image', '/assets/images/cartulina-corrugada.png', 963);

    INSERT INTO public.recurso(id, tipo, enlace, vocablo_id)
      VALUES (1927, 'video', 'https://www.youtube.com/watch?v=so_91zRUvpQ', 963);
    
    INSERT INTO public.vocablo(id, palabra, tema_id)
      VALUES (964, 'Ceja', 23);
    
    INSERT INTO public.recurso(id, tipo, enlace, vocablo_id)
      VALUES (1928, 'image', '/assets/images/ceja.png', 964);

    INSERT INTO public.recurso(id, tipo, enlace, vocablo_id)
      VALUES (1929, 'video', 'https://www.youtube.com/watch?v=x9PuRvf_w_o', 964);
    
    INSERT INTO public.vocablo(id, palabra, tema_id)
      VALUES (965, 'Chinche', 30);
    
    INSERT INTO public.recurso(id, tipo, enlace, vocablo_id)
      VALUES (1930, 'image', '/assets/images/chinche.png', 965);

    INSERT INTO public.recurso(id, tipo, enlace, vocablo_id)
      VALUES (1931, 'video', 'https://www.youtube.com/watch?v=_mN_ZGE1QDY', 965);
    
    INSERT INTO public.vocablo(id, palabra, tema_id)
      VALUES (966, 'Clip', 30);
    
    INSERT INTO public.recurso(id, tipo, enlace, vocablo_id)
      VALUES (1932, 'image', '/assets/images/clip.png', 966);

    INSERT INTO public.recurso(id, tipo, enlace, vocablo_id)
      VALUES (1933, 'video', 'https://www.youtube.com/watch?v=KkTDt05Xo9g', 966);
    
    INSERT INTO public.vocablo(id, palabra, tema_id)
      VALUES (967, 'Corrector', 30);
    
    INSERT INTO public.recurso(id, tipo, enlace, vocablo_id)
      VALUES (1934, 'image', '/assets/images/corrector.png', 967);

    INSERT INTO public.recurso(id, tipo, enlace, vocablo_id)
      VALUES (1935, 'video', 'https://www.youtube.com/watch?v=w_0qqcHlRLs', 967);
    
    INSERT INTO public.vocablo(id, palabra, tema_id)
      VALUES (968, 'Corta uñas', 3);
    
    INSERT INTO public.recurso(id, tipo, enlace, vocablo_id)
      VALUES (1936, 'image', '/assets/images/corta-unas.png', 968);

    INSERT INTO public.recurso(id, tipo, enlace, vocablo_id)
      VALUES (1937, 'video', 'https://www.youtube.com/watch?v=agex6cTY-WU', 968);
    
    INSERT INTO public.vocablo(id, palabra, tema_id)
      VALUES (969, 'Creyones de cera', 30);
    
    INSERT INTO public.recurso(id, tipo, enlace, vocablo_id)
      VALUES (1938, 'image', '/assets/images/creyones-de-cera.png', 969);

    INSERT INTO public.recurso(id, tipo, enlace, vocablo_id)
      VALUES (1939, 'video', 'https://www.youtube.com/watch?v=WmjsGMNayEw', 969);
    
    INSERT INTO public.vocablo(id, palabra, tema_id)
      VALUES (970, 'Creyones de madera', 30);
    
    INSERT INTO public.recurso(id, tipo, enlace, vocablo_id)
      VALUES (1940, 'image', '/assets/images/creyones-de-madera.png', 970);

    INSERT INTO public.recurso(id, tipo, enlace, vocablo_id)
      VALUES (1941, 'video', 'https://www.youtube.com/watch?v=EbVNsiic_nk', 970);
    
    INSERT INTO public.vocablo(id, palabra, tema_id)
      VALUES (971, 'De nada', 42);
    
    INSERT INTO public.recurso(id, tipo, enlace, vocablo_id)
      VALUES (1942, 'image', '/assets/images/de-nada.png', 971);

    INSERT INTO public.recurso(id, tipo, enlace, vocablo_id)
      VALUES (1943, 'video', 'https://www.youtube.com/watch?v=Jle7tC1MQds', 971);
    
    INSERT INTO public.vocablo(id, palabra, tema_id)
      VALUES (972, 'Disculpa', 42);
    
    INSERT INTO public.recurso(id, tipo, enlace, vocablo_id)
      VALUES (1944, 'image', '/assets/images/disculpa.png', 972);

    INSERT INTO public.recurso(id, tipo, enlace, vocablo_id)
      VALUES (1945, 'video', 'https://www.youtube.com/watch?v=Aj5xjryn_tY', 972);
    
    INSERT INTO public.vocablo(id, palabra, tema_id)
      VALUES (973, 'Esposo', 25);
    
    INSERT INTO public.recurso(id, tipo, enlace, vocablo_id)
      VALUES (1946, 'image', '/assets/images/esposo.png', 973);

    INSERT INTO public.recurso(id, tipo, enlace, vocablo_id)
      VALUES (1947, 'video', 'https://www.youtube.com/watch?v=4I4qta8r23k', 973);
    
    INSERT INTO public.vocablo(id, palabra, tema_id)
      VALUES (974, 'Foami', 30);
    
    INSERT INTO public.recurso(id, tipo, enlace, vocablo_id)
      VALUES (1948, 'image', '/assets/images/foami.png', 974);

    INSERT INTO public.recurso(id, tipo, enlace, vocablo_id)
      VALUES (1949, 'video', 'https://www.youtube.com/watch?v=cUdkt0US40w', 974);
    
    INSERT INTO public.vocablo(id, palabra, tema_id)
      VALUES (975, 'Fresa', 9);
    
    INSERT INTO public.recurso(id, tipo, enlace, vocablo_id)
      VALUES (1950, 'image', '/assets/images/fresa.png', 975);

    INSERT INTO public.recurso(id, tipo, enlace, vocablo_id)
      VALUES (1951, 'video', 'https://www.youtube.com/watch?v=6f7F8hKagZw', 975);
    
    INSERT INTO public.vocablo(id, palabra, tema_id)
      VALUES (976, 'Gracias', 42);
    
    INSERT INTO public.recurso(id, tipo, enlace, vocablo_id)
      VALUES (1952, 'image', '/assets/images/gracias.png', 976);

    INSERT INTO public.recurso(id, tipo, enlace, vocablo_id)
      VALUES (1953, 'video', 'https://www.youtube.com/watch?v=u-Vz8KJDZwI', 976);
    
    INSERT INTO public.vocablo(id, palabra, tema_id)
      VALUES (977, 'Grapadora', 30);
    
    INSERT INTO public.recurso(id, tipo, enlace, vocablo_id)
      VALUES (1954, 'image', '/assets/images/grapadora.png', 977);

    INSERT INTO public.recurso(id, tipo, enlace, vocablo_id)
      VALUES (1955, 'video', 'https://www.youtube.com/watch?v=xUKLFFtpl68', 977);
    
    INSERT INTO public.vocablo(id, palabra, tema_id)
      VALUES (978, 'Hojas de reciclaje', 30);
    
    INSERT INTO public.recurso(id, tipo, enlace, vocablo_id)
      VALUES (1956, 'image', '/assets/images/hojas-de-reciclaje.png', 978);

    INSERT INTO public.recurso(id, tipo, enlace, vocablo_id)
      VALUES (1957, 'video', 'https://www.youtube.com/watch?v=u_tL8JjQyrY', 978);
    
    INSERT INTO public.vocablo(id, palabra, tema_id)
      VALUES (979, 'Hola', 42);
    
    INSERT INTO public.recurso(id, tipo, enlace, vocablo_id)
      VALUES (1958, 'image', '/assets/images/hola.png', 979);

    INSERT INTO public.recurso(id, tipo, enlace, vocablo_id)
      VALUES (1959, 'video', 'https://www.youtube.com/watch?v=Y6JE6qjZd7M', 979);
    
    INSERT INTO public.vocablo(id, palabra, tema_id)
      VALUES (980, 'Lamina de papel bond', 30);
    
    INSERT INTO public.recurso(id, tipo, enlace, vocablo_id)
      VALUES (1960, 'image', '/assets/images/lamina-de-papel-bond.png', 980);

    INSERT INTO public.recurso(id, tipo, enlace, vocablo_id)
      VALUES (1961, 'video', 'https://www.youtube.com/watch?v=3bUnW3-xt3E', 980);
    
    INSERT INTO public.vocablo(id, palabra, tema_id)
      VALUES (981, 'Libreta', 30);
    
    INSERT INTO public.recurso(id, tipo, enlace, vocablo_id)
      VALUES (1962, 'image', '/assets/images/libreta.png', 981);

    INSERT INTO public.recurso(id, tipo, enlace, vocablo_id)
      VALUES (1963, 'video', 'https://www.youtube.com/watch?v=XxNgiCPzAZE', 981);
    
    INSERT INTO public.vocablo(id, palabra, tema_id)
      VALUES (982, 'Muchas gracias', 42);
    
    INSERT INTO public.recurso(id, tipo, enlace, vocablo_id)
      VALUES (1964, 'image', '/assets/images/muchas-gracias.png', 982);

    INSERT INTO public.recurso(id, tipo, enlace, vocablo_id)
      VALUES (1965, 'video', 'https://www.youtube.com/watch?v=XfzwWiDEegQ', 982);
    
    INSERT INTO public.vocablo(id, palabra, tema_id)
      VALUES (983, 'Ojo', 23);
    
    INSERT INTO public.recurso(id, tipo, enlace, vocablo_id)
      VALUES (1966, 'image', '/assets/images/ojo.png', 983);

    INSERT INTO public.recurso(id, tipo, enlace, vocablo_id)
      VALUES (1967, 'video', 'https://www.youtube.com/watch?v=nJOktJJ4ZLs', 983);
    
    INSERT INTO public.vocablo(id, palabra, tema_id)
      VALUES (984, 'Padre', 25);
    
    INSERT INTO public.recurso(id, tipo, enlace, vocablo_id)
      VALUES (1968, 'image', '/assets/images/padre.png', 984);

    INSERT INTO public.recurso(id, tipo, enlace, vocablo_id)
      VALUES (1969, 'video', 'https://www.youtube.com/watch?v=vSAcUnQXFdM', 984);
    
    INSERT INTO public.vocablo(id, palabra, tema_id)
      VALUES (985, 'Paletas', 6);
    
    INSERT INTO public.recurso(id, tipo, enlace, vocablo_id)
      VALUES (1970, 'image', '/assets/images/paletas.png', 985);

    INSERT INTO public.recurso(id, tipo, enlace, vocablo_id)
      VALUES (1971, 'video', 'https://www.youtube.com/watch?v=8kT7h_UOOYY', 985);
    
    INSERT INTO public.vocablo(id, palabra, tema_id)
      VALUES (986, 'Papel crepé', 30);
    
    INSERT INTO public.recurso(id, tipo, enlace, vocablo_id)
      VALUES (1972, 'image', '/assets/images/papel-crepe.png', 986);

    INSERT INTO public.recurso(id, tipo, enlace, vocablo_id)
      VALUES (1973, 'video', 'https://www.youtube.com/watch?v=LOAnyL8LxKo', 986);
    
    INSERT INTO public.vocablo(id, palabra, tema_id)
      VALUES (987, 'Perdón', 42);
    
    INSERT INTO public.recurso(id, tipo, enlace, vocablo_id)
      VALUES (1974, 'image', '/assets/images/perdon.png', 987);

    INSERT INTO public.recurso(id, tipo, enlace, vocablo_id)
      VALUES (1975, 'video', 'https://www.youtube.com/watch?v=DPockimbo4M', 987);
    
    INSERT INTO public.vocablo(id, palabra, tema_id)
      VALUES (988, 'Perforadora de papel', 30);
    
    INSERT INTO public.recurso(id, tipo, enlace, vocablo_id)
      VALUES (1976, 'image', '/assets/images/perforadora-de-papel.png', 988);

    INSERT INTO public.recurso(id, tipo, enlace, vocablo_id)
      VALUES (1977, 'video', 'https://www.youtube.com/watch?v=1kCDd6sex_4', 988);
    
    INSERT INTO public.vocablo(id, palabra, tema_id)
      VALUES (989, 'Permiso', 42);
    
    INSERT INTO public.recurso(id, tipo, enlace, vocablo_id)
      VALUES (1978, 'image', '/assets/images/permiso.png', 989);

    INSERT INTO public.recurso(id, tipo, enlace, vocablo_id)
      VALUES (1979, 'video', 'https://www.youtube.com/watch?v=kHEyvQL3X0o', 989);
    
    INSERT INTO public.vocablo(id, palabra, tema_id)
      VALUES (990, 'Pescado', 0);
    
    INSERT INTO public.recurso(id, tipo, enlace, vocablo_id)
      VALUES (1980, 'image', '/assets/images/pescado.png', 990);

    INSERT INTO public.recurso(id, tipo, enlace, vocablo_id)
      VALUES (1981, 'video', 'https://www.youtube.com/watch?v=5rqFj4fOST4', 990);
    
    INSERT INTO public.vocablo(id, palabra, tema_id)
      VALUES (991, 'Pintura al frío', 30);
    
    INSERT INTO public.recurso(id, tipo, enlace, vocablo_id)
      VALUES (1982, 'image', '/assets/images/pintura-al-frio.png', 991);

    INSERT INTO public.recurso(id, tipo, enlace, vocablo_id)
      VALUES (1983, 'video', 'https://www.youtube.com/watch?v=7oIGmKX7iVA', 991);
    
    INSERT INTO public.vocablo(id, palabra, tema_id)
      VALUES (992, 'Plastilina', 30);
    
    INSERT INTO public.recurso(id, tipo, enlace, vocablo_id)
      VALUES (1984, 'image', '/assets/images/plastilina.png', 992);

    INSERT INTO public.recurso(id, tipo, enlace, vocablo_id)
      VALUES (1985, 'video', 'https://www.youtube.com/watch?v=FYNdTQoNV7E', 992);
    
    INSERT INTO public.vocablo(id, palabra, tema_id)
      VALUES (993, 'Plaza las Heroínas', 13);
    
    INSERT INTO public.recurso(id, tipo, enlace, vocablo_id)
      VALUES (1986, 'image', '/assets/images/plaza-las-heroinas.png', 993);

    INSERT INTO public.recurso(id, tipo, enlace, vocablo_id)
      VALUES (1987, 'video', 'https://www.youtube.com/watch?v=4NytdK3kDvQ', 993);
    
    INSERT INTO public.vocablo(id, palabra, tema_id)
      VALUES (994, 'Por favor', 42);
    
    INSERT INTO public.recurso(id, tipo, enlace, vocablo_id)
      VALUES (1988, 'image', '/assets/images/por-favor.png', 994);

    INSERT INTO public.recurso(id, tipo, enlace, vocablo_id)
      VALUES (1989, 'video', 'https://www.youtube.com/watch?v=fWfmj0HDP2A', 994);
    
    INSERT INTO public.vocablo(id, palabra, tema_id)
      VALUES (995, 'Portarse mal', 42);
    
    INSERT INTO public.recurso(id, tipo, enlace, vocablo_id)
      VALUES (1990, 'image', '/assets/images/portarse-mal.png', 995);

    INSERT INTO public.recurso(id, tipo, enlace, vocablo_id)
      VALUES (1991, 'video', 'https://www.youtube.com/watch?v=t6fwpD6ANTo', 995);
    
    INSERT INTO public.vocablo(id, palabra, tema_id)
      VALUES (996, 'Primo', 25);
    
    INSERT INTO public.recurso(id, tipo, enlace, vocablo_id)
      VALUES (1992, 'image', '/assets/images/primo.png', 996);

    INSERT INTO public.recurso(id, tipo, enlace, vocablo_id)
      VALUES (1993, 'video', 'https://www.youtube.com/watch?v=zyZd4VqRduE', 996);
    
    INSERT INTO public.vocablo(id, palabra, tema_id)
      VALUES (997, 'Sacagrapas', 30);
    
    INSERT INTO public.recurso(id, tipo, enlace, vocablo_id)
      VALUES (1994, 'image', '/assets/images/sacagrapas.png', 997);

    INSERT INTO public.recurso(id, tipo, enlace, vocablo_id)
      VALUES (1995, 'video', 'https://www.youtube.com/watch?v=yvxCS2_5W4M', 997);
    
    INSERT INTO public.vocablo(id, palabra, tema_id)
      VALUES (998, 'Silicón en barra', 30);
    
    INSERT INTO public.recurso(id, tipo, enlace, vocablo_id)
      VALUES (1996, 'image', '/assets/images/silicon-en-barra.png', 998);

    INSERT INTO public.recurso(id, tipo, enlace, vocablo_id)
      VALUES (1997, 'video', 'https://www.youtube.com/watch?v=y8mgNClkJVU', 998);
    
    INSERT INTO public.vocablo(id, palabra, tema_id)
      VALUES (999, 'Uva verde', 9);
    
    INSERT INTO public.recurso(id, tipo, enlace, vocablo_id)
      VALUES (1998, 'image', '/assets/images/uva-verde.png', 999);

    INSERT INTO public.recurso(id, tipo, enlace, vocablo_id)
      VALUES (1999, 'video', 'https://www.youtube.com/watch?v=OSbIycyLy9s', 999);
    


--
-- Preescolar
--

    INSERT INTO public.grado_tema(grado_id, tema_id)
      VALUES (0, 32);
    

    INSERT INTO public.grado_tema_vocablo(grado_id, tema_id, vocablo_id)
      VALUES (0, 32, 0);
    

    INSERT INTO public.grado_tema_vocablo(grado_id, tema_id, vocablo_id)
      VALUES (0, 32, 1);
    

    INSERT INTO public.grado_tema_vocablo(grado_id, tema_id, vocablo_id)
      VALUES (0, 32, 2);
    

    INSERT INTO public.grado_tema_vocablo(grado_id, tema_id, vocablo_id)
      VALUES (0, 32, 3);
    

    INSERT INTO public.grado_tema_vocablo(grado_id, tema_id, vocablo_id)
      VALUES (0, 32, 4);
    

    INSERT INTO public.grado_tema_vocablo(grado_id, tema_id, vocablo_id)
      VALUES (0, 32, 5);
    

    INSERT INTO public.grado_tema_vocablo(grado_id, tema_id, vocablo_id)
      VALUES (0, 32, 6);
    

    INSERT INTO public.grado_tema_vocablo(grado_id, tema_id, vocablo_id)
      VALUES (0, 32, 7);
    

    INSERT INTO public.grado_tema(grado_id, tema_id)
      VALUES (0, 0);
    

    INSERT INTO public.grado_tema_vocablo(grado_id, tema_id, vocablo_id)
      VALUES (0, 0, 78);
    

    INSERT INTO public.grado_tema_vocablo(grado_id, tema_id, vocablo_id)
      VALUES (0, 0, 79);
    

    INSERT INTO public.grado_tema_vocablo(grado_id, tema_id, vocablo_id)
      VALUES (0, 0, 80);
    

    INSERT INTO public.grado_tema_vocablo(grado_id, tema_id, vocablo_id)
      VALUES (0, 0, 81);
    

    INSERT INTO public.grado_tema_vocablo(grado_id, tema_id, vocablo_id)
      VALUES (0, 0, 82);
    

    INSERT INTO public.grado_tema(grado_id, tema_id)
      VALUES (0, 1);
    

    INSERT INTO public.grado_tema_vocablo(grado_id, tema_id, vocablo_id)
      VALUES (0, 1, 5);
    

    INSERT INTO public.grado_tema_vocablo(grado_id, tema_id, vocablo_id)
      VALUES (0, 1, 6);
    

    INSERT INTO public.grado_tema_vocablo(grado_id, tema_id, vocablo_id)
      VALUES (0, 1, 83);
    

    INSERT INTO public.grado_tema_vocablo(grado_id, tema_id, vocablo_id)
      VALUES (0, 1, 7);
    

    INSERT INTO public.grado_tema(grado_id, tema_id)
      VALUES (0, 4);
    

    INSERT INTO public.grado_tema_vocablo(grado_id, tema_id, vocablo_id)
      VALUES (0, 4, 3);
    

    INSERT INTO public.grado_tema_vocablo(grado_id, tema_id, vocablo_id)
      VALUES (0, 4, 84);
    

    INSERT INTO public.grado_tema_vocablo(grado_id, tema_id, vocablo_id)
      VALUES (0, 4, 85);
    

    INSERT INTO public.grado_tema(grado_id, tema_id)
      VALUES (0, 5);
    

    INSERT INTO public.grado_tema_vocablo(grado_id, tema_id, vocablo_id)
      VALUES (0, 5, 86);
    

    INSERT INTO public.grado_tema_vocablo(grado_id, tema_id, vocablo_id)
      VALUES (0, 5, 87);
    

    INSERT INTO public.grado_tema(grado_id, tema_id)
      VALUES (0, 8);
    

    INSERT INTO public.grado_tema_vocablo(grado_id, tema_id, vocablo_id)
      VALUES (0, 8, 88);
    

    INSERT INTO public.grado_tema(grado_id, tema_id)
      VALUES (0, 9);
    

    INSERT INTO public.grado_tema_vocablo(grado_id, tema_id, vocablo_id)
      VALUES (0, 9, 89);
    

    INSERT INTO public.grado_tema_vocablo(grado_id, tema_id, vocablo_id)
      VALUES (0, 9, 90);
    

    INSERT INTO public.grado_tema(grado_id, tema_id)
      VALUES (0, 11);
    

    INSERT INTO public.grado_tema_vocablo(grado_id, tema_id, vocablo_id)
      VALUES (0, 11, 91);
    

    INSERT INTO public.grado_tema_vocablo(grado_id, tema_id, vocablo_id)
      VALUES (0, 11, 92);
    

    INSERT INTO public.grado_tema(grado_id, tema_id)
      VALUES (0, 12);
    

    INSERT INTO public.grado_tema_vocablo(grado_id, tema_id, vocablo_id)
      VALUES (0, 12, 93);
    

    INSERT INTO public.grado_tema_vocablo(grado_id, tema_id, vocablo_id)
      VALUES (0, 12, 94);
    

    INSERT INTO public.grado_tema_vocablo(grado_id, tema_id, vocablo_id)
      VALUES (0, 12, 95);
    

    INSERT INTO public.grado_tema_vocablo(grado_id, tema_id, vocablo_id)
      VALUES (0, 12, 96);
    

    INSERT INTO public.grado_tema(grado_id, tema_id)
      VALUES (0, 13);
    

    INSERT INTO public.grado_tema_vocablo(grado_id, tema_id, vocablo_id)
      VALUES (0, 13, 97);
    

    INSERT INTO public.grado_tema_vocablo(grado_id, tema_id, vocablo_id)
      VALUES (0, 13, 98);
    

    INSERT INTO public.grado_tema(grado_id, tema_id)
      VALUES (0, 14);
    

    INSERT INTO public.grado_tema_vocablo(grado_id, tema_id, vocablo_id)
      VALUES (0, 14, 99);
    

    INSERT INTO public.grado_tema_vocablo(grado_id, tema_id, vocablo_id)
      VALUES (0, 14, 100);
    

    INSERT INTO public.grado_tema_vocablo(grado_id, tema_id, vocablo_id)
      VALUES (0, 14, 101);
    

    INSERT INTO public.grado_tema_vocablo(grado_id, tema_id, vocablo_id)
      VALUES (0, 14, 102);
    

    INSERT INTO public.grado_tema(grado_id, tema_id)
      VALUES (0, 16);
    

    INSERT INTO public.grado_tema_vocablo(grado_id, tema_id, vocablo_id)
      VALUES (0, 16, 103);
    

    INSERT INTO public.grado_tema_vocablo(grado_id, tema_id, vocablo_id)
      VALUES (0, 16, 104);
    

    INSERT INTO public.grado_tema_vocablo(grado_id, tema_id, vocablo_id)
      VALUES (0, 16, 105);
    

    INSERT INTO public.grado_tema(grado_id, tema_id)
      VALUES (0, 17);
    

    INSERT INTO public.grado_tema_vocablo(grado_id, tema_id, vocablo_id)
      VALUES (0, 17, 106);
    

    INSERT INTO public.grado_tema_vocablo(grado_id, tema_id, vocablo_id)
      VALUES (0, 17, 107);
    

    INSERT INTO public.grado_tema_vocablo(grado_id, tema_id, vocablo_id)
      VALUES (0, 17, 108);
    

    INSERT INTO public.grado_tema_vocablo(grado_id, tema_id, vocablo_id)
      VALUES (0, 17, 109);
    

    INSERT INTO public.grado_tema_vocablo(grado_id, tema_id, vocablo_id)
      VALUES (0, 17, 110);
    

    INSERT INTO public.grado_tema_vocablo(grado_id, tema_id, vocablo_id)
      VALUES (0, 17, 111);
    

    INSERT INTO public.grado_tema_vocablo(grado_id, tema_id, vocablo_id)
      VALUES (0, 17, 112);
    

    INSERT INTO public.grado_tema(grado_id, tema_id)
      VALUES (0, 18);
    

    INSERT INTO public.grado_tema_vocablo(grado_id, tema_id, vocablo_id)
      VALUES (0, 18, 113);
    

    INSERT INTO public.grado_tema_vocablo(grado_id, tema_id, vocablo_id)
      VALUES (0, 18, 114);
    

    INSERT INTO public.grado_tema(grado_id, tema_id)
      VALUES (0, 19);
    

    INSERT INTO public.grado_tema_vocablo(grado_id, tema_id, vocablo_id)
      VALUES (0, 19, 115);
    

    INSERT INTO public.grado_tema_vocablo(grado_id, tema_id, vocablo_id)
      VALUES (0, 19, 116);
    

    INSERT INTO public.grado_tema_vocablo(grado_id, tema_id, vocablo_id)
      VALUES (0, 19, 117);
    

    INSERT INTO public.grado_tema(grado_id, tema_id)
      VALUES (0, 20);
    

    INSERT INTO public.grado_tema_vocablo(grado_id, tema_id, vocablo_id)
      VALUES (0, 20, 118);
    

    INSERT INTO public.grado_tema_vocablo(grado_id, tema_id, vocablo_id)
      VALUES (0, 20, 2);
    

    INSERT INTO public.grado_tema_vocablo(grado_id, tema_id, vocablo_id)
      VALUES (0, 20, 119);
    

    INSERT INTO public.grado_tema(grado_id, tema_id)
      VALUES (0, 21);
    

    INSERT INTO public.grado_tema_vocablo(grado_id, tema_id, vocablo_id)
      VALUES (0, 21, 120);
    

    INSERT INTO public.grado_tema_vocablo(grado_id, tema_id, vocablo_id)
      VALUES (0, 21, 121);
    

    INSERT INTO public.grado_tema(grado_id, tema_id)
      VALUES (0, 22);
    

    INSERT INTO public.grado_tema_vocablo(grado_id, tema_id, vocablo_id)
      VALUES (0, 22, 122);
    

    INSERT INTO public.grado_tema_vocablo(grado_id, tema_id, vocablo_id)
      VALUES (0, 22, 123);
    

    INSERT INTO public.grado_tema(grado_id, tema_id)
      VALUES (0, 23);
    

    INSERT INTO public.grado_tema_vocablo(grado_id, tema_id, vocablo_id)
      VALUES (0, 23, 124);
    

    INSERT INTO public.grado_tema_vocablo(grado_id, tema_id, vocablo_id)
      VALUES (0, 23, 125);
    

    INSERT INTO public.grado_tema_vocablo(grado_id, tema_id, vocablo_id)
      VALUES (0, 23, 126);
    

    INSERT INTO public.grado_tema_vocablo(grado_id, tema_id, vocablo_id)
      VALUES (0, 23, 4);
    

    INSERT INTO public.grado_tema(grado_id, tema_id)
      VALUES (0, 24);
    

    INSERT INTO public.grado_tema_vocablo(grado_id, tema_id, vocablo_id)
      VALUES (0, 24, 127);
    

    INSERT INTO public.grado_tema(grado_id, tema_id)
      VALUES (0, 25);
    

    INSERT INTO public.grado_tema_vocablo(grado_id, tema_id, vocablo_id)
      VALUES (0, 25, 128);
    

    INSERT INTO public.grado_tema_vocablo(grado_id, tema_id, vocablo_id)
      VALUES (0, 25, 70);
    

    INSERT INTO public.grado_tema_vocablo(grado_id, tema_id, vocablo_id)
      VALUES (0, 25, 129);
    

    INSERT INTO public.grado_tema_vocablo(grado_id, tema_id, vocablo_id)
      VALUES (0, 25, 1);
    

    INSERT INTO public.grado_tema_vocablo(grado_id, tema_id, vocablo_id)
      VALUES (0, 25, 130);
    

    INSERT INTO public.grado_tema(grado_id, tema_id)
      VALUES (0, 26);
    

    INSERT INTO public.grado_tema_vocablo(grado_id, tema_id, vocablo_id)
      VALUES (0, 26, 131);
    

    INSERT INTO public.grado_tema_vocablo(grado_id, tema_id, vocablo_id)
      VALUES (0, 26, 132);
    

    INSERT INTO public.grado_tema_vocablo(grado_id, tema_id, vocablo_id)
      VALUES (0, 26, 133);
    

    INSERT INTO public.grado_tema_vocablo(grado_id, tema_id, vocablo_id)
      VALUES (0, 26, 134);
    

    INSERT INTO public.grado_tema(grado_id, tema_id)
      VALUES (0, 27);
    

    INSERT INTO public.grado_tema_vocablo(grado_id, tema_id, vocablo_id)
      VALUES (0, 27, 135);
    


--
-- Primer Grado
--

    INSERT INTO public.grado_tema(grado_id, tema_id)
      VALUES (1, 33);
    

    INSERT INTO public.grado_tema_vocablo(grado_id, tema_id, vocablo_id)
      VALUES (1, 33, 8);
    

    INSERT INTO public.grado_tema_vocablo(grado_id, tema_id, vocablo_id)
      VALUES (1, 33, 9);
    

    INSERT INTO public.grado_tema_vocablo(grado_id, tema_id, vocablo_id)
      VALUES (1, 33, 10);
    

    INSERT INTO public.grado_tema_vocablo(grado_id, tema_id, vocablo_id)
      VALUES (1, 33, 11);
    

    INSERT INTO public.grado_tema_vocablo(grado_id, tema_id, vocablo_id)
      VALUES (1, 33, 12);
    

    INSERT INTO public.grado_tema_vocablo(grado_id, tema_id, vocablo_id)
      VALUES (1, 33, 13);
    

    INSERT INTO public.grado_tema_vocablo(grado_id, tema_id, vocablo_id)
      VALUES (1, 33, 14);
    

    INSERT INTO public.grado_tema_vocablo(grado_id, tema_id, vocablo_id)
      VALUES (1, 33, 15);
    

    INSERT INTO public.grado_tema(grado_id, tema_id)
      VALUES (1, 0);
    

    INSERT INTO public.grado_tema_vocablo(grado_id, tema_id, vocablo_id)
      VALUES (1, 0, 8);
    

    INSERT INTO public.grado_tema_vocablo(grado_id, tema_id, vocablo_id)
      VALUES (1, 0, 136);
    

    INSERT INTO public.grado_tema_vocablo(grado_id, tema_id, vocablo_id)
      VALUES (1, 0, 137);
    

    INSERT INTO public.grado_tema_vocablo(grado_id, tema_id, vocablo_id)
      VALUES (1, 0, 138);
    

    INSERT INTO public.grado_tema(grado_id, tema_id)
      VALUES (1, 1);
    

    INSERT INTO public.grado_tema_vocablo(grado_id, tema_id, vocablo_id)
      VALUES (1, 1, 139);
    

    INSERT INTO public.grado_tema_vocablo(grado_id, tema_id, vocablo_id)
      VALUES (1, 1, 140);
    

    INSERT INTO public.grado_tema_vocablo(grado_id, tema_id, vocablo_id)
      VALUES (1, 1, 141);
    

    INSERT INTO public.grado_tema_vocablo(grado_id, tema_id, vocablo_id)
      VALUES (1, 1, 142);
    

    INSERT INTO public.grado_tema_vocablo(grado_id, tema_id, vocablo_id)
      VALUES (1, 1, 136);
    

    INSERT INTO public.grado_tema_vocablo(grado_id, tema_id, vocablo_id)
      VALUES (1, 1, 143);
    

    INSERT INTO public.grado_tema_vocablo(grado_id, tema_id, vocablo_id)
      VALUES (1, 1, 144);
    

    INSERT INTO public.grado_tema_vocablo(grado_id, tema_id, vocablo_id)
      VALUES (1, 1, 145);
    

    INSERT INTO public.grado_tema(grado_id, tema_id)
      VALUES (1, 2);
    

    INSERT INTO public.grado_tema_vocablo(grado_id, tema_id, vocablo_id)
      VALUES (1, 2, 146);
    

    INSERT INTO public.grado_tema(grado_id, tema_id)
      VALUES (1, 4);
    

    INSERT INTO public.grado_tema_vocablo(grado_id, tema_id, vocablo_id)
      VALUES (1, 4, 3);
    

    INSERT INTO public.grado_tema_vocablo(grado_id, tema_id, vocablo_id)
      VALUES (1, 4, 84);
    

    INSERT INTO public.grado_tema_vocablo(grado_id, tema_id, vocablo_id)
      VALUES (1, 4, 85);
    

    INSERT INTO public.grado_tema_vocablo(grado_id, tema_id, vocablo_id)
      VALUES (1, 4, 9);
    

    INSERT INTO public.grado_tema(grado_id, tema_id)
      VALUES (1, 5);
    

    INSERT INTO public.grado_tema_vocablo(grado_id, tema_id, vocablo_id)
      VALUES (1, 5, 86);
    

    INSERT INTO public.grado_tema_vocablo(grado_id, tema_id, vocablo_id)
      VALUES (1, 5, 87);
    

    INSERT INTO public.grado_tema_vocablo(grado_id, tema_id, vocablo_id)
      VALUES (1, 5, 147);
    

    INSERT INTO public.grado_tema(grado_id, tema_id)
      VALUES (1, 7);
    

    INSERT INTO public.grado_tema_vocablo(grado_id, tema_id, vocablo_id)
      VALUES (1, 7, 148);
    

    INSERT INTO public.grado_tema_vocablo(grado_id, tema_id, vocablo_id)
      VALUES (1, 7, 149);
    

    INSERT INTO public.grado_tema_vocablo(grado_id, tema_id, vocablo_id)
      VALUES (1, 7, 150);
    

    INSERT INTO public.grado_tema(grado_id, tema_id)
      VALUES (1, 8);
    

    INSERT INTO public.grado_tema_vocablo(grado_id, tema_id, vocablo_id)
      VALUES (1, 8, 88);
    

    INSERT INTO public.grado_tema_vocablo(grado_id, tema_id, vocablo_id)
      VALUES (1, 8, 151);
    

    INSERT INTO public.grado_tema_vocablo(grado_id, tema_id, vocablo_id)
      VALUES (1, 8, 152);
    

    INSERT INTO public.grado_tema(grado_id, tema_id)
      VALUES (1, 9);
    

    INSERT INTO public.grado_tema_vocablo(grado_id, tema_id, vocablo_id)
      VALUES (1, 9, 10);
    

    INSERT INTO public.grado_tema_vocablo(grado_id, tema_id, vocablo_id)
      VALUES (1, 9, 153);
    

    INSERT INTO public.grado_tema_vocablo(grado_id, tema_id, vocablo_id)
      VALUES (1, 9, 154);
    

    INSERT INTO public.grado_tema_vocablo(grado_id, tema_id, vocablo_id)
      VALUES (1, 9, 155);
    

    INSERT INTO public.grado_tema_vocablo(grado_id, tema_id, vocablo_id)
      VALUES (1, 9, 156);
    

    INSERT INTO public.grado_tema(grado_id, tema_id)
      VALUES (1, 11);
    

    INSERT INTO public.grado_tema_vocablo(grado_id, tema_id, vocablo_id)
      VALUES (1, 11, 157);
    

    INSERT INTO public.grado_tema_vocablo(grado_id, tema_id, vocablo_id)
      VALUES (1, 11, 158);
    

    INSERT INTO public.grado_tema_vocablo(grado_id, tema_id, vocablo_id)
      VALUES (1, 11, 159);
    

    INSERT INTO public.grado_tema(grado_id, tema_id)
      VALUES (1, 12);
    

    INSERT INTO public.grado_tema_vocablo(grado_id, tema_id, vocablo_id)
      VALUES (1, 12, 160);
    

    INSERT INTO public.grado_tema_vocablo(grado_id, tema_id, vocablo_id)
      VALUES (1, 12, 161);
    

    INSERT INTO public.grado_tema_vocablo(grado_id, tema_id, vocablo_id)
      VALUES (1, 12, 93);
    

    INSERT INTO public.grado_tema_vocablo(grado_id, tema_id, vocablo_id)
      VALUES (1, 12, 162);
    

    INSERT INTO public.grado_tema_vocablo(grado_id, tema_id, vocablo_id)
      VALUES (1, 12, 163);
    

    INSERT INTO public.grado_tema(grado_id, tema_id)
      VALUES (1, 13);
    

    INSERT INTO public.grado_tema_vocablo(grado_id, tema_id, vocablo_id)
      VALUES (1, 13, 97);
    

    INSERT INTO public.grado_tema_vocablo(grado_id, tema_id, vocablo_id)
      VALUES (1, 13, 164);
    

    INSERT INTO public.grado_tema_vocablo(grado_id, tema_id, vocablo_id)
      VALUES (1, 13, 165);
    

    INSERT INTO public.grado_tema(grado_id, tema_id)
      VALUES (1, 14);
    

    INSERT INTO public.grado_tema_vocablo(grado_id, tema_id, vocablo_id)
      VALUES (1, 14, 166);
    

    INSERT INTO public.grado_tema_vocablo(grado_id, tema_id, vocablo_id)
      VALUES (1, 14, 167);
    

    INSERT INTO public.grado_tema_vocablo(grado_id, tema_id, vocablo_id)
      VALUES (1, 14, 168);
    

    INSERT INTO public.grado_tema_vocablo(grado_id, tema_id, vocablo_id)
      VALUES (1, 14, 169);
    

    INSERT INTO public.grado_tema(grado_id, tema_id)
      VALUES (1, 15);
    

    INSERT INTO public.grado_tema_vocablo(grado_id, tema_id, vocablo_id)
      VALUES (1, 15, 170);
    

    INSERT INTO public.grado_tema_vocablo(grado_id, tema_id, vocablo_id)
      VALUES (1, 15, 171);
    

    INSERT INTO public.grado_tema_vocablo(grado_id, tema_id, vocablo_id)
      VALUES (1, 15, 172);
    

    INSERT INTO public.grado_tema_vocablo(grado_id, tema_id, vocablo_id)
      VALUES (1, 15, 173);
    

    INSERT INTO public.grado_tema(grado_id, tema_id)
      VALUES (1, 16);
    

    INSERT INTO public.grado_tema_vocablo(grado_id, tema_id, vocablo_id)
      VALUES (1, 16, 104);
    

    INSERT INTO public.grado_tema_vocablo(grado_id, tema_id, vocablo_id)
      VALUES (1, 16, 105);
    

    INSERT INTO public.grado_tema_vocablo(grado_id, tema_id, vocablo_id)
      VALUES (1, 16, 174);
    

    INSERT INTO public.grado_tema_vocablo(grado_id, tema_id, vocablo_id)
      VALUES (1, 16, 103);
    

    INSERT INTO public.grado_tema(grado_id, tema_id)
      VALUES (1, 17);
    

    INSERT INTO public.grado_tema_vocablo(grado_id, tema_id, vocablo_id)
      VALUES (1, 17, 111);
    

    INSERT INTO public.grado_tema_vocablo(grado_id, tema_id, vocablo_id)
      VALUES (1, 17, 112);
    

    INSERT INTO public.grado_tema_vocablo(grado_id, tema_id, vocablo_id)
      VALUES (1, 17, 109);
    

    INSERT INTO public.grado_tema_vocablo(grado_id, tema_id, vocablo_id)
      VALUES (1, 17, 106);
    

    INSERT INTO public.grado_tema_vocablo(grado_id, tema_id, vocablo_id)
      VALUES (1, 17, 110);
    

    INSERT INTO public.grado_tema_vocablo(grado_id, tema_id, vocablo_id)
      VALUES (1, 17, 108);
    

    INSERT INTO public.grado_tema_vocablo(grado_id, tema_id, vocablo_id)
      VALUES (1, 17, 107);
    

    INSERT INTO public.grado_tema(grado_id, tema_id)
      VALUES (1, 18);
    

    INSERT INTO public.grado_tema_vocablo(grado_id, tema_id, vocablo_id)
      VALUES (1, 18, 114);
    

    INSERT INTO public.grado_tema_vocablo(grado_id, tema_id, vocablo_id)
      VALUES (1, 18, 113);
    

    INSERT INTO public.grado_tema_vocablo(grado_id, tema_id, vocablo_id)
      VALUES (1, 18, 175);
    

    INSERT INTO public.grado_tema_vocablo(grado_id, tema_id, vocablo_id)
      VALUES (1, 18, 176);
    

    INSERT INTO public.grado_tema_vocablo(grado_id, tema_id, vocablo_id)
      VALUES (1, 18, 177);
    

    INSERT INTO public.grado_tema_vocablo(grado_id, tema_id, vocablo_id)
      VALUES (1, 18, 178);
    

    INSERT INTO public.grado_tema_vocablo(grado_id, tema_id, vocablo_id)
      VALUES (1, 18, 179);
    

    INSERT INTO public.grado_tema_vocablo(grado_id, tema_id, vocablo_id)
      VALUES (1, 18, 180);
    

    INSERT INTO public.grado_tema(grado_id, tema_id)
      VALUES (1, 19);
    

    INSERT INTO public.grado_tema_vocablo(grado_id, tema_id, vocablo_id)
      VALUES (1, 19, 181);
    

    INSERT INTO public.grado_tema_vocablo(grado_id, tema_id, vocablo_id)
      VALUES (1, 19, 182);
    

    INSERT INTO public.grado_tema_vocablo(grado_id, tema_id, vocablo_id)
      VALUES (1, 19, 183);
    

    INSERT INTO public.grado_tema_vocablo(grado_id, tema_id, vocablo_id)
      VALUES (1, 19, 184);
    

    INSERT INTO public.grado_tema_vocablo(grado_id, tema_id, vocablo_id)
      VALUES (1, 19, 185);
    

    INSERT INTO public.grado_tema(grado_id, tema_id)
      VALUES (1, 20);
    

    INSERT INTO public.grado_tema_vocablo(grado_id, tema_id, vocablo_id)
      VALUES (1, 20, 186);
    

    INSERT INTO public.grado_tema_vocablo(grado_id, tema_id, vocablo_id)
      VALUES (1, 20, 187);
    

    INSERT INTO public.grado_tema_vocablo(grado_id, tema_id, vocablo_id)
      VALUES (1, 20, 188);
    

    INSERT INTO public.grado_tema_vocablo(grado_id, tema_id, vocablo_id)
      VALUES (1, 20, 189);
    

    INSERT INTO public.grado_tema_vocablo(grado_id, tema_id, vocablo_id)
      VALUES (1, 20, 190);
    

    INSERT INTO public.grado_tema_vocablo(grado_id, tema_id, vocablo_id)
      VALUES (1, 20, 191);
    

    INSERT INTO public.grado_tema_vocablo(grado_id, tema_id, vocablo_id)
      VALUES (1, 20, 192);
    

    INSERT INTO public.grado_tema(grado_id, tema_id)
      VALUES (1, 21);
    

    INSERT INTO public.grado_tema_vocablo(grado_id, tema_id, vocablo_id)
      VALUES (1, 21, 193);
    

    INSERT INTO public.grado_tema_vocablo(grado_id, tema_id, vocablo_id)
      VALUES (1, 21, 11);
    

    INSERT INTO public.grado_tema(grado_id, tema_id)
      VALUES (1, 22);
    

    INSERT INTO public.grado_tema_vocablo(grado_id, tema_id, vocablo_id)
      VALUES (1, 22, 194);
    

    INSERT INTO public.grado_tema_vocablo(grado_id, tema_id, vocablo_id)
      VALUES (1, 22, 122);
    

    INSERT INTO public.grado_tema_vocablo(grado_id, tema_id, vocablo_id)
      VALUES (1, 22, 123);
    

    INSERT INTO public.grado_tema_vocablo(grado_id, tema_id, vocablo_id)
      VALUES (1, 22, 195);
    

    INSERT INTO public.grado_tema_vocablo(grado_id, tema_id, vocablo_id)
      VALUES (1, 22, 196);
    

    INSERT INTO public.grado_tema_vocablo(grado_id, tema_id, vocablo_id)
      VALUES (1, 22, 197);
    

    INSERT INTO public.grado_tema(grado_id, tema_id)
      VALUES (1, 23);
    

    INSERT INTO public.grado_tema_vocablo(grado_id, tema_id, vocablo_id)
      VALUES (1, 23, 198);
    

    INSERT INTO public.grado_tema_vocablo(grado_id, tema_id, vocablo_id)
      VALUES (1, 23, 199);
    

    INSERT INTO public.grado_tema_vocablo(grado_id, tema_id, vocablo_id)
      VALUES (1, 23, 200);
    

    INSERT INTO public.grado_tema_vocablo(grado_id, tema_id, vocablo_id)
      VALUES (1, 23, 201);
    

    INSERT INTO public.grado_tema_vocablo(grado_id, tema_id, vocablo_id)
      VALUES (1, 23, 202);
    

    INSERT INTO public.grado_tema_vocablo(grado_id, tema_id, vocablo_id)
      VALUES (1, 23, 203);
    

    INSERT INTO public.grado_tema_vocablo(grado_id, tema_id, vocablo_id)
      VALUES (1, 23, 204);
    

    INSERT INTO public.grado_tema(grado_id, tema_id)
      VALUES (1, 24);
    

    INSERT INTO public.grado_tema_vocablo(grado_id, tema_id, vocablo_id)
      VALUES (1, 24, 127);
    

    INSERT INTO public.grado_tema_vocablo(grado_id, tema_id, vocablo_id)
      VALUES (1, 24, 205);
    

    INSERT INTO public.grado_tema_vocablo(grado_id, tema_id, vocablo_id)
      VALUES (1, 24, 206);
    

    INSERT INTO public.grado_tema(grado_id, tema_id)
      VALUES (1, 25);
    

    INSERT INTO public.grado_tema_vocablo(grado_id, tema_id, vocablo_id)
      VALUES (1, 25, 207);
    

    INSERT INTO public.grado_tema_vocablo(grado_id, tema_id, vocablo_id)
      VALUES (1, 25, 208);
    

    INSERT INTO public.grado_tema_vocablo(grado_id, tema_id, vocablo_id)
      VALUES (1, 25, 209);
    

    INSERT INTO public.grado_tema_vocablo(grado_id, tema_id, vocablo_id)
      VALUES (1, 25, 210);
    

    INSERT INTO public.grado_tema_vocablo(grado_id, tema_id, vocablo_id)
      VALUES (1, 25, 211);
    

    INSERT INTO public.grado_tema_vocablo(grado_id, tema_id, vocablo_id)
      VALUES (1, 25, 212);
    

    INSERT INTO public.grado_tema(grado_id, tema_id)
      VALUES (1, 26);
    

    INSERT INTO public.grado_tema_vocablo(grado_id, tema_id, vocablo_id)
      VALUES (1, 26, 131);
    

    INSERT INTO public.grado_tema_vocablo(grado_id, tema_id, vocablo_id)
      VALUES (1, 26, 132);
    

    INSERT INTO public.grado_tema_vocablo(grado_id, tema_id, vocablo_id)
      VALUES (1, 26, 133);
    

    INSERT INTO public.grado_tema_vocablo(grado_id, tema_id, vocablo_id)
      VALUES (1, 26, 134);
    

    INSERT INTO public.grado_tema(grado_id, tema_id)
      VALUES (1, 27);
    

    INSERT INTO public.grado_tema_vocablo(grado_id, tema_id, vocablo_id)
      VALUES (1, 27, 213);
    

    INSERT INTO public.grado_tema_vocablo(grado_id, tema_id, vocablo_id)
      VALUES (1, 27, 214);
    

    INSERT INTO public.grado_tema(grado_id, tema_id)
      VALUES (1, 28);
    

    INSERT INTO public.grado_tema_vocablo(grado_id, tema_id, vocablo_id)
      VALUES (1, 28, 215);
    

    INSERT INTO public.grado_tema_vocablo(grado_id, tema_id, vocablo_id)
      VALUES (1, 28, 216);
    

    INSERT INTO public.grado_tema_vocablo(grado_id, tema_id, vocablo_id)
      VALUES (1, 28, 217);
    

    INSERT INTO public.grado_tema_vocablo(grado_id, tema_id, vocablo_id)
      VALUES (1, 28, 218);
    

    INSERT INTO public.grado_tema(grado_id, tema_id)
      VALUES (1, 29);
    

    INSERT INTO public.grado_tema_vocablo(grado_id, tema_id, vocablo_id)
      VALUES (1, 29, 219);
    

    INSERT INTO public.grado_tema_vocablo(grado_id, tema_id, vocablo_id)
      VALUES (1, 29, 220);
    

    INSERT INTO public.grado_tema_vocablo(grado_id, tema_id, vocablo_id)
      VALUES (1, 29, 12);
    

    INSERT INTO public.grado_tema(grado_id, tema_id)
      VALUES (1, 30);
    

    INSERT INTO public.grado_tema_vocablo(grado_id, tema_id, vocablo_id)
      VALUES (1, 30, 13);
    

    INSERT INTO public.grado_tema_vocablo(grado_id, tema_id, vocablo_id)
      VALUES (1, 30, 14);
    

    INSERT INTO public.grado_tema_vocablo(grado_id, tema_id, vocablo_id)
      VALUES (1, 30, 15);
    

    INSERT INTO public.grado_tema_vocablo(grado_id, tema_id, vocablo_id)
      VALUES (1, 30, 221);
    

    INSERT INTO public.grado_tema(grado_id, tema_id)
      VALUES (1, 31);
    

    INSERT INTO public.grado_tema_vocablo(grado_id, tema_id, vocablo_id)
      VALUES (1, 31, 70);
    

    INSERT INTO public.grado_tema_vocablo(grado_id, tema_id, vocablo_id)
      VALUES (1, 31, 222);
    

    INSERT INTO public.grado_tema_vocablo(grado_id, tema_id, vocablo_id)
      VALUES (1, 31, 223);
    


--
-- Segundo Grado
--

    INSERT INTO public.grado_tema(grado_id, tema_id)
      VALUES (2, 34);
    

    INSERT INTO public.grado_tema_vocablo(grado_id, tema_id, vocablo_id)
      VALUES (2, 34, 16);
    

    INSERT INTO public.grado_tema_vocablo(grado_id, tema_id, vocablo_id)
      VALUES (2, 34, 17);
    

    INSERT INTO public.grado_tema_vocablo(grado_id, tema_id, vocablo_id)
      VALUES (2, 34, 18);
    

    INSERT INTO public.grado_tema_vocablo(grado_id, tema_id, vocablo_id)
      VALUES (2, 34, 19);
    

    INSERT INTO public.grado_tema_vocablo(grado_id, tema_id, vocablo_id)
      VALUES (2, 34, 20);
    

    INSERT INTO public.grado_tema_vocablo(grado_id, tema_id, vocablo_id)
      VALUES (2, 34, 21);
    

    INSERT INTO public.grado_tema_vocablo(grado_id, tema_id, vocablo_id)
      VALUES (2, 34, 22);
    

    INSERT INTO public.grado_tema_vocablo(grado_id, tema_id, vocablo_id)
      VALUES (2, 34, 23);
    

    INSERT INTO public.grado_tema_vocablo(grado_id, tema_id, vocablo_id)
      VALUES (2, 34, 24);
    

    INSERT INTO public.grado_tema_vocablo(grado_id, tema_id, vocablo_id)
      VALUES (2, 34, 25);
    

    INSERT INTO public.grado_tema(grado_id, tema_id)
      VALUES (2, 0);
    

    INSERT INTO public.grado_tema_vocablo(grado_id, tema_id, vocablo_id)
      VALUES (2, 0, 224);
    

    INSERT INTO public.grado_tema_vocablo(grado_id, tema_id, vocablo_id)
      VALUES (2, 0, 225);
    

    INSERT INTO public.grado_tema_vocablo(grado_id, tema_id, vocablo_id)
      VALUES (2, 0, 226);
    

    INSERT INTO public.grado_tema_vocablo(grado_id, tema_id, vocablo_id)
      VALUES (2, 0, 227);
    

    INSERT INTO public.grado_tema_vocablo(grado_id, tema_id, vocablo_id)
      VALUES (2, 0, 228);
    

    INSERT INTO public.grado_tema(grado_id, tema_id)
      VALUES (2, 1);
    

    INSERT INTO public.grado_tema_vocablo(grado_id, tema_id, vocablo_id)
      VALUES (2, 1, 229);
    

    INSERT INTO public.grado_tema_vocablo(grado_id, tema_id, vocablo_id)
      VALUES (2, 1, 230);
    

    INSERT INTO public.grado_tema_vocablo(grado_id, tema_id, vocablo_id)
      VALUES (2, 1, 231);
    

    INSERT INTO public.grado_tema_vocablo(grado_id, tema_id, vocablo_id)
      VALUES (2, 1, 232);
    

    INSERT INTO public.grado_tema_vocablo(grado_id, tema_id, vocablo_id)
      VALUES (2, 1, 233);
    

    INSERT INTO public.grado_tema(grado_id, tema_id)
      VALUES (2, 2);
    

    INSERT INTO public.grado_tema_vocablo(grado_id, tema_id, vocablo_id)
      VALUES (2, 2, 234);
    

    INSERT INTO public.grado_tema(grado_id, tema_id)
      VALUES (2, 4);
    

    INSERT INTO public.grado_tema_vocablo(grado_id, tema_id, vocablo_id)
      VALUES (2, 4, 3);
    

    INSERT INTO public.grado_tema_vocablo(grado_id, tema_id, vocablo_id)
      VALUES (2, 4, 84);
    

    INSERT INTO public.grado_tema_vocablo(grado_id, tema_id, vocablo_id)
      VALUES (2, 4, 235);
    

    INSERT INTO public.grado_tema_vocablo(grado_id, tema_id, vocablo_id)
      VALUES (2, 4, 16);
    

    INSERT INTO public.grado_tema_vocablo(grado_id, tema_id, vocablo_id)
      VALUES (2, 4, 9);
    

    INSERT INTO public.grado_tema(grado_id, tema_id)
      VALUES (2, 5);
    

    INSERT INTO public.grado_tema_vocablo(grado_id, tema_id, vocablo_id)
      VALUES (2, 5, 236);
    

    INSERT INTO public.grado_tema_vocablo(grado_id, tema_id, vocablo_id)
      VALUES (2, 5, 86);
    

    INSERT INTO public.grado_tema_vocablo(grado_id, tema_id, vocablo_id)
      VALUES (2, 5, 87);
    

    INSERT INTO public.grado_tema_vocablo(grado_id, tema_id, vocablo_id)
      VALUES (2, 5, 237);
    

    INSERT INTO public.grado_tema_vocablo(grado_id, tema_id, vocablo_id)
      VALUES (2, 5, 147);
    

    INSERT INTO public.grado_tema(grado_id, tema_id)
      VALUES (2, 7);
    

    INSERT INTO public.grado_tema_vocablo(grado_id, tema_id, vocablo_id)
      VALUES (2, 7, 238);
    

    INSERT INTO public.grado_tema_vocablo(grado_id, tema_id, vocablo_id)
      VALUES (2, 7, 239);
    

    INSERT INTO public.grado_tema_vocablo(grado_id, tema_id, vocablo_id)
      VALUES (2, 7, 240);
    

    INSERT INTO public.grado_tema(grado_id, tema_id)
      VALUES (2, 8);
    

    INSERT INTO public.grado_tema_vocablo(grado_id, tema_id, vocablo_id)
      VALUES (2, 8, 88);
    

    INSERT INTO public.grado_tema_vocablo(grado_id, tema_id, vocablo_id)
      VALUES (2, 8, 152);
    

    INSERT INTO public.grado_tema_vocablo(grado_id, tema_id, vocablo_id)
      VALUES (2, 8, 241);
    

    INSERT INTO public.grado_tema_vocablo(grado_id, tema_id, vocablo_id)
      VALUES (2, 8, 242);
    

    INSERT INTO public.grado_tema_vocablo(grado_id, tema_id, vocablo_id)
      VALUES (2, 8, 151);
    

    INSERT INTO public.grado_tema(grado_id, tema_id)
      VALUES (2, 9);
    

    INSERT INTO public.grado_tema_vocablo(grado_id, tema_id, vocablo_id)
      VALUES (2, 9, 10);
    

    INSERT INTO public.grado_tema_vocablo(grado_id, tema_id, vocablo_id)
      VALUES (2, 9, 90);
    

    INSERT INTO public.grado_tema_vocablo(grado_id, tema_id, vocablo_id)
      VALUES (2, 9, 17);
    

    INSERT INTO public.grado_tema_vocablo(grado_id, tema_id, vocablo_id)
      VALUES (2, 9, 243);
    

    INSERT INTO public.grado_tema_vocablo(grado_id, tema_id, vocablo_id)
      VALUES (2, 9, 89);
    

    INSERT INTO public.grado_tema(grado_id, tema_id)
      VALUES (2, 11);
    

    INSERT INTO public.grado_tema_vocablo(grado_id, tema_id, vocablo_id)
      VALUES (2, 11, 244);
    

    INSERT INTO public.grado_tema_vocablo(grado_id, tema_id, vocablo_id)
      VALUES (2, 11, 245);
    

    INSERT INTO public.grado_tema_vocablo(grado_id, tema_id, vocablo_id)
      VALUES (2, 11, 246);
    

    INSERT INTO public.grado_tema_vocablo(grado_id, tema_id, vocablo_id)
      VALUES (2, 11, 247);
    

    INSERT INTO public.grado_tema_vocablo(grado_id, tema_id, vocablo_id)
      VALUES (2, 11, 248);
    

    INSERT INTO public.grado_tema(grado_id, tema_id)
      VALUES (2, 12);
    

    INSERT INTO public.grado_tema_vocablo(grado_id, tema_id, vocablo_id)
      VALUES (2, 12, 249);
    

    INSERT INTO public.grado_tema_vocablo(grado_id, tema_id, vocablo_id)
      VALUES (2, 12, 250);
    

    INSERT INTO public.grado_tema_vocablo(grado_id, tema_id, vocablo_id)
      VALUES (2, 12, 251);
    

    INSERT INTO public.grado_tema_vocablo(grado_id, tema_id, vocablo_id)
      VALUES (2, 12, 252);
    

    INSERT INTO public.grado_tema_vocablo(grado_id, tema_id, vocablo_id)
      VALUES (2, 12, 253);
    

    INSERT INTO public.grado_tema(grado_id, tema_id)
      VALUES (2, 13);
    

    INSERT INTO public.grado_tema_vocablo(grado_id, tema_id, vocablo_id)
      VALUES (2, 13, 254);
    

    INSERT INTO public.grado_tema_vocablo(grado_id, tema_id, vocablo_id)
      VALUES (2, 13, 255);
    

    INSERT INTO public.grado_tema_vocablo(grado_id, tema_id, vocablo_id)
      VALUES (2, 13, 256);
    

    INSERT INTO public.grado_tema(grado_id, tema_id)
      VALUES (2, 14);
    

    INSERT INTO public.grado_tema_vocablo(grado_id, tema_id, vocablo_id)
      VALUES (2, 14, 99);
    

    INSERT INTO public.grado_tema_vocablo(grado_id, tema_id, vocablo_id)
      VALUES (2, 14, 18);
    

    INSERT INTO public.grado_tema_vocablo(grado_id, tema_id, vocablo_id)
      VALUES (2, 14, 257);
    

    INSERT INTO public.grado_tema_vocablo(grado_id, tema_id, vocablo_id)
      VALUES (2, 14, 258);
    

    INSERT INTO public.grado_tema_vocablo(grado_id, tema_id, vocablo_id)
      VALUES (2, 14, 259);
    

    INSERT INTO public.grado_tema(grado_id, tema_id)
      VALUES (2, 15);
    

    INSERT INTO public.grado_tema_vocablo(grado_id, tema_id, vocablo_id)
      VALUES (2, 15, 260);
    

    INSERT INTO public.grado_tema_vocablo(grado_id, tema_id, vocablo_id)
      VALUES (2, 15, 261);
    

    INSERT INTO public.grado_tema_vocablo(grado_id, tema_id, vocablo_id)
      VALUES (2, 15, 170);
    

    INSERT INTO public.grado_tema_vocablo(grado_id, tema_id, vocablo_id)
      VALUES (2, 15, 262);
    

    INSERT INTO public.grado_tema_vocablo(grado_id, tema_id, vocablo_id)
      VALUES (2, 15, 263);
    

    INSERT INTO public.grado_tema(grado_id, tema_id)
      VALUES (2, 16);
    

    INSERT INTO public.grado_tema_vocablo(grado_id, tema_id, vocablo_id)
      VALUES (2, 16, 264);
    

    INSERT INTO public.grado_tema_vocablo(grado_id, tema_id, vocablo_id)
      VALUES (2, 16, 265);
    

    INSERT INTO public.grado_tema_vocablo(grado_id, tema_id, vocablo_id)
      VALUES (2, 16, 266);
    

    INSERT INTO public.grado_tema_vocablo(grado_id, tema_id, vocablo_id)
      VALUES (2, 16, 267);
    

    INSERT INTO public.grado_tema_vocablo(grado_id, tema_id, vocablo_id)
      VALUES (2, 16, 268);
    

    INSERT INTO public.grado_tema(grado_id, tema_id)
      VALUES (2, 17);
    

    INSERT INTO public.grado_tema_vocablo(grado_id, tema_id, vocablo_id)
      VALUES (2, 17, 111);
    

    INSERT INTO public.grado_tema_vocablo(grado_id, tema_id, vocablo_id)
      VALUES (2, 17, 109);
    

    INSERT INTO public.grado_tema_vocablo(grado_id, tema_id, vocablo_id)
      VALUES (2, 17, 106);
    

    INSERT INTO public.grado_tema_vocablo(grado_id, tema_id, vocablo_id)
      VALUES (2, 17, 110);
    

    INSERT INTO public.grado_tema_vocablo(grado_id, tema_id, vocablo_id)
      VALUES (2, 17, 107);
    

    INSERT INTO public.grado_tema(grado_id, tema_id)
      VALUES (2, 18);
    

    INSERT INTO public.grado_tema_vocablo(grado_id, tema_id, vocablo_id)
      VALUES (2, 18, 269);
    

    INSERT INTO public.grado_tema_vocablo(grado_id, tema_id, vocablo_id)
      VALUES (2, 18, 270);
    

    INSERT INTO public.grado_tema_vocablo(grado_id, tema_id, vocablo_id)
      VALUES (2, 18, 271);
    

    INSERT INTO public.grado_tema_vocablo(grado_id, tema_id, vocablo_id)
      VALUES (2, 18, 272);
    

    INSERT INTO public.grado_tema_vocablo(grado_id, tema_id, vocablo_id)
      VALUES (2, 18, 273);
    

    INSERT INTO public.grado_tema(grado_id, tema_id)
      VALUES (2, 19);
    

    INSERT INTO public.grado_tema_vocablo(grado_id, tema_id, vocablo_id)
      VALUES (2, 19, 115);
    

    INSERT INTO public.grado_tema_vocablo(grado_id, tema_id, vocablo_id)
      VALUES (2, 19, 184);
    

    INSERT INTO public.grado_tema_vocablo(grado_id, tema_id, vocablo_id)
      VALUES (2, 19, 116);
    

    INSERT INTO public.grado_tema_vocablo(grado_id, tema_id, vocablo_id)
      VALUES (2, 19, 117);
    

    INSERT INTO public.grado_tema_vocablo(grado_id, tema_id, vocablo_id)
      VALUES (2, 19, 185);
    

    INSERT INTO public.grado_tema(grado_id, tema_id)
      VALUES (2, 20);
    

    INSERT INTO public.grado_tema_vocablo(grado_id, tema_id, vocablo_id)
      VALUES (2, 20, 187);
    

    INSERT INTO public.grado_tema_vocablo(grado_id, tema_id, vocablo_id)
      VALUES (2, 20, 191);
    

    INSERT INTO public.grado_tema_vocablo(grado_id, tema_id, vocablo_id)
      VALUES (2, 20, 190);
    

    INSERT INTO public.grado_tema_vocablo(grado_id, tema_id, vocablo_id)
      VALUES (2, 20, 119);
    

    INSERT INTO public.grado_tema_vocablo(grado_id, tema_id, vocablo_id)
      VALUES (2, 20, 118);
    

    INSERT INTO public.grado_tema(grado_id, tema_id)
      VALUES (2, 21);
    

    INSERT INTO public.grado_tema_vocablo(grado_id, tema_id, vocablo_id)
      VALUES (2, 21, 274);
    

    INSERT INTO public.grado_tema_vocablo(grado_id, tema_id, vocablo_id)
      VALUES (2, 21, 19);
    

    INSERT INTO public.grado_tema_vocablo(grado_id, tema_id, vocablo_id)
      VALUES (2, 21, 275);
    

    INSERT INTO public.grado_tema_vocablo(grado_id, tema_id, vocablo_id)
      VALUES (2, 21, 121);
    

    INSERT INTO public.grado_tema_vocablo(grado_id, tema_id, vocablo_id)
      VALUES (2, 21, 276);
    

    INSERT INTO public.grado_tema(grado_id, tema_id)
      VALUES (2, 22);
    

    INSERT INTO public.grado_tema_vocablo(grado_id, tema_id, vocablo_id)
      VALUES (2, 22, 21);
    

    INSERT INTO public.grado_tema_vocablo(grado_id, tema_id, vocablo_id)
      VALUES (2, 22, 277);
    

    INSERT INTO public.grado_tema_vocablo(grado_id, tema_id, vocablo_id)
      VALUES (2, 22, 278);
    

    INSERT INTO public.grado_tema_vocablo(grado_id, tema_id, vocablo_id)
      VALUES (2, 22, 22);
    

    INSERT INTO public.grado_tema_vocablo(grado_id, tema_id, vocablo_id)
      VALUES (2, 22, 279);
    

    INSERT INTO public.grado_tema(grado_id, tema_id)
      VALUES (2, 23);
    

    INSERT INTO public.grado_tema_vocablo(grado_id, tema_id, vocablo_id)
      VALUES (2, 23, 280);
    

    INSERT INTO public.grado_tema_vocablo(grado_id, tema_id, vocablo_id)
      VALUES (2, 23, 281);
    

    INSERT INTO public.grado_tema_vocablo(grado_id, tema_id, vocablo_id)
      VALUES (2, 23, 282);
    

    INSERT INTO public.grado_tema_vocablo(grado_id, tema_id, vocablo_id)
      VALUES (2, 23, 23);
    

    INSERT INTO public.grado_tema_vocablo(grado_id, tema_id, vocablo_id)
      VALUES (2, 23, 283);
    

    INSERT INTO public.grado_tema(grado_id, tema_id)
      VALUES (2, 24);
    

    INSERT INTO public.grado_tema_vocablo(grado_id, tema_id, vocablo_id)
      VALUES (2, 24, 69);
    

    INSERT INTO public.grado_tema_vocablo(grado_id, tema_id, vocablo_id)
      VALUES (2, 24, 284);
    

    INSERT INTO public.grado_tema_vocablo(grado_id, tema_id, vocablo_id)
      VALUES (2, 24, 285);
    

    INSERT INTO public.grado_tema_vocablo(grado_id, tema_id, vocablo_id)
      VALUES (2, 24, 286);
    

    INSERT INTO public.grado_tema_vocablo(grado_id, tema_id, vocablo_id)
      VALUES (2, 24, 127);
    

    INSERT INTO public.grado_tema(grado_id, tema_id)
      VALUES (2, 25);
    

    INSERT INTO public.grado_tema_vocablo(grado_id, tema_id, vocablo_id)
      VALUES (2, 25, 208);
    

    INSERT INTO public.grado_tema_vocablo(grado_id, tema_id, vocablo_id)
      VALUES (2, 25, 287);
    

    INSERT INTO public.grado_tema_vocablo(grado_id, tema_id, vocablo_id)
      VALUES (2, 25, 288);
    

    INSERT INTO public.grado_tema_vocablo(grado_id, tema_id, vocablo_id)
      VALUES (2, 25, 289);
    

    INSERT INTO public.grado_tema_vocablo(grado_id, tema_id, vocablo_id)
      VALUES (2, 25, 290);
    

    INSERT INTO public.grado_tema(grado_id, tema_id)
      VALUES (2, 26);
    

    INSERT INTO public.grado_tema_vocablo(grado_id, tema_id, vocablo_id)
      VALUES (2, 26, 291);
    

    INSERT INTO public.grado_tema_vocablo(grado_id, tema_id, vocablo_id)
      VALUES (2, 26, 292);
    

    INSERT INTO public.grado_tema_vocablo(grado_id, tema_id, vocablo_id)
      VALUES (2, 26, 293);
    

    INSERT INTO public.grado_tema_vocablo(grado_id, tema_id, vocablo_id)
      VALUES (2, 26, 294);
    

    INSERT INTO public.grado_tema_vocablo(grado_id, tema_id, vocablo_id)
      VALUES (2, 26, 295);
    

    INSERT INTO public.grado_tema(grado_id, tema_id)
      VALUES (2, 27);
    

    INSERT INTO public.grado_tema_vocablo(grado_id, tema_id, vocablo_id)
      VALUES (2, 27, 146);
    

    INSERT INTO public.grado_tema_vocablo(grado_id, tema_id, vocablo_id)
      VALUES (2, 27, 135);
    

    INSERT INTO public.grado_tema_vocablo(grado_id, tema_id, vocablo_id)
      VALUES (2, 27, 296);
    

    INSERT INTO public.grado_tema_vocablo(grado_id, tema_id, vocablo_id)
      VALUES (2, 27, 297);
    

    INSERT INTO public.grado_tema(grado_id, tema_id)
      VALUES (2, 28);
    

    INSERT INTO public.grado_tema_vocablo(grado_id, tema_id, vocablo_id)
      VALUES (2, 28, 298);
    

    INSERT INTO public.grado_tema_vocablo(grado_id, tema_id, vocablo_id)
      VALUES (2, 28, 299);
    

    INSERT INTO public.grado_tema_vocablo(grado_id, tema_id, vocablo_id)
      VALUES (2, 28, 300);
    

    INSERT INTO public.grado_tema_vocablo(grado_id, tema_id, vocablo_id)
      VALUES (2, 28, 301);
    

    INSERT INTO public.grado_tema_vocablo(grado_id, tema_id, vocablo_id)
      VALUES (2, 28, 217);
    

    INSERT INTO public.grado_tema(grado_id, tema_id)
      VALUES (2, 29);
    

    INSERT INTO public.grado_tema_vocablo(grado_id, tema_id, vocablo_id)
      VALUES (2, 29, 24);
    

    INSERT INTO public.grado_tema_vocablo(grado_id, tema_id, vocablo_id)
      VALUES (2, 29, 302);
    

    INSERT INTO public.grado_tema_vocablo(grado_id, tema_id, vocablo_id)
      VALUES (2, 29, 25);
    

    INSERT INTO public.grado_tema(grado_id, tema_id)
      VALUES (2, 30);
    

    INSERT INTO public.grado_tema_vocablo(grado_id, tema_id, vocablo_id)
      VALUES (2, 30, 303);
    

    INSERT INTO public.grado_tema_vocablo(grado_id, tema_id, vocablo_id)
      VALUES (2, 30, 20);
    

    INSERT INTO public.grado_tema_vocablo(grado_id, tema_id, vocablo_id)
      VALUES (2, 30, 304);
    

    INSERT INTO public.grado_tema_vocablo(grado_id, tema_id, vocablo_id)
      VALUES (2, 30, 305);
    

    INSERT INTO public.grado_tema_vocablo(grado_id, tema_id, vocablo_id)
      VALUES (2, 30, 306);
    

    INSERT INTO public.grado_tema(grado_id, tema_id)
      VALUES (2, 31);
    

    INSERT INTO public.grado_tema_vocablo(grado_id, tema_id, vocablo_id)
      VALUES (2, 31, 307);
    

    INSERT INTO public.grado_tema_vocablo(grado_id, tema_id, vocablo_id)
      VALUES (2, 31, 308);
    

    INSERT INTO public.grado_tema_vocablo(grado_id, tema_id, vocablo_id)
      VALUES (2, 31, 309);
    

    INSERT INTO public.grado_tema_vocablo(grado_id, tema_id, vocablo_id)
      VALUES (2, 31, 310);
    

    INSERT INTO public.grado_tema_vocablo(grado_id, tema_id, vocablo_id)
      VALUES (2, 31, 311);
    


--
-- Tercer Grado
--

    INSERT INTO public.grado_tema(grado_id, tema_id)
      VALUES (3, 35);
    

    INSERT INTO public.grado_tema_vocablo(grado_id, tema_id, vocablo_id)
      VALUES (3, 35, 26);
    

    INSERT INTO public.grado_tema_vocablo(grado_id, tema_id, vocablo_id)
      VALUES (3, 35, 27);
    

    INSERT INTO public.grado_tema_vocablo(grado_id, tema_id, vocablo_id)
      VALUES (3, 35, 28);
    

    INSERT INTO public.grado_tema_vocablo(grado_id, tema_id, vocablo_id)
      VALUES (3, 35, 29);
    

    INSERT INTO public.grado_tema_vocablo(grado_id, tema_id, vocablo_id)
      VALUES (3, 35, 30);
    

    INSERT INTO public.grado_tema(grado_id, tema_id)
      VALUES (3, 0);
    

    INSERT INTO public.grado_tema_vocablo(grado_id, tema_id, vocablo_id)
      VALUES (3, 0, 26);
    

    INSERT INTO public.grado_tema_vocablo(grado_id, tema_id, vocablo_id)
      VALUES (3, 0, 312);
    

    INSERT INTO public.grado_tema_vocablo(grado_id, tema_id, vocablo_id)
      VALUES (3, 0, 313);
    

    INSERT INTO public.grado_tema_vocablo(grado_id, tema_id, vocablo_id)
      VALUES (3, 0, 314);
    

    INSERT INTO public.grado_tema_vocablo(grado_id, tema_id, vocablo_id)
      VALUES (3, 0, 315);
    

    INSERT INTO public.grado_tema_vocablo(grado_id, tema_id, vocablo_id)
      VALUES (3, 0, 316);
    

    INSERT INTO public.grado_tema_vocablo(grado_id, tema_id, vocablo_id)
      VALUES (3, 0, 317);
    

    INSERT INTO public.grado_tema_vocablo(grado_id, tema_id, vocablo_id)
      VALUES (3, 0, 318);
    

    INSERT INTO public.grado_tema_vocablo(grado_id, tema_id, vocablo_id)
      VALUES (3, 0, 319);
    

    INSERT INTO public.grado_tema(grado_id, tema_id)
      VALUES (3, 1);
    

    INSERT INTO public.grado_tema_vocablo(grado_id, tema_id, vocablo_id)
      VALUES (3, 1, 320);
    

    INSERT INTO public.grado_tema_vocablo(grado_id, tema_id, vocablo_id)
      VALUES (3, 1, 321);
    

    INSERT INTO public.grado_tema_vocablo(grado_id, tema_id, vocablo_id)
      VALUES (3, 1, 322);
    

    INSERT INTO public.grado_tema_vocablo(grado_id, tema_id, vocablo_id)
      VALUES (3, 1, 323);
    

    INSERT INTO public.grado_tema_vocablo(grado_id, tema_id, vocablo_id)
      VALUES (3, 1, 324);
    

    INSERT INTO public.grado_tema_vocablo(grado_id, tema_id, vocablo_id)
      VALUES (3, 1, 325);
    

    INSERT INTO public.grado_tema(grado_id, tema_id)
      VALUES (3, 4);
    

    INSERT INTO public.grado_tema_vocablo(grado_id, tema_id, vocablo_id)
      VALUES (3, 4, 326);
    

    INSERT INTO public.grado_tema_vocablo(grado_id, tema_id, vocablo_id)
      VALUES (3, 4, 327);
    

    INSERT INTO public.grado_tema_vocablo(grado_id, tema_id, vocablo_id)
      VALUES (3, 4, 328);
    

    INSERT INTO public.grado_tema_vocablo(grado_id, tema_id, vocablo_id)
      VALUES (3, 4, 329);
    

    INSERT INTO public.grado_tema_vocablo(grado_id, tema_id, vocablo_id)
      VALUES (3, 4, 27);
    

    INSERT INTO public.grado_tema(grado_id, tema_id)
      VALUES (3, 29);
    

    INSERT INTO public.grado_tema_vocablo(grado_id, tema_id, vocablo_id)
      VALUES (3, 29, 330);
    

    INSERT INTO public.grado_tema_vocablo(grado_id, tema_id, vocablo_id)
      VALUES (3, 29, 331);
    

    INSERT INTO public.grado_tema_vocablo(grado_id, tema_id, vocablo_id)
      VALUES (3, 29, 28);
    

    INSERT INTO public.grado_tema_vocablo(grado_id, tema_id, vocablo_id)
      VALUES (3, 29, 332);
    

    INSERT INTO public.grado_tema_vocablo(grado_id, tema_id, vocablo_id)
      VALUES (3, 29, 333);
    

    INSERT INTO public.grado_tema(grado_id, tema_id)
      VALUES (3, 7);
    

    INSERT INTO public.grado_tema_vocablo(grado_id, tema_id, vocablo_id)
      VALUES (3, 7, 334);
    

    INSERT INTO public.grado_tema_vocablo(grado_id, tema_id, vocablo_id)
      VALUES (3, 7, 239);
    

    INSERT INTO public.grado_tema_vocablo(grado_id, tema_id, vocablo_id)
      VALUES (3, 7, 148);
    

    INSERT INTO public.grado_tema_vocablo(grado_id, tema_id, vocablo_id)
      VALUES (3, 7, 335);
    

    INSERT INTO public.grado_tema_vocablo(grado_id, tema_id, vocablo_id)
      VALUES (3, 7, 149);
    

    INSERT INTO public.grado_tema_vocablo(grado_id, tema_id, vocablo_id)
      VALUES (3, 7, 150);
    

    INSERT INTO public.grado_tema_vocablo(grado_id, tema_id, vocablo_id)
      VALUES (3, 7, 240);
    

    INSERT INTO public.grado_tema_vocablo(grado_id, tema_id, vocablo_id)
      VALUES (3, 7, 336);
    

    INSERT INTO public.grado_tema(grado_id, tema_id)
      VALUES (3, 8);
    

    INSERT INTO public.grado_tema_vocablo(grado_id, tema_id, vocablo_id)
      VALUES (3, 8, 337);
    

    INSERT INTO public.grado_tema_vocablo(grado_id, tema_id, vocablo_id)
      VALUES (3, 8, 338);
    

    INSERT INTO public.grado_tema_vocablo(grado_id, tema_id, vocablo_id)
      VALUES (3, 8, 339);
    

    INSERT INTO public.grado_tema_vocablo(grado_id, tema_id, vocablo_id)
      VALUES (3, 8, 340);
    

    INSERT INTO public.grado_tema(grado_id, tema_id)
      VALUES (3, 9);
    

    INSERT INTO public.grado_tema_vocablo(grado_id, tema_id, vocablo_id)
      VALUES (3, 9, 341);
    

    INSERT INTO public.grado_tema_vocablo(grado_id, tema_id, vocablo_id)
      VALUES (3, 9, 342);
    

    INSERT INTO public.grado_tema_vocablo(grado_id, tema_id, vocablo_id)
      VALUES (3, 9, 29);
    

    INSERT INTO public.grado_tema_vocablo(grado_id, tema_id, vocablo_id)
      VALUES (3, 9, 343);
    

    INSERT INTO public.grado_tema_vocablo(grado_id, tema_id, vocablo_id)
      VALUES (3, 9, 344);
    

    INSERT INTO public.grado_tema(grado_id, tema_id)
      VALUES (3, 11);
    

    INSERT INTO public.grado_tema_vocablo(grado_id, tema_id, vocablo_id)
      VALUES (3, 11, 345);
    

    INSERT INTO public.grado_tema_vocablo(grado_id, tema_id, vocablo_id)
      VALUES (3, 11, 346);
    

    INSERT INTO public.grado_tema_vocablo(grado_id, tema_id, vocablo_id)
      VALUES (3, 11, 347);
    

    INSERT INTO public.grado_tema_vocablo(grado_id, tema_id, vocablo_id)
      VALUES (3, 11, 348);
    

    INSERT INTO public.grado_tema_vocablo(grado_id, tema_id, vocablo_id)
      VALUES (3, 11, 349);
    

    INSERT INTO public.grado_tema_vocablo(grado_id, tema_id, vocablo_id)
      VALUES (3, 11, 350);
    

    INSERT INTO public.grado_tema(grado_id, tema_id)
      VALUES (3, 12);
    

    INSERT INTO public.grado_tema_vocablo(grado_id, tema_id, vocablo_id)
      VALUES (3, 12, 351);
    

    INSERT INTO public.grado_tema_vocablo(grado_id, tema_id, vocablo_id)
      VALUES (3, 12, 352);
    

    INSERT INTO public.grado_tema_vocablo(grado_id, tema_id, vocablo_id)
      VALUES (3, 12, 353);
    

    INSERT INTO public.grado_tema_vocablo(grado_id, tema_id, vocablo_id)
      VALUES (3, 12, 354);
    

    INSERT INTO public.grado_tema_vocablo(grado_id, tema_id, vocablo_id)
      VALUES (3, 12, 355);
    

    INSERT INTO public.grado_tema_vocablo(grado_id, tema_id, vocablo_id)
      VALUES (3, 12, 356);
    

    INSERT INTO public.grado_tema_vocablo(grado_id, tema_id, vocablo_id)
      VALUES (3, 12, 357);
    

    INSERT INTO public.grado_tema_vocablo(grado_id, tema_id, vocablo_id)
      VALUES (3, 12, 30);
    

    INSERT INTO public.grado_tema_vocablo(grado_id, tema_id, vocablo_id)
      VALUES (3, 12, 358);
    

    INSERT INTO public.grado_tema(grado_id, tema_id)
      VALUES (3, 13);
    

    INSERT INTO public.grado_tema_vocablo(grado_id, tema_id, vocablo_id)
      VALUES (3, 13, 359);
    

    INSERT INTO public.grado_tema_vocablo(grado_id, tema_id, vocablo_id)
      VALUES (3, 13, 360);
    

    INSERT INTO public.grado_tema_vocablo(grado_id, tema_id, vocablo_id)
      VALUES (3, 13, 361);
    

    INSERT INTO public.grado_tema_vocablo(grado_id, tema_id, vocablo_id)
      VALUES (3, 13, 362);
    

    INSERT INTO public.grado_tema(grado_id, tema_id)
      VALUES (3, 15);
    

    INSERT INTO public.grado_tema_vocablo(grado_id, tema_id, vocablo_id)
      VALUES (3, 15, 261);
    

    INSERT INTO public.grado_tema_vocablo(grado_id, tema_id, vocablo_id)
      VALUES (3, 15, 363);
    

    INSERT INTO public.grado_tema_vocablo(grado_id, tema_id, vocablo_id)
      VALUES (3, 15, 263);
    

    INSERT INTO public.grado_tema_vocablo(grado_id, tema_id, vocablo_id)
      VALUES (3, 15, 364);
    

    INSERT INTO public.grado_tema(grado_id, tema_id)
      VALUES (3, 16);
    

    INSERT INTO public.grado_tema_vocablo(grado_id, tema_id, vocablo_id)
      VALUES (3, 16, 365);
    

    INSERT INTO public.grado_tema_vocablo(grado_id, tema_id, vocablo_id)
      VALUES (3, 16, 366);
    

    INSERT INTO public.grado_tema_vocablo(grado_id, tema_id, vocablo_id)
      VALUES (3, 16, 367);
    

    INSERT INTO public.grado_tema(grado_id, tema_id)
      VALUES (3, 18);
    

    INSERT INTO public.grado_tema_vocablo(grado_id, tema_id, vocablo_id)
      VALUES (3, 18, 114);
    

    INSERT INTO public.grado_tema_vocablo(grado_id, tema_id, vocablo_id)
      VALUES (3, 18, 270);
    

    INSERT INTO public.grado_tema_vocablo(grado_id, tema_id, vocablo_id)
      VALUES (3, 18, 271);
    

    INSERT INTO public.grado_tema_vocablo(grado_id, tema_id, vocablo_id)
      VALUES (3, 18, 272);
    

    INSERT INTO public.grado_tema_vocablo(grado_id, tema_id, vocablo_id)
      VALUES (3, 18, 113);
    

    INSERT INTO public.grado_tema_vocablo(grado_id, tema_id, vocablo_id)
      VALUES (3, 18, 175);
    

    INSERT INTO public.grado_tema_vocablo(grado_id, tema_id, vocablo_id)
      VALUES (3, 18, 176);
    

    INSERT INTO public.grado_tema_vocablo(grado_id, tema_id, vocablo_id)
      VALUES (3, 18, 177);
    

    INSERT INTO public.grado_tema_vocablo(grado_id, tema_id, vocablo_id)
      VALUES (3, 18, 273);
    

    INSERT INTO public.grado_tema_vocablo(grado_id, tema_id, vocablo_id)
      VALUES (3, 18, 178);
    

    INSERT INTO public.grado_tema_vocablo(grado_id, tema_id, vocablo_id)
      VALUES (3, 18, 269);
    

    INSERT INTO public.grado_tema_vocablo(grado_id, tema_id, vocablo_id)
      VALUES (3, 18, 179);
    

    INSERT INTO public.grado_tema_vocablo(grado_id, tema_id, vocablo_id)
      VALUES (3, 18, 368);
    

    INSERT INTO public.grado_tema_vocablo(grado_id, tema_id, vocablo_id)
      VALUES (3, 18, 180);
    

    INSERT INTO public.grado_tema(grado_id, tema_id)
      VALUES (3, 17);
    

    INSERT INTO public.grado_tema_vocablo(grado_id, tema_id, vocablo_id)
      VALUES (3, 17, 369);
    

    INSERT INTO public.grado_tema_vocablo(grado_id, tema_id, vocablo_id)
      VALUES (3, 17, 370);
    

    INSERT INTO public.grado_tema_vocablo(grado_id, tema_id, vocablo_id)
      VALUES (3, 17, 371);
    

    INSERT INTO public.grado_tema(grado_id, tema_id)
      VALUES (3, 19);
    

    INSERT INTO public.grado_tema_vocablo(grado_id, tema_id, vocablo_id)
      VALUES (3, 19, 372);
    

    INSERT INTO public.grado_tema_vocablo(grado_id, tema_id, vocablo_id)
      VALUES (3, 19, 373);
    

    INSERT INTO public.grado_tema(grado_id, tema_id)
      VALUES (3, 20);
    

    INSERT INTO public.grado_tema_vocablo(grado_id, tema_id, vocablo_id)
      VALUES (3, 20, 374);
    

    INSERT INTO public.grado_tema_vocablo(grado_id, tema_id, vocablo_id)
      VALUES (3, 20, 375);
    

    INSERT INTO public.grado_tema_vocablo(grado_id, tema_id, vocablo_id)
      VALUES (3, 20, 376);
    

    INSERT INTO public.grado_tema_vocablo(grado_id, tema_id, vocablo_id)
      VALUES (3, 20, 377);
    

    INSERT INTO public.grado_tema_vocablo(grado_id, tema_id, vocablo_id)
      VALUES (3, 20, 378);
    

    INSERT INTO public.grado_tema_vocablo(grado_id, tema_id, vocablo_id)
      VALUES (3, 20, 379);
    

    INSERT INTO public.grado_tema_vocablo(grado_id, tema_id, vocablo_id)
      VALUES (3, 20, 380);
    

    INSERT INTO public.grado_tema(grado_id, tema_id)
      VALUES (3, 21);
    

    INSERT INTO public.grado_tema_vocablo(grado_id, tema_id, vocablo_id)
      VALUES (3, 21, 381);
    

    INSERT INTO public.grado_tema_vocablo(grado_id, tema_id, vocablo_id)
      VALUES (3, 21, 382);
    

    INSERT INTO public.grado_tema_vocablo(grado_id, tema_id, vocablo_id)
      VALUES (3, 21, 383);
    

    INSERT INTO public.grado_tema_vocablo(grado_id, tema_id, vocablo_id)
      VALUES (3, 21, 384);
    

    INSERT INTO public.grado_tema_vocablo(grado_id, tema_id, vocablo_id)
      VALUES (3, 21, 385);
    

    INSERT INTO public.grado_tema(grado_id, tema_id)
      VALUES (3, 23);
    

    INSERT INTO public.grado_tema_vocablo(grado_id, tema_id, vocablo_id)
      VALUES (3, 23, 386);
    

    INSERT INTO public.grado_tema_vocablo(grado_id, tema_id, vocablo_id)
      VALUES (3, 23, 387);
    

    INSERT INTO public.grado_tema_vocablo(grado_id, tema_id, vocablo_id)
      VALUES (3, 23, 388);
    

    INSERT INTO public.grado_tema_vocablo(grado_id, tema_id, vocablo_id)
      VALUES (3, 23, 389);
    

    INSERT INTO public.grado_tema_vocablo(grado_id, tema_id, vocablo_id)
      VALUES (3, 23, 390);
    

    INSERT INTO public.grado_tema_vocablo(grado_id, tema_id, vocablo_id)
      VALUES (3, 23, 391);
    

    INSERT INTO public.grado_tema_vocablo(grado_id, tema_id, vocablo_id)
      VALUES (3, 23, 392);
    

    INSERT INTO public.grado_tema_vocablo(grado_id, tema_id, vocablo_id)
      VALUES (3, 23, 393);
    

    INSERT INTO public.grado_tema_vocablo(grado_id, tema_id, vocablo_id)
      VALUES (3, 23, 394);
    

    INSERT INTO public.grado_tema_vocablo(grado_id, tema_id, vocablo_id)
      VALUES (3, 23, 395);
    

    INSERT INTO public.grado_tema_vocablo(grado_id, tema_id, vocablo_id)
      VALUES (3, 23, 396);
    

    INSERT INTO public.grado_tema_vocablo(grado_id, tema_id, vocablo_id)
      VALUES (3, 23, 397);
    

    INSERT INTO public.grado_tema(grado_id, tema_id)
      VALUES (3, 24);
    

    INSERT INTO public.grado_tema_vocablo(grado_id, tema_id, vocablo_id)
      VALUES (3, 24, 398);
    

    INSERT INTO public.grado_tema_vocablo(grado_id, tema_id, vocablo_id)
      VALUES (3, 24, 205);
    

    INSERT INTO public.grado_tema_vocablo(grado_id, tema_id, vocablo_id)
      VALUES (3, 24, 285);
    

    INSERT INTO public.grado_tema_vocablo(grado_id, tema_id, vocablo_id)
      VALUES (3, 24, 286);
    

    INSERT INTO public.grado_tema_vocablo(grado_id, tema_id, vocablo_id)
      VALUES (3, 24, 127);
    

    INSERT INTO public.grado_tema_vocablo(grado_id, tema_id, vocablo_id)
      VALUES (3, 24, 206);
    

    INSERT INTO public.grado_tema(grado_id, tema_id)
      VALUES (3, 25);
    

    INSERT INTO public.grado_tema_vocablo(grado_id, tema_id, vocablo_id)
      VALUES (3, 25, 399);
    

    INSERT INTO public.grado_tema_vocablo(grado_id, tema_id, vocablo_id)
      VALUES (3, 25, 400);
    

    INSERT INTO public.grado_tema_vocablo(grado_id, tema_id, vocablo_id)
      VALUES (3, 25, 401);
    

    INSERT INTO public.grado_tema_vocablo(grado_id, tema_id, vocablo_id)
      VALUES (3, 25, 402);
    

    INSERT INTO public.grado_tema_vocablo(grado_id, tema_id, vocablo_id)
      VALUES (3, 25, 403);
    

    INSERT INTO public.grado_tema_vocablo(grado_id, tema_id, vocablo_id)
      VALUES (3, 25, 404);
    

    INSERT INTO public.grado_tema_vocablo(grado_id, tema_id, vocablo_id)
      VALUES (3, 25, 405);
    

    INSERT INTO public.grado_tema_vocablo(grado_id, tema_id, vocablo_id)
      VALUES (3, 25, 406);
    

    INSERT INTO public.grado_tema_vocablo(grado_id, tema_id, vocablo_id)
      VALUES (3, 25, 407);
    

    INSERT INTO public.grado_tema(grado_id, tema_id)
      VALUES (3, 22);
    

    INSERT INTO public.grado_tema_vocablo(grado_id, tema_id, vocablo_id)
      VALUES (3, 22, 196);
    

    INSERT INTO public.grado_tema_vocablo(grado_id, tema_id, vocablo_id)
      VALUES (3, 22, 21);
    

    INSERT INTO public.grado_tema_vocablo(grado_id, tema_id, vocablo_id)
      VALUES (3, 22, 408);
    

    INSERT INTO public.grado_tema_vocablo(grado_id, tema_id, vocablo_id)
      VALUES (3, 22, 277);
    

    INSERT INTO public.grado_tema_vocablo(grado_id, tema_id, vocablo_id)
      VALUES (3, 22, 409);
    

    INSERT INTO public.grado_tema_vocablo(grado_id, tema_id, vocablo_id)
      VALUES (3, 22, 122);
    

    INSERT INTO public.grado_tema_vocablo(grado_id, tema_id, vocablo_id)
      VALUES (3, 22, 278);
    

    INSERT INTO public.grado_tema_vocablo(grado_id, tema_id, vocablo_id)
      VALUES (3, 22, 22);
    

    INSERT INTO public.grado_tema_vocablo(grado_id, tema_id, vocablo_id)
      VALUES (3, 22, 195);
    

    INSERT INTO public.grado_tema_vocablo(grado_id, tema_id, vocablo_id)
      VALUES (3, 22, 279);
    

    INSERT INTO public.grado_tema_vocablo(grado_id, tema_id, vocablo_id)
      VALUES (3, 22, 410);
    

    INSERT INTO public.grado_tema_vocablo(grado_id, tema_id, vocablo_id)
      VALUES (3, 22, 411);
    

    INSERT INTO public.grado_tema_vocablo(grado_id, tema_id, vocablo_id)
      VALUES (3, 22, 412);
    

    INSERT INTO public.grado_tema_vocablo(grado_id, tema_id, vocablo_id)
      VALUES (3, 22, 413);
    

    INSERT INTO public.grado_tema(grado_id, tema_id)
      VALUES (3, 26);
    

    INSERT INTO public.grado_tema_vocablo(grado_id, tema_id, vocablo_id)
      VALUES (3, 26, 414);
    

    INSERT INTO public.grado_tema_vocablo(grado_id, tema_id, vocablo_id)
      VALUES (3, 26, 415);
    

    INSERT INTO public.grado_tema_vocablo(grado_id, tema_id, vocablo_id)
      VALUES (3, 26, 416);
    

    INSERT INTO public.grado_tema_vocablo(grado_id, tema_id, vocablo_id)
      VALUES (3, 26, 417);
    

    INSERT INTO public.grado_tema_vocablo(grado_id, tema_id, vocablo_id)
      VALUES (3, 26, 418);
    

    INSERT INTO public.grado_tema_vocablo(grado_id, tema_id, vocablo_id)
      VALUES (3, 26, 419);
    

    INSERT INTO public.grado_tema(grado_id, tema_id)
      VALUES (3, 27);
    

    INSERT INTO public.grado_tema_vocablo(grado_id, tema_id, vocablo_id)
      VALUES (3, 27, 420);
    

    INSERT INTO public.grado_tema_vocablo(grado_id, tema_id, vocablo_id)
      VALUES (3, 27, 139);
    

    INSERT INTO public.grado_tema_vocablo(grado_id, tema_id, vocablo_id)
      VALUES (3, 27, 421);
    

    INSERT INTO public.grado_tema_vocablo(grado_id, tema_id, vocablo_id)
      VALUES (3, 27, 422);
    

    INSERT INTO public.grado_tema(grado_id, tema_id)
      VALUES (3, 28);
    

    INSERT INTO public.grado_tema_vocablo(grado_id, tema_id, vocablo_id)
      VALUES (3, 28, 215);
    

    INSERT INTO public.grado_tema_vocablo(grado_id, tema_id, vocablo_id)
      VALUES (3, 28, 216);
    

    INSERT INTO public.grado_tema_vocablo(grado_id, tema_id, vocablo_id)
      VALUES (3, 28, 298);
    

    INSERT INTO public.grado_tema_vocablo(grado_id, tema_id, vocablo_id)
      VALUES (3, 28, 299);
    

    INSERT INTO public.grado_tema_vocablo(grado_id, tema_id, vocablo_id)
      VALUES (3, 28, 150);
    

    INSERT INTO public.grado_tema_vocablo(grado_id, tema_id, vocablo_id)
      VALUES (3, 28, 300);
    

    INSERT INTO public.grado_tema_vocablo(grado_id, tema_id, vocablo_id)
      VALUES (3, 28, 301);
    

    INSERT INTO public.grado_tema_vocablo(grado_id, tema_id, vocablo_id)
      VALUES (3, 28, 217);
    

    INSERT INTO public.grado_tema_vocablo(grado_id, tema_id, vocablo_id)
      VALUES (3, 28, 218);
    

    INSERT INTO public.grado_tema(grado_id, tema_id)
      VALUES (3, 14);
    

    INSERT INTO public.grado_tema_vocablo(grado_id, tema_id, vocablo_id)
      VALUES (3, 14, 423);
    

    INSERT INTO public.grado_tema_vocablo(grado_id, tema_id, vocablo_id)
      VALUES (3, 14, 424);
    

    INSERT INTO public.grado_tema_vocablo(grado_id, tema_id, vocablo_id)
      VALUES (3, 14, 425);
    

    INSERT INTO public.grado_tema(grado_id, tema_id)
      VALUES (3, 30);
    

    INSERT INTO public.grado_tema_vocablo(grado_id, tema_id, vocablo_id)
      VALUES (3, 30, 426);
    

    INSERT INTO public.grado_tema_vocablo(grado_id, tema_id, vocablo_id)
      VALUES (3, 30, 427);
    

    INSERT INTO public.grado_tema_vocablo(grado_id, tema_id, vocablo_id)
      VALUES (3, 30, 428);
    

    INSERT INTO public.grado_tema_vocablo(grado_id, tema_id, vocablo_id)
      VALUES (3, 30, 429);
    

    INSERT INTO public.grado_tema_vocablo(grado_id, tema_id, vocablo_id)
      VALUES (3, 30, 430);
    

    INSERT INTO public.grado_tema_vocablo(grado_id, tema_id, vocablo_id)
      VALUES (3, 30, 431);
    

    INSERT INTO public.grado_tema_vocablo(grado_id, tema_id, vocablo_id)
      VALUES (3, 30, 432);
    

    INSERT INTO public.grado_tema_vocablo(grado_id, tema_id, vocablo_id)
      VALUES (3, 30, 433);
    

    INSERT INTO public.grado_tema(grado_id, tema_id)
      VALUES (3, 31);
    

    INSERT INTO public.grado_tema_vocablo(grado_id, tema_id, vocablo_id)
      VALUES (3, 31, 434);
    

    INSERT INTO public.grado_tema_vocablo(grado_id, tema_id, vocablo_id)
      VALUES (3, 31, 435);
    

    INSERT INTO public.grado_tema_vocablo(grado_id, tema_id, vocablo_id)
      VALUES (3, 31, 436);
    

    INSERT INTO public.grado_tema_vocablo(grado_id, tema_id, vocablo_id)
      VALUES (3, 31, 437);
    

    INSERT INTO public.grado_tema_vocablo(grado_id, tema_id, vocablo_id)
      VALUES (3, 31, 438);
    

    INSERT INTO public.grado_tema_vocablo(grado_id, tema_id, vocablo_id)
      VALUES (3, 31, 439);
    


--
-- Cuarto Grado
--

    INSERT INTO public.grado_tema(grado_id, tema_id)
      VALUES (4, 36);
    

    INSERT INTO public.grado_tema_vocablo(grado_id, tema_id, vocablo_id)
      VALUES (4, 36, 31);
    

    INSERT INTO public.grado_tema_vocablo(grado_id, tema_id, vocablo_id)
      VALUES (4, 36, 32);
    

    INSERT INTO public.grado_tema_vocablo(grado_id, tema_id, vocablo_id)
      VALUES (4, 36, 33);
    

    INSERT INTO public.grado_tema_vocablo(grado_id, tema_id, vocablo_id)
      VALUES (4, 36, 34);
    

    INSERT INTO public.grado_tema_vocablo(grado_id, tema_id, vocablo_id)
      VALUES (4, 36, 35);
    

    INSERT INTO public.grado_tema_vocablo(grado_id, tema_id, vocablo_id)
      VALUES (4, 36, 36);
    

    INSERT INTO public.grado_tema_vocablo(grado_id, tema_id, vocablo_id)
      VALUES (4, 36, 37);
    

    INSERT INTO public.grado_tema_vocablo(grado_id, tema_id, vocablo_id)
      VALUES (4, 36, 38);
    

    INSERT INTO public.grado_tema_vocablo(grado_id, tema_id, vocablo_id)
      VALUES (4, 36, 39);
    

    INSERT INTO public.grado_tema_vocablo(grado_id, tema_id, vocablo_id)
      VALUES (4, 36, 40);
    

    INSERT INTO public.grado_tema_vocablo(grado_id, tema_id, vocablo_id)
      VALUES (4, 36, 41);
    

    INSERT INTO public.grado_tema_vocablo(grado_id, tema_id, vocablo_id)
      VALUES (4, 36, 42);
    

    INSERT INTO public.grado_tema_vocablo(grado_id, tema_id, vocablo_id)
      VALUES (4, 36, 43);
    

    INSERT INTO public.grado_tema(grado_id, tema_id)
      VALUES (4, 2);
    

    INSERT INTO public.grado_tema_vocablo(grado_id, tema_id, vocablo_id)
      VALUES (4, 2, 440);
    

    INSERT INTO public.grado_tema_vocablo(grado_id, tema_id, vocablo_id)
      VALUES (4, 2, 441);
    

    INSERT INTO public.grado_tema(grado_id, tema_id)
      VALUES (4, 0);
    

    INSERT INTO public.grado_tema_vocablo(grado_id, tema_id, vocablo_id)
      VALUES (4, 0, 442);
    

    INSERT INTO public.grado_tema_vocablo(grado_id, tema_id, vocablo_id)
      VALUES (4, 0, 443);
    

    INSERT INTO public.grado_tema_vocablo(grado_id, tema_id, vocablo_id)
      VALUES (4, 0, 444);
    

    INSERT INTO public.grado_tema_vocablo(grado_id, tema_id, vocablo_id)
      VALUES (4, 0, 31);
    

    INSERT INTO public.grado_tema_vocablo(grado_id, tema_id, vocablo_id)
      VALUES (4, 0, 32);
    

    INSERT INTO public.grado_tema_vocablo(grado_id, tema_id, vocablo_id)
      VALUES (4, 0, 445);
    

    INSERT INTO public.grado_tema_vocablo(grado_id, tema_id, vocablo_id)
      VALUES (4, 0, 446);
    

    INSERT INTO public.grado_tema_vocablo(grado_id, tema_id, vocablo_id)
      VALUES (4, 0, 447);
    

    INSERT INTO public.grado_tema(grado_id, tema_id)
      VALUES (4, 1);
    

    INSERT INTO public.grado_tema_vocablo(grado_id, tema_id, vocablo_id)
      VALUES (4, 1, 448);
    

    INSERT INTO public.grado_tema_vocablo(grado_id, tema_id, vocablo_id)
      VALUES (4, 1, 59);
    

    INSERT INTO public.grado_tema_vocablo(grado_id, tema_id, vocablo_id)
      VALUES (4, 1, 449);
    

    INSERT INTO public.grado_tema_vocablo(grado_id, tema_id, vocablo_id)
      VALUES (4, 1, 450);
    

    INSERT INTO public.grado_tema_vocablo(grado_id, tema_id, vocablo_id)
      VALUES (4, 1, 451);
    

    INSERT INTO public.grado_tema_vocablo(grado_id, tema_id, vocablo_id)
      VALUES (4, 1, 452);
    

    INSERT INTO public.grado_tema_vocablo(grado_id, tema_id, vocablo_id)
      VALUES (4, 1, 36);
    

    INSERT INTO public.grado_tema_vocablo(grado_id, tema_id, vocablo_id)
      VALUES (4, 1, 453);
    

    INSERT INTO public.grado_tema_vocablo(grado_id, tema_id, vocablo_id)
      VALUES (4, 1, 454);
    

    INSERT INTO public.grado_tema_vocablo(grado_id, tema_id, vocablo_id)
      VALUES (4, 1, 455);
    

    INSERT INTO public.grado_tema_vocablo(grado_id, tema_id, vocablo_id)
      VALUES (4, 1, 456);
    

    INSERT INTO public.grado_tema_vocablo(grado_id, tema_id, vocablo_id)
      VALUES (4, 1, 457);
    

    INSERT INTO public.grado_tema(grado_id, tema_id)
      VALUES (4, 4);
    

    INSERT INTO public.grado_tema_vocablo(grado_id, tema_id, vocablo_id)
      VALUES (4, 4, 458);
    

    INSERT INTO public.grado_tema_vocablo(grado_id, tema_id, vocablo_id)
      VALUES (4, 4, 459);
    

    INSERT INTO public.grado_tema_vocablo(grado_id, tema_id, vocablo_id)
      VALUES (4, 4, 460);
    

    INSERT INTO public.grado_tema_vocablo(grado_id, tema_id, vocablo_id)
      VALUES (4, 4, 461);
    

    INSERT INTO public.grado_tema_vocablo(grado_id, tema_id, vocablo_id)
      VALUES (4, 4, 462);
    

    INSERT INTO public.grado_tema_vocablo(grado_id, tema_id, vocablo_id)
      VALUES (4, 4, 463);
    

    INSERT INTO public.grado_tema_vocablo(grado_id, tema_id, vocablo_id)
      VALUES (4, 4, 464);
    

    INSERT INTO public.grado_tema_vocablo(grado_id, tema_id, vocablo_id)
      VALUES (4, 4, 33);
    

    INSERT INTO public.grado_tema_vocablo(grado_id, tema_id, vocablo_id)
      VALUES (4, 4, 34);
    

    INSERT INTO public.grado_tema(grado_id, tema_id)
      VALUES (4, 6);
    

    INSERT INTO public.grado_tema_vocablo(grado_id, tema_id, vocablo_id)
      VALUES (4, 6, 465);
    

    INSERT INTO public.grado_tema_vocablo(grado_id, tema_id, vocablo_id)
      VALUES (4, 6, 466);
    

    INSERT INTO public.grado_tema_vocablo(grado_id, tema_id, vocablo_id)
      VALUES (4, 6, 467);
    

    INSERT INTO public.grado_tema_vocablo(grado_id, tema_id, vocablo_id)
      VALUES (4, 6, 468);
    

    INSERT INTO public.grado_tema_vocablo(grado_id, tema_id, vocablo_id)
      VALUES (4, 6, 469);
    

    INSERT INTO public.grado_tema_vocablo(grado_id, tema_id, vocablo_id)
      VALUES (4, 6, 470);
    

    INSERT INTO public.grado_tema_vocablo(grado_id, tema_id, vocablo_id)
      VALUES (4, 6, 471);
    

    INSERT INTO public.grado_tema(grado_id, tema_id)
      VALUES (4, 7);
    

    INSERT INTO public.grado_tema_vocablo(grado_id, tema_id, vocablo_id)
      VALUES (4, 7, 472);
    

    INSERT INTO public.grado_tema_vocablo(grado_id, tema_id, vocablo_id)
      VALUES (4, 7, 473);
    

    INSERT INTO public.grado_tema_vocablo(grado_id, tema_id, vocablo_id)
      VALUES (4, 7, 474);
    

    INSERT INTO public.grado_tema_vocablo(grado_id, tema_id, vocablo_id)
      VALUES (4, 7, 475);
    

    INSERT INTO public.grado_tema(grado_id, tema_id)
      VALUES (4, 9);
    

    INSERT INTO public.grado_tema_vocablo(grado_id, tema_id, vocablo_id)
      VALUES (4, 9, 476);
    

    INSERT INTO public.grado_tema_vocablo(grado_id, tema_id, vocablo_id)
      VALUES (4, 9, 477);
    

    INSERT INTO public.grado_tema_vocablo(grado_id, tema_id, vocablo_id)
      VALUES (4, 9, 37);
    

    INSERT INTO public.grado_tema_vocablo(grado_id, tema_id, vocablo_id)
      VALUES (4, 9, 38);
    

    INSERT INTO public.grado_tema_vocablo(grado_id, tema_id, vocablo_id)
      VALUES (4, 9, 61);
    

    INSERT INTO public.grado_tema_vocablo(grado_id, tema_id, vocablo_id)
      VALUES (4, 9, 478);
    

    INSERT INTO public.grado_tema(grado_id, tema_id)
      VALUES (4, 11);
    

    INSERT INTO public.grado_tema_vocablo(grado_id, tema_id, vocablo_id)
      VALUES (4, 11, 245);
    

    INSERT INTO public.grado_tema_vocablo(grado_id, tema_id, vocablo_id)
      VALUES (4, 11, 246);
    

    INSERT INTO public.grado_tema_vocablo(grado_id, tema_id, vocablo_id)
      VALUES (4, 11, 479);
    

    INSERT INTO public.grado_tema_vocablo(grado_id, tema_id, vocablo_id)
      VALUES (4, 11, 480);
    

    INSERT INTO public.grado_tema_vocablo(grado_id, tema_id, vocablo_id)
      VALUES (4, 11, 481);
    

    INSERT INTO public.grado_tema_vocablo(grado_id, tema_id, vocablo_id)
      VALUES (4, 11, 482);
    

    INSERT INTO public.grado_tema(grado_id, tema_id)
      VALUES (4, 12);
    

    INSERT INTO public.grado_tema_vocablo(grado_id, tema_id, vocablo_id)
      VALUES (4, 12, 483);
    

    INSERT INTO public.grado_tema_vocablo(grado_id, tema_id, vocablo_id)
      VALUES (4, 12, 484);
    

    INSERT INTO public.grado_tema_vocablo(grado_id, tema_id, vocablo_id)
      VALUES (4, 12, 485);
    

    INSERT INTO public.grado_tema_vocablo(grado_id, tema_id, vocablo_id)
      VALUES (4, 12, 486);
    

    INSERT INTO public.grado_tema_vocablo(grado_id, tema_id, vocablo_id)
      VALUES (4, 12, 487);
    

    INSERT INTO public.grado_tema_vocablo(grado_id, tema_id, vocablo_id)
      VALUES (4, 12, 488);
    

    INSERT INTO public.grado_tema_vocablo(grado_id, tema_id, vocablo_id)
      VALUES (4, 12, 489);
    

    INSERT INTO public.grado_tema_vocablo(grado_id, tema_id, vocablo_id)
      VALUES (4, 12, 490);
    

    INSERT INTO public.grado_tema(grado_id, tema_id)
      VALUES (4, 13);
    

    INSERT INTO public.grado_tema_vocablo(grado_id, tema_id, vocablo_id)
      VALUES (4, 13, 491);
    

    INSERT INTO public.grado_tema_vocablo(grado_id, tema_id, vocablo_id)
      VALUES (4, 13, 39);
    

    INSERT INTO public.grado_tema_vocablo(grado_id, tema_id, vocablo_id)
      VALUES (4, 13, 492);
    

    INSERT INTO public.grado_tema_vocablo(grado_id, tema_id, vocablo_id)
      VALUES (4, 13, 493);
    

    INSERT INTO public.grado_tema_vocablo(grado_id, tema_id, vocablo_id)
      VALUES (4, 13, 494);
    

    INSERT INTO public.grado_tema(grado_id, tema_id)
      VALUES (4, 14);
    

    INSERT INTO public.grado_tema_vocablo(grado_id, tema_id, vocablo_id)
      VALUES (4, 14, 495);
    

    INSERT INTO public.grado_tema_vocablo(grado_id, tema_id, vocablo_id)
      VALUES (4, 14, 496);
    

    INSERT INTO public.grado_tema_vocablo(grado_id, tema_id, vocablo_id)
      VALUES (4, 14, 497);
    

    INSERT INTO public.grado_tema_vocablo(grado_id, tema_id, vocablo_id)
      VALUES (4, 14, 498);
    

    INSERT INTO public.grado_tema_vocablo(grado_id, tema_id, vocablo_id)
      VALUES (4, 14, 499);
    

    INSERT INTO public.grado_tema(grado_id, tema_id)
      VALUES (4, 21);
    

    INSERT INTO public.grado_tema_vocablo(grado_id, tema_id, vocablo_id)
      VALUES (4, 21, 40);
    

    INSERT INTO public.grado_tema_vocablo(grado_id, tema_id, vocablo_id)
      VALUES (4, 21, 500);
    

    INSERT INTO public.grado_tema_vocablo(grado_id, tema_id, vocablo_id)
      VALUES (4, 21, 501);
    

    INSERT INTO public.grado_tema_vocablo(grado_id, tema_id, vocablo_id)
      VALUES (4, 21, 41);
    

    INSERT INTO public.grado_tema_vocablo(grado_id, tema_id, vocablo_id)
      VALUES (4, 21, 502);
    

    INSERT INTO public.grado_tema_vocablo(grado_id, tema_id, vocablo_id)
      VALUES (4, 21, 503);
    

    INSERT INTO public.grado_tema(grado_id, tema_id)
      VALUES (4, 22);
    

    INSERT INTO public.grado_tema_vocablo(grado_id, tema_id, vocablo_id)
      VALUES (4, 22, 504);
    

    INSERT INTO public.grado_tema_vocablo(grado_id, tema_id, vocablo_id)
      VALUES (4, 22, 505);
    

    INSERT INTO public.grado_tema_vocablo(grado_id, tema_id, vocablo_id)
      VALUES (4, 22, 506);
    

    INSERT INTO public.grado_tema_vocablo(grado_id, tema_id, vocablo_id)
      VALUES (4, 22, 42);
    

    INSERT INTO public.grado_tema_vocablo(grado_id, tema_id, vocablo_id)
      VALUES (4, 22, 43);
    

    INSERT INTO public.grado_tema(grado_id, tema_id)
      VALUES (4, 23);
    

    INSERT INTO public.grado_tema_vocablo(grado_id, tema_id, vocablo_id)
      VALUES (4, 23, 507);
    

    INSERT INTO public.grado_tema_vocablo(grado_id, tema_id, vocablo_id)
      VALUES (4, 23, 508);
    

    INSERT INTO public.grado_tema_vocablo(grado_id, tema_id, vocablo_id)
      VALUES (4, 23, 509);
    

    INSERT INTO public.grado_tema_vocablo(grado_id, tema_id, vocablo_id)
      VALUES (4, 23, 510);
    

    INSERT INTO public.grado_tema_vocablo(grado_id, tema_id, vocablo_id)
      VALUES (4, 23, 511);
    

    INSERT INTO public.grado_tema_vocablo(grado_id, tema_id, vocablo_id)
      VALUES (4, 23, 512);
    

    INSERT INTO public.grado_tema_vocablo(grado_id, tema_id, vocablo_id)
      VALUES (4, 23, 513);
    

    INSERT INTO public.grado_tema_vocablo(grado_id, tema_id, vocablo_id)
      VALUES (4, 23, 514);
    

    INSERT INTO public.grado_tema_vocablo(grado_id, tema_id, vocablo_id)
      VALUES (4, 23, 515);
    

    INSERT INTO public.grado_tema_vocablo(grado_id, tema_id, vocablo_id)
      VALUES (4, 23, 516);
    

    INSERT INTO public.grado_tema_vocablo(grado_id, tema_id, vocablo_id)
      VALUES (4, 23, 517);
    

    INSERT INTO public.grado_tema_vocablo(grado_id, tema_id, vocablo_id)
      VALUES (4, 23, 518);
    

    INSERT INTO public.grado_tema_vocablo(grado_id, tema_id, vocablo_id)
      VALUES (4, 23, 519);
    

    INSERT INTO public.grado_tema(grado_id, tema_id)
      VALUES (4, 24);
    

    INSERT INTO public.grado_tema_vocablo(grado_id, tema_id, vocablo_id)
      VALUES (4, 24, 284);
    

    INSERT INTO public.grado_tema_vocablo(grado_id, tema_id, vocablo_id)
      VALUES (4, 24, 520);
    

    INSERT INTO public.grado_tema_vocablo(grado_id, tema_id, vocablo_id)
      VALUES (4, 24, 521);
    

    INSERT INTO public.grado_tema_vocablo(grado_id, tema_id, vocablo_id)
      VALUES (4, 24, 522);
    

    INSERT INTO public.grado_tema_vocablo(grado_id, tema_id, vocablo_id)
      VALUES (4, 24, 523);
    

    INSERT INTO public.grado_tema_vocablo(grado_id, tema_id, vocablo_id)
      VALUES (4, 24, 524);
    

    INSERT INTO public.grado_tema(grado_id, tema_id)
      VALUES (4, 26);
    

    INSERT INTO public.grado_tema_vocablo(grado_id, tema_id, vocablo_id)
      VALUES (4, 26, 525);
    

    INSERT INTO public.grado_tema_vocablo(grado_id, tema_id, vocablo_id)
      VALUES (4, 26, 526);
    

    INSERT INTO public.grado_tema_vocablo(grado_id, tema_id, vocablo_id)
      VALUES (4, 26, 527);
    

    INSERT INTO public.grado_tema_vocablo(grado_id, tema_id, vocablo_id)
      VALUES (4, 26, 528);
    

    INSERT INTO public.grado_tema_vocablo(grado_id, tema_id, vocablo_id)
      VALUES (4, 26, 529);
    

    INSERT INTO public.grado_tema(grado_id, tema_id)
      VALUES (4, 28);
    

    INSERT INTO public.grado_tema_vocablo(grado_id, tema_id, vocablo_id)
      VALUES (4, 28, 530);
    

    INSERT INTO public.grado_tema_vocablo(grado_id, tema_id, vocablo_id)
      VALUES (4, 28, 531);
    

    INSERT INTO public.grado_tema_vocablo(grado_id, tema_id, vocablo_id)
      VALUES (4, 28, 532);
    

    INSERT INTO public.grado_tema_vocablo(grado_id, tema_id, vocablo_id)
      VALUES (4, 28, 533);
    

    INSERT INTO public.grado_tema(grado_id, tema_id)
      VALUES (4, 30);
    

    INSERT INTO public.grado_tema_vocablo(grado_id, tema_id, vocablo_id)
      VALUES (4, 30, 35);
    

    INSERT INTO public.grado_tema_vocablo(grado_id, tema_id, vocablo_id)
      VALUES (4, 30, 534);
    

    INSERT INTO public.grado_tema_vocablo(grado_id, tema_id, vocablo_id)
      VALUES (4, 30, 535);
    

    INSERT INTO public.grado_tema_vocablo(grado_id, tema_id, vocablo_id)
      VALUES (4, 30, 536);
    

    INSERT INTO public.grado_tema_vocablo(grado_id, tema_id, vocablo_id)
      VALUES (4, 30, 537);
    

    INSERT INTO public.grado_tema_vocablo(grado_id, tema_id, vocablo_id)
      VALUES (4, 30, 538);
    

    INSERT INTO public.grado_tema_vocablo(grado_id, tema_id, vocablo_id)
      VALUES (4, 30, 539);
    

    INSERT INTO public.grado_tema_vocablo(grado_id, tema_id, vocablo_id)
      VALUES (4, 30, 540);
    

    INSERT INTO public.grado_tema_vocablo(grado_id, tema_id, vocablo_id)
      VALUES (4, 30, 541);
    

    INSERT INTO public.grado_tema(grado_id, tema_id)
      VALUES (4, 31);
    

    INSERT INTO public.grado_tema_vocablo(grado_id, tema_id, vocablo_id)
      VALUES (4, 31, 542);
    

    INSERT INTO public.grado_tema_vocablo(grado_id, tema_id, vocablo_id)
      VALUES (4, 31, 543);
    

    INSERT INTO public.grado_tema_vocablo(grado_id, tema_id, vocablo_id)
      VALUES (4, 31, 544);
    

    INSERT INTO public.grado_tema_vocablo(grado_id, tema_id, vocablo_id)
      VALUES (4, 31, 545);
    

    INSERT INTO public.grado_tema_vocablo(grado_id, tema_id, vocablo_id)
      VALUES (4, 31, 546);
    

    INSERT INTO public.grado_tema_vocablo(grado_id, tema_id, vocablo_id)
      VALUES (4, 31, 547);
    

    INSERT INTO public.grado_tema_vocablo(grado_id, tema_id, vocablo_id)
      VALUES (4, 31, 548);
    

    INSERT INTO public.grado_tema_vocablo(grado_id, tema_id, vocablo_id)
      VALUES (4, 31, 549);
    

    INSERT INTO public.grado_tema_vocablo(grado_id, tema_id, vocablo_id)
      VALUES (4, 31, 550);
    

    INSERT INTO public.grado_tema_vocablo(grado_id, tema_id, vocablo_id)
      VALUES (4, 31, 551);
    

    INSERT INTO public.grado_tema_vocablo(grado_id, tema_id, vocablo_id)
      VALUES (4, 31, 552);
    

    INSERT INTO public.grado_tema(grado_id, tema_id)
      VALUES (4, 8);
    

    INSERT INTO public.grado_tema_vocablo(grado_id, tema_id, vocablo_id)
      VALUES (4, 8, 152);
    

    INSERT INTO public.grado_tema_vocablo(grado_id, tema_id, vocablo_id)
      VALUES (4, 8, 88);
    

    INSERT INTO public.grado_tema_vocablo(grado_id, tema_id, vocablo_id)
      VALUES (4, 8, 151);
    

    INSERT INTO public.grado_tema_vocablo(grado_id, tema_id, vocablo_id)
      VALUES (4, 8, 242);
    


--
-- Quinto Grado
--

    INSERT INTO public.grado_tema(grado_id, tema_id)
      VALUES (5, 37);
    

    INSERT INTO public.grado_tema_vocablo(grado_id, tema_id, vocablo_id)
      VALUES (5, 37, 44);
    

    INSERT INTO public.grado_tema_vocablo(grado_id, tema_id, vocablo_id)
      VALUES (5, 37, 45);
    

    INSERT INTO public.grado_tema_vocablo(grado_id, tema_id, vocablo_id)
      VALUES (5, 37, 46);
    

    INSERT INTO public.grado_tema_vocablo(grado_id, tema_id, vocablo_id)
      VALUES (5, 37, 47);
    

    INSERT INTO public.grado_tema_vocablo(grado_id, tema_id, vocablo_id)
      VALUES (5, 37, 48);
    

    INSERT INTO public.grado_tema_vocablo(grado_id, tema_id, vocablo_id)
      VALUES (5, 37, 49);
    

    INSERT INTO public.grado_tema_vocablo(grado_id, tema_id, vocablo_id)
      VALUES (5, 37, 50);
    

    INSERT INTO public.grado_tema_vocablo(grado_id, tema_id, vocablo_id)
      VALUES (5, 37, 51);
    

    INSERT INTO public.grado_tema_vocablo(grado_id, tema_id, vocablo_id)
      VALUES (5, 37, 52);
    

    INSERT INTO public.grado_tema_vocablo(grado_id, tema_id, vocablo_id)
      VALUES (5, 37, 53);
    

    INSERT INTO public.grado_tema_vocablo(grado_id, tema_id, vocablo_id)
      VALUES (5, 37, 54);
    

    INSERT INTO public.grado_tema_vocablo(grado_id, tema_id, vocablo_id)
      VALUES (5, 37, 55);
    

    INSERT INTO public.grado_tema_vocablo(grado_id, tema_id, vocablo_id)
      VALUES (5, 37, 56);
    

    INSERT INTO public.grado_tema_vocablo(grado_id, tema_id, vocablo_id)
      VALUES (5, 37, 57);
    

    INSERT INTO public.grado_tema_vocablo(grado_id, tema_id, vocablo_id)
      VALUES (5, 37, 58);
    

    INSERT INTO public.grado_tema_vocablo(grado_id, tema_id, vocablo_id)
      VALUES (5, 37, 59);
    

    INSERT INTO public.grado_tema_vocablo(grado_id, tema_id, vocablo_id)
      VALUES (5, 37, 60);
    

    INSERT INTO public.grado_tema_vocablo(grado_id, tema_id, vocablo_id)
      VALUES (5, 37, 37);
    

    INSERT INTO public.grado_tema_vocablo(grado_id, tema_id, vocablo_id)
      VALUES (5, 37, 61);
    

    INSERT INTO public.grado_tema_vocablo(grado_id, tema_id, vocablo_id)
      VALUES (5, 37, 40);
    

    INSERT INTO public.grado_tema(grado_id, tema_id)
      VALUES (5, 2);
    

    INSERT INTO public.grado_tema_vocablo(grado_id, tema_id, vocablo_id)
      VALUES (5, 2, 441);
    

    INSERT INTO public.grado_tema_vocablo(grado_id, tema_id, vocablo_id)
      VALUES (5, 2, 553);
    

    INSERT INTO public.grado_tema_vocablo(grado_id, tema_id, vocablo_id)
      VALUES (5, 2, 554);
    

    INSERT INTO public.grado_tema_vocablo(grado_id, tema_id, vocablo_id)
      VALUES (5, 2, 440);
    

    INSERT INTO public.grado_tema_vocablo(grado_id, tema_id, vocablo_id)
      VALUES (5, 2, 555);
    

    INSERT INTO public.grado_tema(grado_id, tema_id)
      VALUES (5, 0);
    

    INSERT INTO public.grado_tema_vocablo(grado_id, tema_id, vocablo_id)
      VALUES (5, 0, 77);
    

    INSERT INTO public.grado_tema_vocablo(grado_id, tema_id, vocablo_id)
      VALUES (5, 0, 446);
    

    INSERT INTO public.grado_tema_vocablo(grado_id, tema_id, vocablo_id)
      VALUES (5, 0, 556);
    

    INSERT INTO public.grado_tema_vocablo(grado_id, tema_id, vocablo_id)
      VALUES (5, 0, 447);
    

    INSERT INTO public.grado_tema_vocablo(grado_id, tema_id, vocablo_id)
      VALUES (5, 0, 557);
    

    INSERT INTO public.grado_tema_vocablo(grado_id, tema_id, vocablo_id)
      VALUES (5, 0, 44);
    

    INSERT INTO public.grado_tema_vocablo(grado_id, tema_id, vocablo_id)
      VALUES (5, 0, 443);
    

    INSERT INTO public.grado_tema_vocablo(grado_id, tema_id, vocablo_id)
      VALUES (5, 0, 31);
    

    INSERT INTO public.grado_tema_vocablo(grado_id, tema_id, vocablo_id)
      VALUES (5, 0, 442);
    

    INSERT INTO public.grado_tema_vocablo(grado_id, tema_id, vocablo_id)
      VALUES (5, 0, 45);
    

    INSERT INTO public.grado_tema_vocablo(grado_id, tema_id, vocablo_id)
      VALUES (5, 0, 32);
    

    INSERT INTO public.grado_tema_vocablo(grado_id, tema_id, vocablo_id)
      VALUES (5, 0, 46);
    

    INSERT INTO public.grado_tema(grado_id, tema_id)
      VALUES (5, 1);
    

    INSERT INTO public.grado_tema_vocablo(grado_id, tema_id, vocablo_id)
      VALUES (5, 1, 454);
    

    INSERT INTO public.grado_tema_vocablo(grado_id, tema_id, vocablo_id)
      VALUES (5, 1, 558);
    

    INSERT INTO public.grado_tema_vocablo(grado_id, tema_id, vocablo_id)
      VALUES (5, 1, 559);
    

    INSERT INTO public.grado_tema_vocablo(grado_id, tema_id, vocablo_id)
      VALUES (5, 1, 452);
    

    INSERT INTO public.grado_tema_vocablo(grado_id, tema_id, vocablo_id)
      VALUES (5, 1, 449);
    

    INSERT INTO public.grado_tema_vocablo(grado_id, tema_id, vocablo_id)
      VALUES (5, 1, 560);
    

    INSERT INTO public.grado_tema_vocablo(grado_id, tema_id, vocablo_id)
      VALUES (5, 1, 60);
    

    INSERT INTO public.grado_tema_vocablo(grado_id, tema_id, vocablo_id)
      VALUES (5, 1, 59);
    

    INSERT INTO public.grado_tema_vocablo(grado_id, tema_id, vocablo_id)
      VALUES (5, 1, 561);
    

    INSERT INTO public.grado_tema_vocablo(grado_id, tema_id, vocablo_id)
      VALUES (5, 1, 562);
    

    INSERT INTO public.grado_tema_vocablo(grado_id, tema_id, vocablo_id)
      VALUES (5, 1, 563);
    

    INSERT INTO public.grado_tema_vocablo(grado_id, tema_id, vocablo_id)
      VALUES (5, 1, 451);
    

    INSERT INTO public.grado_tema_vocablo(grado_id, tema_id, vocablo_id)
      VALUES (5, 1, 456);
    

    INSERT INTO public.grado_tema_vocablo(grado_id, tema_id, vocablo_id)
      VALUES (5, 1, 564);
    

    INSERT INTO public.grado_tema_vocablo(grado_id, tema_id, vocablo_id)
      VALUES (5, 1, 36);
    

    INSERT INTO public.grado_tema_vocablo(grado_id, tema_id, vocablo_id)
      VALUES (5, 1, 565);
    

    INSERT INTO public.grado_tema_vocablo(grado_id, tema_id, vocablo_id)
      VALUES (5, 1, 566);
    

    INSERT INTO public.grado_tema_vocablo(grado_id, tema_id, vocablo_id)
      VALUES (5, 1, 567);
    

    INSERT INTO public.grado_tema_vocablo(grado_id, tema_id, vocablo_id)
      VALUES (5, 1, 448);
    

    INSERT INTO public.grado_tema_vocablo(grado_id, tema_id, vocablo_id)
      VALUES (5, 1, 457);
    

    INSERT INTO public.grado_tema_vocablo(grado_id, tema_id, vocablo_id)
      VALUES (5, 1, 455);
    

    INSERT INTO public.grado_tema_vocablo(grado_id, tema_id, vocablo_id)
      VALUES (5, 1, 453);
    

    INSERT INTO public.grado_tema_vocablo(grado_id, tema_id, vocablo_id)
      VALUES (5, 1, 568);
    

    INSERT INTO public.grado_tema(grado_id, tema_id)
      VALUES (5, 3);
    

    INSERT INTO public.grado_tema_vocablo(grado_id, tema_id, vocablo_id)
      VALUES (5, 3, 47);
    

    INSERT INTO public.grado_tema_vocablo(grado_id, tema_id, vocablo_id)
      VALUES (5, 3, 569);
    

    INSERT INTO public.grado_tema_vocablo(grado_id, tema_id, vocablo_id)
      VALUES (5, 3, 570);
    

    INSERT INTO public.grado_tema_vocablo(grado_id, tema_id, vocablo_id)
      VALUES (5, 3, 571);
    

    INSERT INTO public.grado_tema_vocablo(grado_id, tema_id, vocablo_id)
      VALUES (5, 3, 49);
    

    INSERT INTO public.grado_tema_vocablo(grado_id, tema_id, vocablo_id)
      VALUES (5, 3, 572);
    

    INSERT INTO public.grado_tema_vocablo(grado_id, tema_id, vocablo_id)
      VALUES (5, 3, 573);
    

    INSERT INTO public.grado_tema(grado_id, tema_id)
      VALUES (5, 4);
    

    INSERT INTO public.grado_tema_vocablo(grado_id, tema_id, vocablo_id)
      VALUES (5, 4, 34);
    

    INSERT INTO public.grado_tema_vocablo(grado_id, tema_id, vocablo_id)
      VALUES (5, 4, 462);
    

    INSERT INTO public.grado_tema_vocablo(grado_id, tema_id, vocablo_id)
      VALUES (5, 4, 461);
    

    INSERT INTO public.grado_tema_vocablo(grado_id, tema_id, vocablo_id)
      VALUES (5, 4, 464);
    

    INSERT INTO public.grado_tema_vocablo(grado_id, tema_id, vocablo_id)
      VALUES (5, 4, 460);
    

    INSERT INTO public.grado_tema_vocablo(grado_id, tema_id, vocablo_id)
      VALUES (5, 4, 463);
    

    INSERT INTO public.grado_tema_vocablo(grado_id, tema_id, vocablo_id)
      VALUES (5, 4, 574);
    

    INSERT INTO public.grado_tema_vocablo(grado_id, tema_id, vocablo_id)
      VALUES (5, 4, 33);
    

    INSERT INTO public.grado_tema_vocablo(grado_id, tema_id, vocablo_id)
      VALUES (5, 4, 459);
    

    INSERT INTO public.grado_tema(grado_id, tema_id)
      VALUES (5, 6);
    

    INSERT INTO public.grado_tema_vocablo(grado_id, tema_id, vocablo_id)
      VALUES (5, 6, 465);
    

    INSERT INTO public.grado_tema_vocablo(grado_id, tema_id, vocablo_id)
      VALUES (5, 6, 469);
    

    INSERT INTO public.grado_tema_vocablo(grado_id, tema_id, vocablo_id)
      VALUES (5, 6, 471);
    

    INSERT INTO public.grado_tema_vocablo(grado_id, tema_id, vocablo_id)
      VALUES (5, 6, 575);
    

    INSERT INTO public.grado_tema_vocablo(grado_id, tema_id, vocablo_id)
      VALUES (5, 6, 470);
    

    INSERT INTO public.grado_tema_vocablo(grado_id, tema_id, vocablo_id)
      VALUES (5, 6, 576);
    

    INSERT INTO public.grado_tema_vocablo(grado_id, tema_id, vocablo_id)
      VALUES (5, 6, 577);
    

    INSERT INTO public.grado_tema_vocablo(grado_id, tema_id, vocablo_id)
      VALUES (5, 6, 578);
    

    INSERT INTO public.grado_tema_vocablo(grado_id, tema_id, vocablo_id)
      VALUES (5, 6, 466);
    

    INSERT INTO public.grado_tema_vocablo(grado_id, tema_id, vocablo_id)
      VALUES (5, 6, 50);
    

    INSERT INTO public.grado_tema_vocablo(grado_id, tema_id, vocablo_id)
      VALUES (5, 6, 468);
    

    INSERT INTO public.grado_tema(grado_id, tema_id)
      VALUES (5, 7);
    

    INSERT INTO public.grado_tema_vocablo(grado_id, tema_id, vocablo_id)
      VALUES (5, 7, 579);
    

    INSERT INTO public.grado_tema_vocablo(grado_id, tema_id, vocablo_id)
      VALUES (5, 7, 580);
    

    INSERT INTO public.grado_tema_vocablo(grado_id, tema_id, vocablo_id)
      VALUES (5, 7, 472);
    

    INSERT INTO public.grado_tema_vocablo(grado_id, tema_id, vocablo_id)
      VALUES (5, 7, 581);
    

    INSERT INTO public.grado_tema_vocablo(grado_id, tema_id, vocablo_id)
      VALUES (5, 7, 582);
    

    INSERT INTO public.grado_tema_vocablo(grado_id, tema_id, vocablo_id)
      VALUES (5, 7, 473);
    

    INSERT INTO public.grado_tema_vocablo(grado_id, tema_id, vocablo_id)
      VALUES (5, 7, 475);
    

    INSERT INTO public.grado_tema_vocablo(grado_id, tema_id, vocablo_id)
      VALUES (5, 7, 583);
    

    INSERT INTO public.grado_tema_vocablo(grado_id, tema_id, vocablo_id)
      VALUES (5, 7, 584);
    

    INSERT INTO public.grado_tema_vocablo(grado_id, tema_id, vocablo_id)
      VALUES (5, 7, 585);
    

    INSERT INTO public.grado_tema(grado_id, tema_id)
      VALUES (5, 9);
    

    INSERT INTO public.grado_tema_vocablo(grado_id, tema_id, vocablo_id)
      VALUES (5, 9, 38);
    

    INSERT INTO public.grado_tema_vocablo(grado_id, tema_id, vocablo_id)
      VALUES (5, 9, 37);
    

    INSERT INTO public.grado_tema_vocablo(grado_id, tema_id, vocablo_id)
      VALUES (5, 9, 51);
    

    INSERT INTO public.grado_tema_vocablo(grado_id, tema_id, vocablo_id)
      VALUES (5, 9, 586);
    

    INSERT INTO public.grado_tema_vocablo(grado_id, tema_id, vocablo_id)
      VALUES (5, 9, 476);
    

    INSERT INTO public.grado_tema_vocablo(grado_id, tema_id, vocablo_id)
      VALUES (5, 9, 587);
    

    INSERT INTO public.grado_tema_vocablo(grado_id, tema_id, vocablo_id)
      VALUES (5, 9, 478);
    

    INSERT INTO public.grado_tema_vocablo(grado_id, tema_id, vocablo_id)
      VALUES (5, 9, 52);
    

    INSERT INTO public.grado_tema_vocablo(grado_id, tema_id, vocablo_id)
      VALUES (5, 9, 477);
    

    INSERT INTO public.grado_tema_vocablo(grado_id, tema_id, vocablo_id)
      VALUES (5, 9, 588);
    

    INSERT INTO public.grado_tema_vocablo(grado_id, tema_id, vocablo_id)
      VALUES (5, 9, 61);
    

    INSERT INTO public.grado_tema(grado_id, tema_id)
      VALUES (5, 11);
    

    INSERT INTO public.grado_tema_vocablo(grado_id, tema_id, vocablo_id)
      VALUES (5, 11, 479);
    

    INSERT INTO public.grado_tema_vocablo(grado_id, tema_id, vocablo_id)
      VALUES (5, 11, 480);
    

    INSERT INTO public.grado_tema_vocablo(grado_id, tema_id, vocablo_id)
      VALUES (5, 11, 482);
    

    INSERT INTO public.grado_tema_vocablo(grado_id, tema_id, vocablo_id)
      VALUES (5, 11, 589);
    

    INSERT INTO public.grado_tema_vocablo(grado_id, tema_id, vocablo_id)
      VALUES (5, 11, 245);
    

    INSERT INTO public.grado_tema_vocablo(grado_id, tema_id, vocablo_id)
      VALUES (5, 11, 246);
    

    INSERT INTO public.grado_tema_vocablo(grado_id, tema_id, vocablo_id)
      VALUES (5, 11, 590);
    

    INSERT INTO public.grado_tema(grado_id, tema_id)
      VALUES (5, 12);
    

    INSERT INTO public.grado_tema_vocablo(grado_id, tema_id, vocablo_id)
      VALUES (5, 12, 591);
    

    INSERT INTO public.grado_tema_vocablo(grado_id, tema_id, vocablo_id)
      VALUES (5, 12, 592);
    

    INSERT INTO public.grado_tema_vocablo(grado_id, tema_id, vocablo_id)
      VALUES (5, 12, 593);
    

    INSERT INTO public.grado_tema_vocablo(grado_id, tema_id, vocablo_id)
      VALUES (5, 12, 94);
    

    INSERT INTO public.grado_tema_vocablo(grado_id, tema_id, vocablo_id)
      VALUES (5, 12, 594);
    

    INSERT INTO public.grado_tema_vocablo(grado_id, tema_id, vocablo_id)
      VALUES (5, 12, 489);
    

    INSERT INTO public.grado_tema_vocablo(grado_id, tema_id, vocablo_id)
      VALUES (5, 12, 484);
    

    INSERT INTO public.grado_tema_vocablo(grado_id, tema_id, vocablo_id)
      VALUES (5, 12, 595);
    

    INSERT INTO public.grado_tema_vocablo(grado_id, tema_id, vocablo_id)
      VALUES (5, 12, 487);
    

    INSERT INTO public.grado_tema_vocablo(grado_id, tema_id, vocablo_id)
      VALUES (5, 12, 596);
    

    INSERT INTO public.grado_tema_vocablo(grado_id, tema_id, vocablo_id)
      VALUES (5, 12, 486);
    

    INSERT INTO public.grado_tema_vocablo(grado_id, tema_id, vocablo_id)
      VALUES (5, 12, 357);
    

    INSERT INTO public.grado_tema_vocablo(grado_id, tema_id, vocablo_id)
      VALUES (5, 12, 597);
    

    INSERT INTO public.grado_tema_vocablo(grado_id, tema_id, vocablo_id)
      VALUES (5, 12, 483);
    

    INSERT INTO public.grado_tema_vocablo(grado_id, tema_id, vocablo_id)
      VALUES (5, 12, 485);
    

    INSERT INTO public.grado_tema_vocablo(grado_id, tema_id, vocablo_id)
      VALUES (5, 12, 490);
    

    INSERT INTO public.grado_tema(grado_id, tema_id)
      VALUES (5, 13);
    

    INSERT INTO public.grado_tema_vocablo(grado_id, tema_id, vocablo_id)
      VALUES (5, 13, 598);
    

    INSERT INTO public.grado_tema_vocablo(grado_id, tema_id, vocablo_id)
      VALUES (5, 13, 599);
    

    INSERT INTO public.grado_tema_vocablo(grado_id, tema_id, vocablo_id)
      VALUES (5, 13, 600);
    

    INSERT INTO public.grado_tema_vocablo(grado_id, tema_id, vocablo_id)
      VALUES (5, 13, 492);
    

    INSERT INTO public.grado_tema_vocablo(grado_id, tema_id, vocablo_id)
      VALUES (5, 13, 601);
    

    INSERT INTO public.grado_tema_vocablo(grado_id, tema_id, vocablo_id)
      VALUES (5, 13, 602);
    

    INSERT INTO public.grado_tema_vocablo(grado_id, tema_id, vocablo_id)
      VALUES (5, 13, 603);
    

    INSERT INTO public.grado_tema_vocablo(grado_id, tema_id, vocablo_id)
      VALUES (5, 13, 493);
    

    INSERT INTO public.grado_tema_vocablo(grado_id, tema_id, vocablo_id)
      VALUES (5, 13, 604);
    

    INSERT INTO public.grado_tema_vocablo(grado_id, tema_id, vocablo_id)
      VALUES (5, 13, 605);
    

    INSERT INTO public.grado_tema_vocablo(grado_id, tema_id, vocablo_id)
      VALUES (5, 13, 606);
    

    INSERT INTO public.grado_tema(grado_id, tema_id)
      VALUES (5, 14);
    

    INSERT INTO public.grado_tema_vocablo(grado_id, tema_id, vocablo_id)
      VALUES (5, 14, 497);
    

    INSERT INTO public.grado_tema_vocablo(grado_id, tema_id, vocablo_id)
      VALUES (5, 14, 607);
    

    INSERT INTO public.grado_tema_vocablo(grado_id, tema_id, vocablo_id)
      VALUES (5, 14, 608);
    

    INSERT INTO public.grado_tema_vocablo(grado_id, tema_id, vocablo_id)
      VALUES (5, 14, 609);
    

    INSERT INTO public.grado_tema_vocablo(grado_id, tema_id, vocablo_id)
      VALUES (5, 14, 495);
    

    INSERT INTO public.grado_tema_vocablo(grado_id, tema_id, vocablo_id)
      VALUES (5, 14, 610);
    

    INSERT INTO public.grado_tema_vocablo(grado_id, tema_id, vocablo_id)
      VALUES (5, 14, 611);
    

    INSERT INTO public.grado_tema_vocablo(grado_id, tema_id, vocablo_id)
      VALUES (5, 14, 499);
    

    INSERT INTO public.grado_tema_vocablo(grado_id, tema_id, vocablo_id)
      VALUES (5, 14, 612);
    

    INSERT INTO public.grado_tema(grado_id, tema_id)
      VALUES (5, 21);
    

    INSERT INTO public.grado_tema_vocablo(grado_id, tema_id, vocablo_id)
      VALUES (5, 21, 500);
    

    INSERT INTO public.grado_tema_vocablo(grado_id, tema_id, vocablo_id)
      VALUES (5, 21, 613);
    

    INSERT INTO public.grado_tema_vocablo(grado_id, tema_id, vocablo_id)
      VALUES (5, 21, 41);
    

    INSERT INTO public.grado_tema_vocablo(grado_id, tema_id, vocablo_id)
      VALUES (5, 21, 614);
    

    INSERT INTO public.grado_tema_vocablo(grado_id, tema_id, vocablo_id)
      VALUES (5, 21, 615);
    

    INSERT INTO public.grado_tema_vocablo(grado_id, tema_id, vocablo_id)
      VALUES (5, 21, 40);
    

    INSERT INTO public.grado_tema_vocablo(grado_id, tema_id, vocablo_id)
      VALUES (5, 21, 616);
    

    INSERT INTO public.grado_tema_vocablo(grado_id, tema_id, vocablo_id)
      VALUES (5, 21, 503);
    

    INSERT INTO public.grado_tema_vocablo(grado_id, tema_id, vocablo_id)
      VALUES (5, 21, 501);
    

    INSERT INTO public.grado_tema_vocablo(grado_id, tema_id, vocablo_id)
      VALUES (5, 21, 502);
    

    INSERT INTO public.grado_tema_vocablo(grado_id, tema_id, vocablo_id)
      VALUES (5, 21, 617);
    

    INSERT INTO public.grado_tema(grado_id, tema_id)
      VALUES (5, 22);
    

    INSERT INTO public.grado_tema_vocablo(grado_id, tema_id, vocablo_id)
      VALUES (5, 22, 506);
    

    INSERT INTO public.grado_tema_vocablo(grado_id, tema_id, vocablo_id)
      VALUES (5, 22, 618);
    

    INSERT INTO public.grado_tema_vocablo(grado_id, tema_id, vocablo_id)
      VALUES (5, 22, 504);
    

    INSERT INTO public.grado_tema_vocablo(grado_id, tema_id, vocablo_id)
      VALUES (5, 22, 619);
    

    INSERT INTO public.grado_tema_vocablo(grado_id, tema_id, vocablo_id)
      VALUES (5, 22, 43);
    

    INSERT INTO public.grado_tema_vocablo(grado_id, tema_id, vocablo_id)
      VALUES (5, 22, 620);
    

    INSERT INTO public.grado_tema_vocablo(grado_id, tema_id, vocablo_id)
      VALUES (5, 22, 621);
    

    INSERT INTO public.grado_tema_vocablo(grado_id, tema_id, vocablo_id)
      VALUES (5, 22, 622);
    

    INSERT INTO public.grado_tema_vocablo(grado_id, tema_id, vocablo_id)
      VALUES (5, 22, 623);
    

    INSERT INTO public.grado_tema_vocablo(grado_id, tema_id, vocablo_id)
      VALUES (5, 22, 505);
    

    INSERT INTO public.grado_tema_vocablo(grado_id, tema_id, vocablo_id)
      VALUES (5, 22, 42);
    

    INSERT INTO public.grado_tema_vocablo(grado_id, tema_id, vocablo_id)
      VALUES (5, 22, 624);
    

    INSERT INTO public.grado_tema_vocablo(grado_id, tema_id, vocablo_id)
      VALUES (5, 22, 625);
    

    INSERT INTO public.grado_tema(grado_id, tema_id)
      VALUES (5, 23);
    

    INSERT INTO public.grado_tema_vocablo(grado_id, tema_id, vocablo_id)
      VALUES (5, 23, 512);
    

    INSERT INTO public.grado_tema_vocablo(grado_id, tema_id, vocablo_id)
      VALUES (5, 23, 515);
    

    INSERT INTO public.grado_tema_vocablo(grado_id, tema_id, vocablo_id)
      VALUES (5, 23, 626);
    

    INSERT INTO public.grado_tema_vocablo(grado_id, tema_id, vocablo_id)
      VALUES (5, 23, 507);
    

    INSERT INTO public.grado_tema_vocablo(grado_id, tema_id, vocablo_id)
      VALUES (5, 23, 510);
    

    INSERT INTO public.grado_tema_vocablo(grado_id, tema_id, vocablo_id)
      VALUES (5, 23, 517);
    

    INSERT INTO public.grado_tema_vocablo(grado_id, tema_id, vocablo_id)
      VALUES (5, 23, 511);
    

    INSERT INTO public.grado_tema_vocablo(grado_id, tema_id, vocablo_id)
      VALUES (5, 23, 513);
    

    INSERT INTO public.grado_tema_vocablo(grado_id, tema_id, vocablo_id)
      VALUES (5, 23, 514);
    

    INSERT INTO public.grado_tema_vocablo(grado_id, tema_id, vocablo_id)
      VALUES (5, 23, 53);
    

    INSERT INTO public.grado_tema_vocablo(grado_id, tema_id, vocablo_id)
      VALUES (5, 23, 54);
    

    INSERT INTO public.grado_tema_vocablo(grado_id, tema_id, vocablo_id)
      VALUES (5, 23, 627);
    

    INSERT INTO public.grado_tema_vocablo(grado_id, tema_id, vocablo_id)
      VALUES (5, 23, 55);
    

    INSERT INTO public.grado_tema_vocablo(grado_id, tema_id, vocablo_id)
      VALUES (5, 23, 56);
    

    INSERT INTO public.grado_tema_vocablo(grado_id, tema_id, vocablo_id)
      VALUES (5, 23, 628);
    

    INSERT INTO public.grado_tema_vocablo(grado_id, tema_id, vocablo_id)
      VALUES (5, 23, 57);
    

    INSERT INTO public.grado_tema_vocablo(grado_id, tema_id, vocablo_id)
      VALUES (5, 23, 629);
    

    INSERT INTO public.grado_tema_vocablo(grado_id, tema_id, vocablo_id)
      VALUES (5, 23, 519);
    

    INSERT INTO public.grado_tema_vocablo(grado_id, tema_id, vocablo_id)
      VALUES (5, 23, 509);
    

    INSERT INTO public.grado_tema_vocablo(grado_id, tema_id, vocablo_id)
      VALUES (5, 23, 508);
    

    INSERT INTO public.grado_tema_vocablo(grado_id, tema_id, vocablo_id)
      VALUES (5, 23, 518);
    

    INSERT INTO public.grado_tema(grado_id, tema_id)
      VALUES (5, 24);
    

    INSERT INTO public.grado_tema_vocablo(grado_id, tema_id, vocablo_id)
      VALUES (5, 24, 524);
    

    INSERT INTO public.grado_tema_vocablo(grado_id, tema_id, vocablo_id)
      VALUES (5, 24, 284);
    

    INSERT INTO public.grado_tema_vocablo(grado_id, tema_id, vocablo_id)
      VALUES (5, 24, 630);
    

    INSERT INTO public.grado_tema_vocablo(grado_id, tema_id, vocablo_id)
      VALUES (5, 24, 631);
    

    INSERT INTO public.grado_tema_vocablo(grado_id, tema_id, vocablo_id)
      VALUES (5, 24, 520);
    

    INSERT INTO public.grado_tema_vocablo(grado_id, tema_id, vocablo_id)
      VALUES (5, 24, 632);
    

    INSERT INTO public.grado_tema_vocablo(grado_id, tema_id, vocablo_id)
      VALUES (5, 24, 633);
    

    INSERT INTO public.grado_tema_vocablo(grado_id, tema_id, vocablo_id)
      VALUES (5, 24, 521);
    

    INSERT INTO public.grado_tema_vocablo(grado_id, tema_id, vocablo_id)
      VALUES (5, 24, 634);
    

    INSERT INTO public.grado_tema_vocablo(grado_id, tema_id, vocablo_id)
      VALUES (5, 24, 635);
    

    INSERT INTO public.grado_tema_vocablo(grado_id, tema_id, vocablo_id)
      VALUES (5, 24, 636);
    

    INSERT INTO public.grado_tema_vocablo(grado_id, tema_id, vocablo_id)
      VALUES (5, 24, 637);
    

    INSERT INTO public.grado_tema_vocablo(grado_id, tema_id, vocablo_id)
      VALUES (5, 24, 638);
    

    INSERT INTO public.grado_tema(grado_id, tema_id)
      VALUES (5, 25);
    

    INSERT INTO public.grado_tema_vocablo(grado_id, tema_id, vocablo_id)
      VALUES (5, 25, 639);
    

    INSERT INTO public.grado_tema_vocablo(grado_id, tema_id, vocablo_id)
      VALUES (5, 25, 640);
    

    INSERT INTO public.grado_tema_vocablo(grado_id, tema_id, vocablo_id)
      VALUES (5, 25, 641);
    

    INSERT INTO public.grado_tema_vocablo(grado_id, tema_id, vocablo_id)
      VALUES (5, 25, 642);
    

    INSERT INTO public.grado_tema(grado_id, tema_id)
      VALUES (5, 26);
    

    INSERT INTO public.grado_tema_vocablo(grado_id, tema_id, vocablo_id)
      VALUES (5, 26, 643);
    

    INSERT INTO public.grado_tema_vocablo(grado_id, tema_id, vocablo_id)
      VALUES (5, 26, 644);
    

    INSERT INTO public.grado_tema_vocablo(grado_id, tema_id, vocablo_id)
      VALUES (5, 26, 529);
    

    INSERT INTO public.grado_tema_vocablo(grado_id, tema_id, vocablo_id)
      VALUES (5, 26, 528);
    

    INSERT INTO public.grado_tema_vocablo(grado_id, tema_id, vocablo_id)
      VALUES (5, 26, 526);
    

    INSERT INTO public.grado_tema_vocablo(grado_id, tema_id, vocablo_id)
      VALUES (5, 26, 645);
    

    INSERT INTO public.grado_tema_vocablo(grado_id, tema_id, vocablo_id)
      VALUES (5, 26, 527);
    

    INSERT INTO public.grado_tema_vocablo(grado_id, tema_id, vocablo_id)
      VALUES (5, 26, 646);
    

    INSERT INTO public.grado_tema_vocablo(grado_id, tema_id, vocablo_id)
      VALUES (5, 26, 525);
    

    INSERT INTO public.grado_tema_vocablo(grado_id, tema_id, vocablo_id)
      VALUES (5, 26, 647);
    

    INSERT INTO public.grado_tema_vocablo(grado_id, tema_id, vocablo_id)
      VALUES (5, 26, 648);
    

    INSERT INTO public.grado_tema(grado_id, tema_id)
      VALUES (5, 10);
    

    INSERT INTO public.grado_tema_vocablo(grado_id, tema_id, vocablo_id)
      VALUES (5, 10, 649);
    

    INSERT INTO public.grado_tema_vocablo(grado_id, tema_id, vocablo_id)
      VALUES (5, 10, 650);
    

    INSERT INTO public.grado_tema_vocablo(grado_id, tema_id, vocablo_id)
      VALUES (5, 10, 421);
    

    INSERT INTO public.grado_tema_vocablo(grado_id, tema_id, vocablo_id)
      VALUES (5, 10, 651);
    

    INSERT INTO public.grado_tema_vocablo(grado_id, tema_id, vocablo_id)
      VALUES (5, 10, 652);
    

    INSERT INTO public.grado_tema_vocablo(grado_id, tema_id, vocablo_id)
      VALUES (5, 10, 653);
    

    INSERT INTO public.grado_tema_vocablo(grado_id, tema_id, vocablo_id)
      VALUES (5, 10, 296);
    

    INSERT INTO public.grado_tema_vocablo(grado_id, tema_id, vocablo_id)
      VALUES (5, 10, 654);
    

    INSERT INTO public.grado_tema_vocablo(grado_id, tema_id, vocablo_id)
      VALUES (5, 10, 655);
    

    INSERT INTO public.grado_tema_vocablo(grado_id, tema_id, vocablo_id)
      VALUES (5, 10, 656);
    

    INSERT INTO public.grado_tema(grado_id, tema_id)
      VALUES (5, 28);
    

    INSERT INTO public.grado_tema_vocablo(grado_id, tema_id, vocablo_id)
      VALUES (5, 28, 531);
    

    INSERT INTO public.grado_tema_vocablo(grado_id, tema_id, vocablo_id)
      VALUES (5, 28, 657);
    

    INSERT INTO public.grado_tema_vocablo(grado_id, tema_id, vocablo_id)
      VALUES (5, 28, 658);
    

    INSERT INTO public.grado_tema_vocablo(grado_id, tema_id, vocablo_id)
      VALUES (5, 28, 530);
    

    INSERT INTO public.grado_tema_vocablo(grado_id, tema_id, vocablo_id)
      VALUES (5, 28, 659);
    

    INSERT INTO public.grado_tema(grado_id, tema_id)
      VALUES (5, 30);
    

    INSERT INTO public.grado_tema_vocablo(grado_id, tema_id, vocablo_id)
      VALUES (5, 30, 540);
    

    INSERT INTO public.grado_tema_vocablo(grado_id, tema_id, vocablo_id)
      VALUES (5, 30, 660);
    

    INSERT INTO public.grado_tema_vocablo(grado_id, tema_id, vocablo_id)
      VALUES (5, 30, 661);
    

    INSERT INTO public.grado_tema_vocablo(grado_id, tema_id, vocablo_id)
      VALUES (5, 30, 35);
    

    INSERT INTO public.grado_tema_vocablo(grado_id, tema_id, vocablo_id)
      VALUES (5, 30, 535);
    

    INSERT INTO public.grado_tema_vocablo(grado_id, tema_id, vocablo_id)
      VALUES (5, 30, 538);
    

    INSERT INTO public.grado_tema_vocablo(grado_id, tema_id, vocablo_id)
      VALUES (5, 30, 537);
    

    INSERT INTO public.grado_tema_vocablo(grado_id, tema_id, vocablo_id)
      VALUES (5, 30, 58);
    

    INSERT INTO public.grado_tema_vocablo(grado_id, tema_id, vocablo_id)
      VALUES (5, 30, 662);
    

    INSERT INTO public.grado_tema_vocablo(grado_id, tema_id, vocablo_id)
      VALUES (5, 30, 663);
    

    INSERT INTO public.grado_tema_vocablo(grado_id, tema_id, vocablo_id)
      VALUES (5, 30, 664);
    

    INSERT INTO public.grado_tema_vocablo(grado_id, tema_id, vocablo_id)
      VALUES (5, 30, 536);
    

    INSERT INTO public.grado_tema_vocablo(grado_id, tema_id, vocablo_id)
      VALUES (5, 30, 539);
    

    INSERT INTO public.grado_tema(grado_id, tema_id)
      VALUES (5, 31);
    

    INSERT INTO public.grado_tema_vocablo(grado_id, tema_id, vocablo_id)
      VALUES (5, 31, 665);
    

    INSERT INTO public.grado_tema_vocablo(grado_id, tema_id, vocablo_id)
      VALUES (5, 31, 551);
    

    INSERT INTO public.grado_tema_vocablo(grado_id, tema_id, vocablo_id)
      VALUES (5, 31, 666);
    

    INSERT INTO public.grado_tema_vocablo(grado_id, tema_id, vocablo_id)
      VALUES (5, 31, 552);
    

    INSERT INTO public.grado_tema_vocablo(grado_id, tema_id, vocablo_id)
      VALUES (5, 31, 667);
    

    INSERT INTO public.grado_tema_vocablo(grado_id, tema_id, vocablo_id)
      VALUES (5, 31, 549);
    

    INSERT INTO public.grado_tema_vocablo(grado_id, tema_id, vocablo_id)
      VALUES (5, 31, 547);
    

    INSERT INTO public.grado_tema_vocablo(grado_id, tema_id, vocablo_id)
      VALUES (5, 31, 542);
    

    INSERT INTO public.grado_tema_vocablo(grado_id, tema_id, vocablo_id)
      VALUES (5, 31, 550);
    

    INSERT INTO public.grado_tema_vocablo(grado_id, tema_id, vocablo_id)
      VALUES (5, 31, 48);
    

    INSERT INTO public.grado_tema_vocablo(grado_id, tema_id, vocablo_id)
      VALUES (5, 31, 544);
    

    INSERT INTO public.grado_tema_vocablo(grado_id, tema_id, vocablo_id)
      VALUES (5, 31, 668);
    

    INSERT INTO public.grado_tema_vocablo(grado_id, tema_id, vocablo_id)
      VALUES (5, 31, 548);
    

    INSERT INTO public.grado_tema_vocablo(grado_id, tema_id, vocablo_id)
      VALUES (5, 31, 546);
    

    INSERT INTO public.grado_tema_vocablo(grado_id, tema_id, vocablo_id)
      VALUES (5, 31, 669);
    

    INSERT INTO public.grado_tema_vocablo(grado_id, tema_id, vocablo_id)
      VALUES (5, 31, 670);
    

    INSERT INTO public.grado_tema_vocablo(grado_id, tema_id, vocablo_id)
      VALUES (5, 31, 545);
    

    INSERT INTO public.grado_tema_vocablo(grado_id, tema_id, vocablo_id)
      VALUES (5, 31, 310);
    

    INSERT INTO public.grado_tema_vocablo(grado_id, tema_id, vocablo_id)
      VALUES (5, 31, 543);
    


--
-- Sexto Grado
--

    INSERT INTO public.grado_tema(grado_id, tema_id)
      VALUES (6, 38);
    

    INSERT INTO public.grado_tema_vocablo(grado_id, tema_id, vocablo_id)
      VALUES (6, 38, 62);
    

    INSERT INTO public.grado_tema_vocablo(grado_id, tema_id, vocablo_id)
      VALUES (6, 38, 63);
    

    INSERT INTO public.grado_tema_vocablo(grado_id, tema_id, vocablo_id)
      VALUES (6, 38, 64);
    

    INSERT INTO public.grado_tema_vocablo(grado_id, tema_id, vocablo_id)
      VALUES (6, 38, 65);
    

    INSERT INTO public.grado_tema_vocablo(grado_id, tema_id, vocablo_id)
      VALUES (6, 38, 66);
    

    INSERT INTO public.grado_tema_vocablo(grado_id, tema_id, vocablo_id)
      VALUES (6, 38, 67);
    

    INSERT INTO public.grado_tema_vocablo(grado_id, tema_id, vocablo_id)
      VALUES (6, 38, 68);
    

    INSERT INTO public.grado_tema_vocablo(grado_id, tema_id, vocablo_id)
      VALUES (6, 38, 51);
    

    INSERT INTO public.grado_tema_vocablo(grado_id, tema_id, vocablo_id)
      VALUES (6, 38, 69);
    

    INSERT INTO public.grado_tema_vocablo(grado_id, tema_id, vocablo_id)
      VALUES (6, 38, 70);
    

    INSERT INTO public.grado_tema_vocablo(grado_id, tema_id, vocablo_id)
      VALUES (6, 38, 71);
    

    INSERT INTO public.grado_tema_vocablo(grado_id, tema_id, vocablo_id)
      VALUES (6, 38, 72);
    

    INSERT INTO public.grado_tema_vocablo(grado_id, tema_id, vocablo_id)
      VALUES (6, 38, 73);
    

    INSERT INTO public.grado_tema_vocablo(grado_id, tema_id, vocablo_id)
      VALUES (6, 38, 74);
    

    INSERT INTO public.grado_tema_vocablo(grado_id, tema_id, vocablo_id)
      VALUES (6, 38, 75);
    

    INSERT INTO public.grado_tema_vocablo(grado_id, tema_id, vocablo_id)
      VALUES (6, 38, 76);
    

    INSERT INTO public.grado_tema_vocablo(grado_id, tema_id, vocablo_id)
      VALUES (6, 38, 38);
    

    INSERT INTO public.grado_tema_vocablo(grado_id, tema_id, vocablo_id)
      VALUES (6, 38, 77);
    

    INSERT INTO public.grado_tema_vocablo(grado_id, tema_id, vocablo_id)
      VALUES (6, 38, 44);
    

    INSERT INTO public.grado_tema_vocablo(grado_id, tema_id, vocablo_id)
      VALUES (6, 38, 36);
    

    INSERT INTO public.grado_tema(grado_id, tema_id)
      VALUES (6, 2);
    

    INSERT INTO public.grado_tema_vocablo(grado_id, tema_id, vocablo_id)
      VALUES (6, 2, 671);
    

    INSERT INTO public.grado_tema_vocablo(grado_id, tema_id, vocablo_id)
      VALUES (6, 2, 672);
    

    INSERT INTO public.grado_tema_vocablo(grado_id, tema_id, vocablo_id)
      VALUES (6, 2, 673);
    

    INSERT INTO public.grado_tema(grado_id, tema_id)
      VALUES (6, 1);
    

    INSERT INTO public.grado_tema_vocablo(grado_id, tema_id, vocablo_id)
      VALUES (6, 1, 674);
    

    INSERT INTO public.grado_tema_vocablo(grado_id, tema_id, vocablo_id)
      VALUES (6, 1, 675);
    

    INSERT INTO public.grado_tema(grado_id, tema_id)
      VALUES (6, 3);
    

    INSERT INTO public.grado_tema_vocablo(grado_id, tema_id, vocablo_id)
      VALUES (6, 3, 62);
    

    INSERT INTO public.grado_tema_vocablo(grado_id, tema_id, vocablo_id)
      VALUES (6, 3, 66);
    

    INSERT INTO public.grado_tema_vocablo(grado_id, tema_id, vocablo_id)
      VALUES (6, 3, 63);
    

    INSERT INTO public.grado_tema_vocablo(grado_id, tema_id, vocablo_id)
      VALUES (6, 3, 64);
    

    INSERT INTO public.grado_tema_vocablo(grado_id, tema_id, vocablo_id)
      VALUES (6, 3, 67);
    

    INSERT INTO public.grado_tema(grado_id, tema_id)
      VALUES (6, 6);
    

    INSERT INTO public.grado_tema_vocablo(grado_id, tema_id, vocablo_id)
      VALUES (6, 6, 676);
    

    INSERT INTO public.grado_tema_vocablo(grado_id, tema_id, vocablo_id)
      VALUES (6, 6, 677);
    

    INSERT INTO public.grado_tema_vocablo(grado_id, tema_id, vocablo_id)
      VALUES (6, 6, 678);
    

    INSERT INTO public.grado_tema_vocablo(grado_id, tema_id, vocablo_id)
      VALUES (6, 6, 679);
    

    INSERT INTO public.grado_tema(grado_id, tema_id)
      VALUES (6, 7);
    

    INSERT INTO public.grado_tema_vocablo(grado_id, tema_id, vocablo_id)
      VALUES (6, 7, 68);
    

    INSERT INTO public.grado_tema_vocablo(grado_id, tema_id, vocablo_id)
      VALUES (6, 7, 680);
    

    INSERT INTO public.grado_tema_vocablo(grado_id, tema_id, vocablo_id)
      VALUES (6, 7, 681);
    

    INSERT INTO public.grado_tema_vocablo(grado_id, tema_id, vocablo_id)
      VALUES (6, 7, 682);
    

    INSERT INTO public.grado_tema(grado_id, tema_id)
      VALUES (6, 8);
    

    INSERT INTO public.grado_tema_vocablo(grado_id, tema_id, vocablo_id)
      VALUES (6, 8, 683);
    

    INSERT INTO public.grado_tema_vocablo(grado_id, tema_id, vocablo_id)
      VALUES (6, 8, 76);
    

    INSERT INTO public.grado_tema(grado_id, tema_id)
      VALUES (6, 13);
    

    INSERT INTO public.grado_tema_vocablo(grado_id, tema_id, vocablo_id)
      VALUES (6, 13, 684);
    

    INSERT INTO public.grado_tema_vocablo(grado_id, tema_id, vocablo_id)
      VALUES (6, 13, 685);
    

    INSERT INTO public.grado_tema_vocablo(grado_id, tema_id, vocablo_id)
      VALUES (6, 13, 686);
    

    INSERT INTO public.grado_tema_vocablo(grado_id, tema_id, vocablo_id)
      VALUES (6, 13, 687);
    

    INSERT INTO public.grado_tema_vocablo(grado_id, tema_id, vocablo_id)
      VALUES (6, 13, 688);
    

    INSERT INTO public.grado_tema_vocablo(grado_id, tema_id, vocablo_id)
      VALUES (6, 13, 689);
    

    INSERT INTO public.grado_tema_vocablo(grado_id, tema_id, vocablo_id)
      VALUES (6, 13, 65);
    

    INSERT INTO public.grado_tema(grado_id, tema_id)
      VALUES (6, 20);
    

    INSERT INTO public.grado_tema_vocablo(grado_id, tema_id, vocablo_id)
      VALUES (6, 20, 690);
    

    INSERT INTO public.grado_tema(grado_id, tema_id)
      VALUES (6, 24);
    

    INSERT INTO public.grado_tema_vocablo(grado_id, tema_id, vocablo_id)
      VALUES (6, 24, 69);
    

    INSERT INTO public.grado_tema_vocablo(grado_id, tema_id, vocablo_id)
      VALUES (6, 24, 691);
    

    INSERT INTO public.grado_tema_vocablo(grado_id, tema_id, vocablo_id)
      VALUES (6, 24, 692);
    

    INSERT INTO public.grado_tema_vocablo(grado_id, tema_id, vocablo_id)
      VALUES (6, 24, 693);
    

    INSERT INTO public.grado_tema_vocablo(grado_id, tema_id, vocablo_id)
      VALUES (6, 24, 694);
    

    INSERT INTO public.grado_tema(grado_id, tema_id)
      VALUES (6, 25);
    

    INSERT INTO public.grado_tema_vocablo(grado_id, tema_id, vocablo_id)
      VALUES (6, 25, 695);
    

    INSERT INTO public.grado_tema_vocablo(grado_id, tema_id, vocablo_id)
      VALUES (6, 25, 696);
    

    INSERT INTO public.grado_tema_vocablo(grado_id, tema_id, vocablo_id)
      VALUES (6, 25, 697);
    

    INSERT INTO public.grado_tema_vocablo(grado_id, tema_id, vocablo_id)
      VALUES (6, 25, 698);
    

    INSERT INTO public.grado_tema_vocablo(grado_id, tema_id, vocablo_id)
      VALUES (6, 25, 71);
    

    INSERT INTO public.grado_tema_vocablo(grado_id, tema_id, vocablo_id)
      VALUES (6, 25, 70);
    

    INSERT INTO public.grado_tema_vocablo(grado_id, tema_id, vocablo_id)
      VALUES (6, 25, 699);
    

    INSERT INTO public.grado_tema(grado_id, tema_id)
      VALUES (6, 26);
    

    INSERT INTO public.grado_tema_vocablo(grado_id, tema_id, vocablo_id)
      VALUES (6, 26, 72);
    

    INSERT INTO public.grado_tema_vocablo(grado_id, tema_id, vocablo_id)
      VALUES (6, 26, 73);
    

    INSERT INTO public.grado_tema_vocablo(grado_id, tema_id, vocablo_id)
      VALUES (6, 26, 74);
    

    INSERT INTO public.grado_tema_vocablo(grado_id, tema_id, vocablo_id)
      VALUES (6, 26, 75);
    

    INSERT INTO public.grado_tema_vocablo(grado_id, tema_id, vocablo_id)
      VALUES (6, 26, 700);
    

    INSERT INTO public.grado_tema(grado_id, tema_id)
      VALUES (6, 28);
    

    INSERT INTO public.grado_tema_vocablo(grado_id, tema_id, vocablo_id)
      VALUES (6, 28, 701);
    

    INSERT INTO public.grado_tema_vocablo(grado_id, tema_id, vocablo_id)
      VALUES (6, 28, 702);
    

    INSERT INTO public.grado_tema_vocablo(grado_id, tema_id, vocablo_id)
      VALUES (6, 28, 703);
    

    INSERT INTO public.grado_tema_vocablo(grado_id, tema_id, vocablo_id)
      VALUES (6, 28, 704);
    

    INSERT INTO public.grado_tema_vocablo(grado_id, tema_id, vocablo_id)
      VALUES (6, 7, 238);
    

    INSERT INTO public.grado_tema(grado_id, tema_id)
      VALUES (6, 30);
    

    INSERT INTO public.grado_tema_vocablo(grado_id, tema_id, vocablo_id)
      VALUES (6, 30, 705);
    

    INSERT INTO public.grado_tema(grado_id, tema_id)
      VALUES (6, 15);
    

    INSERT INTO public.grado_tema_vocablo(grado_id, tema_id, vocablo_id)
      VALUES (6, 15, 706);
    

    INSERT INTO public.grado_tema(grado_id, tema_id)
      VALUES (6, 0);
    

    INSERT INTO public.grado_tema_vocablo(grado_id, tema_id, vocablo_id)
      VALUES (6, 0, 707);
    

    INSERT INTO public.grado_tema_vocablo(grado_id, tema_id, vocablo_id)
      VALUES (6, 0, 708);
    

    INSERT INTO public.grado_tema_vocablo(grado_id, tema_id, vocablo_id)
      VALUES (6, 3, 709);
    

    INSERT INTO public.grado_tema(grado_id, tema_id)
      VALUES (6, 18);
    

    INSERT INTO public.grado_tema_vocablo(grado_id, tema_id, vocablo_id)
      VALUES (6, 18, 710);
    

    INSERT INTO public.grado_tema(grado_id, tema_id)
      VALUES (6, 31);
    

    INSERT INTO public.grado_tema_vocablo(grado_id, tema_id, vocablo_id)
      VALUES (6, 31, 711);
    

    INSERT INTO public.grado_tema_vocablo(grado_id, tema_id, vocablo_id)
      VALUES (6, 31, 712);
    

    INSERT INTO public.grado_tema(grado_id, tema_id)
      VALUES (6, 22);
    

    INSERT INTO public.grado_tema_vocablo(grado_id, tema_id, vocablo_id)
      VALUES (6, 22, 713);
    

    INSERT INTO public.grado_tema(grado_id, tema_id)
      VALUES (6, 21);
    

    INSERT INTO public.grado_tema_vocablo(grado_id, tema_id, vocablo_id)
      VALUES (6, 21, 714);
    

    INSERT INTO public.grado_tema_vocablo(grado_id, tema_id, vocablo_id)
      VALUES (6, 0, 715);
    

    INSERT INTO public.grado_tema_vocablo(grado_id, tema_id, vocablo_id)
      VALUES (6, 18, 270);
    

    INSERT INTO public.grado_tema_vocablo(grado_id, tema_id, vocablo_id)
      VALUES (6, 21, 716);
    

    INSERT INTO public.grado_tema(grado_id, tema_id)
      VALUES (6, 17);
    

    INSERT INTO public.grado_tema_vocablo(grado_id, tema_id, vocablo_id)
      VALUES (6, 17, 111);
    

    INSERT INTO public.grado_tema_vocablo(grado_id, tema_id, vocablo_id)
      VALUES (6, 1, 717);
    

    INSERT INTO public.grado_tema_vocablo(grado_id, tema_id, vocablo_id)
      VALUES (6, 1, 718);
    

    INSERT INTO public.grado_tema_vocablo(grado_id, tema_id, vocablo_id)
      VALUES (6, 1, 719);
    

    INSERT INTO public.grado_tema_vocablo(grado_id, tema_id, vocablo_id)
      VALUES (6, 18, 272);
    

    INSERT INTO public.grado_tema_vocablo(grado_id, tema_id, vocablo_id)
      VALUES (6, 0, 465);
    

    INSERT INTO public.grado_tema_vocablo(grado_id, tema_id, vocablo_id)
      VALUES (6, 18, 720);
    

    INSERT INTO public.grado_tema_vocablo(grado_id, tema_id, vocablo_id)
      VALUES (6, 0, 721);
    

    INSERT INTO public.grado_tema_vocablo(grado_id, tema_id, vocablo_id)
      VALUES (6, 1, 722);
    

    INSERT INTO public.grado_tema_vocablo(grado_id, tema_id, vocablo_id)
      VALUES (6, 13, 420);
    

    INSERT INTO public.grado_tema_vocablo(grado_id, tema_id, vocablo_id)
      VALUES (6, 30, 723);
    

    INSERT INTO public.grado_tema(grado_id, tema_id)
      VALUES (6, 4);
    

    INSERT INTO public.grado_tema_vocablo(grado_id, tema_id, vocablo_id)
      VALUES (6, 4, 724);
    

    INSERT INTO public.grado_tema_vocablo(grado_id, tema_id, vocablo_id)
      VALUES (6, 30, 725);
    

    INSERT INTO public.grado_tema_vocablo(grado_id, tema_id, vocablo_id)
      VALUES (6, 4, 726);
    

    INSERT INTO public.grado_tema_vocablo(grado_id, tema_id, vocablo_id)
      VALUES (6, 3, 727);
    

    INSERT INTO public.grado_tema_vocablo(grado_id, tema_id, vocablo_id)
      VALUES (6, 1, 728);
    

    INSERT INTO public.grado_tema_vocablo(grado_id, tema_id, vocablo_id)
      VALUES (6, 1, 729);
    

    INSERT INTO public.grado_tema(grado_id, tema_id)
      VALUES (6, 39);
    

    INSERT INTO public.grado_tema_vocablo(grado_id, tema_id, vocablo_id)
      VALUES (6, 39, 730);
    

    INSERT INTO public.grado_tema_vocablo(grado_id, tema_id, vocablo_id)
      VALUES (6, 21, 731);
    

    INSERT INTO public.grado_tema_vocablo(grado_id, tema_id, vocablo_id)
      VALUES (6, 21, 732);
    

    INSERT INTO public.grado_tema(grado_id, tema_id)
      VALUES (6, 14);
    

    INSERT INTO public.grado_tema_vocablo(grado_id, tema_id, vocablo_id)
      VALUES (6, 14, 733);
    

    INSERT INTO public.grado_tema_vocablo(grado_id, tema_id, vocablo_id)
      VALUES (6, 1, 734);
    

    INSERT INTO public.grado_tema_vocablo(grado_id, tema_id, vocablo_id)
      VALUES (6, 1, 735);
    

    INSERT INTO public.grado_tema_vocablo(grado_id, tema_id, vocablo_id)
      VALUES (6, 0, 736);
    

    INSERT INTO public.grado_tema(grado_id, tema_id)
      VALUES (6, 5);
    

    INSERT INTO public.grado_tema_vocablo(grado_id, tema_id, vocablo_id)
      VALUES (6, 5, 737);
    

    INSERT INTO public.grado_tema_vocablo(grado_id, tema_id, vocablo_id)
      VALUES (6, 20, 738);
    

    INSERT INTO public.grado_tema_vocablo(grado_id, tema_id, vocablo_id)
      VALUES (6, 1, 739);
    

    INSERT INTO public.grado_tema(grado_id, tema_id)
      VALUES (6, 12);
    

    INSERT INTO public.grado_tema_vocablo(grado_id, tema_id, vocablo_id)
      VALUES (6, 12, 594);
    

    INSERT INTO public.grado_tema_vocablo(grado_id, tema_id, vocablo_id)
      VALUES (6, 30, 740);
    

    INSERT INTO public.grado_tema(grado_id, tema_id)
      VALUES (6, 9);
    

    INSERT INTO public.grado_tema_vocablo(grado_id, tema_id, vocablo_id)
      VALUES (6, 9, 741);
    

    INSERT INTO public.grado_tema(grado_id, tema_id)
      VALUES (6, 16);
    

    INSERT INTO public.grado_tema_vocablo(grado_id, tema_id, vocablo_id)
      VALUES (6, 16, 742);
    

    INSERT INTO public.grado_tema_vocablo(grado_id, tema_id, vocablo_id)
      VALUES (6, 0, 743);
    

    INSERT INTO public.grado_tema_vocablo(grado_id, tema_id, vocablo_id)
      VALUES (6, 0, 744);
    

    INSERT INTO public.grado_tema_vocablo(grado_id, tema_id, vocablo_id)
      VALUES (6, 22, 745);
    

    INSERT INTO public.grado_tema_vocablo(grado_id, tema_id, vocablo_id)
      VALUES (6, 20, 746);
    

    INSERT INTO public.grado_tema_vocablo(grado_id, tema_id, vocablo_id)
      VALUES (6, 30, 747);
    

    INSERT INTO public.grado_tema_vocablo(grado_id, tema_id, vocablo_id)
      VALUES (6, 9, 748);
    

    INSERT INTO public.grado_tema_vocablo(grado_id, tema_id, vocablo_id)
      VALUES (6, 39, 749);
    

    INSERT INTO public.grado_tema_vocablo(grado_id, tema_id, vocablo_id)
      VALUES (6, 21, 750);
    

    INSERT INTO public.grado_tema_vocablo(grado_id, tema_id, vocablo_id)
      VALUES (6, 21, 751);
    

    INSERT INTO public.grado_tema_vocablo(grado_id, tema_id, vocablo_id)
      VALUES (6, 21, 752);
    

    INSERT INTO public.grado_tema_vocablo(grado_id, tema_id, vocablo_id)
      VALUES (6, 21, 753);
    

    INSERT INTO public.grado_tema_vocablo(grado_id, tema_id, vocablo_id)
      VALUES (6, 21, 754);
    

    INSERT INTO public.grado_tema_vocablo(grado_id, tema_id, vocablo_id)
      VALUES (6, 21, 755);
    

    INSERT INTO public.grado_tema_vocablo(grado_id, tema_id, vocablo_id)
      VALUES (6, 18, 756);
    

    INSERT INTO public.grado_tema_vocablo(grado_id, tema_id, vocablo_id)
      VALUES (6, 4, 757);
    

    INSERT INTO public.grado_tema_vocablo(grado_id, tema_id, vocablo_id)
      VALUES (6, 30, 758);
    

    INSERT INTO public.grado_tema_vocablo(grado_id, tema_id, vocablo_id)
      VALUES (6, 30, 428);
    

    INSERT INTO public.grado_tema_vocablo(grado_id, tema_id, vocablo_id)
      VALUES (6, 1, 139);
    

    INSERT INTO public.grado_tema_vocablo(grado_id, tema_id, vocablo_id)
      VALUES (6, 7, 759);
    

    INSERT INTO public.grado_tema_vocablo(grado_id, tema_id, vocablo_id)
      VALUES (6, 7, 760);
    

    INSERT INTO public.grado_tema_vocablo(grado_id, tema_id, vocablo_id)
      VALUES (6, 21, 761);
    

    INSERT INTO public.grado_tema_vocablo(grado_id, tema_id, vocablo_id)
      VALUES (6, 0, 762);
    

    INSERT INTO public.grado_tema_vocablo(grado_id, tema_id, vocablo_id)
      VALUES (6, 30, 763);
    

    INSERT INTO public.grado_tema_vocablo(grado_id, tema_id, vocablo_id)
      VALUES (6, 21, 764);
    

    INSERT INTO public.grado_tema_vocablo(grado_id, tema_id, vocablo_id)
      VALUES (6, 25, 765);
    

    INSERT INTO public.grado_tema_vocablo(grado_id, tema_id, vocablo_id)
      VALUES (6, 8, 88);
    

    INSERT INTO public.grado_tema(grado_id, tema_id)
      VALUES (6, 11);
    

    INSERT INTO public.grado_tema_vocablo(grado_id, tema_id, vocablo_id)
      VALUES (6, 11, 589);
    

    INSERT INTO public.grado_tema_vocablo(grado_id, tema_id, vocablo_id)
      VALUES (6, 18, 766);
    

    INSERT INTO public.grado_tema(grado_id, tema_id)
      VALUES (6, 19);
    

    INSERT INTO public.grado_tema_vocablo(grado_id, tema_id, vocablo_id)
      VALUES (6, 19, 184);
    

    INSERT INTO public.grado_tema_vocablo(grado_id, tema_id, vocablo_id)
      VALUES (6, 7, 767);
    

    INSERT INTO public.grado_tema_vocablo(grado_id, tema_id, vocablo_id)
      VALUES (6, 20, 768);
    

    INSERT INTO public.grado_tema_vocablo(grado_id, tema_id, vocablo_id)
      VALUES (6, 20, 769);
    

    INSERT INTO public.grado_tema_vocablo(grado_id, tema_id, vocablo_id)
      VALUES (6, 20, 770);
    

    INSERT INTO public.grado_tema_vocablo(grado_id, tema_id, vocablo_id)
      VALUES (6, 20, 771);
    

    INSERT INTO public.grado_tema_vocablo(grado_id, tema_id, vocablo_id)
      VALUES (6, 22, 772);
    

    INSERT INTO public.grado_tema_vocablo(grado_id, tema_id, vocablo_id)
      VALUES (6, 25, 773);
    

    INSERT INTO public.grado_tema_vocablo(grado_id, tema_id, vocablo_id)
      VALUES (6, 20, 774);
    

    INSERT INTO public.grado_tema_vocablo(grado_id, tema_id, vocablo_id)
      VALUES (6, 20, 775);
    

    INSERT INTO public.grado_tema_vocablo(grado_id, tema_id, vocablo_id)
      VALUES (6, 20, 776);
    

    INSERT INTO public.grado_tema_vocablo(grado_id, tema_id, vocablo_id)
      VALUES (6, 20, 777);
    

    INSERT INTO public.grado_tema_vocablo(grado_id, tema_id, vocablo_id)
      VALUES (6, 21, 778);
    

    INSERT INTO public.grado_tema_vocablo(grado_id, tema_id, vocablo_id)
      VALUES (6, 21, 779);
    

    INSERT INTO public.grado_tema_vocablo(grado_id, tema_id, vocablo_id)
      VALUES (6, 5, 780);
    

    INSERT INTO public.grado_tema_vocablo(grado_id, tema_id, vocablo_id)
      VALUES (6, 22, 781);
    

    INSERT INTO public.grado_tema_vocablo(grado_id, tema_id, vocablo_id)
      VALUES (6, 0, 782);
    

    INSERT INTO public.grado_tema_vocablo(grado_id, tema_id, vocablo_id)
      VALUES (6, 22, 783);
    

    INSERT INTO public.grado_tema_vocablo(grado_id, tema_id, vocablo_id)
      VALUES (6, 18, 784);
    

    INSERT INTO public.grado_tema_vocablo(grado_id, tema_id, vocablo_id)
      VALUES (6, 21, 785);
    

    INSERT INTO public.grado_tema_vocablo(grado_id, tema_id, vocablo_id)
      VALUES (6, 13, 786);
    

    INSERT INTO public.grado_tema_vocablo(grado_id, tema_id, vocablo_id)
      VALUES (6, 21, 787);
    

    INSERT INTO public.grado_tema_vocablo(grado_id, tema_id, vocablo_id)
      VALUES (6, 19, 788);
    

    INSERT INTO public.grado_tema_vocablo(grado_id, tema_id, vocablo_id)
      VALUES (6, 30, 789);
    

    INSERT INTO public.grado_tema_vocablo(grado_id, tema_id, vocablo_id)
      VALUES (6, 13, 600);
    

    INSERT INTO public.grado_tema_vocablo(grado_id, tema_id, vocablo_id)
      VALUES (6, 1, 790);
    

    INSERT INTO public.grado_tema_vocablo(grado_id, tema_id, vocablo_id)
      VALUES (6, 25, 791);
    

    INSERT INTO public.grado_tema_vocablo(grado_id, tema_id, vocablo_id)
      VALUES (6, 22, 623);
    

    INSERT INTO public.grado_tema_vocablo(grado_id, tema_id, vocablo_id)
      VALUES (6, 21, 792);
    

    INSERT INTO public.grado_tema_vocablo(grado_id, tema_id, vocablo_id)
      VALUES (6, 1, 793);
    

    INSERT INTO public.grado_tema_vocablo(grado_id, tema_id, vocablo_id)
      VALUES (6, 22, 794);
    

    INSERT INTO public.grado_tema_vocablo(grado_id, tema_id, vocablo_id)
      VALUES (6, 9, 795);
    

    INSERT INTO public.grado_tema_vocablo(grado_id, tema_id, vocablo_id)
      VALUES (6, 9, 796);
    

    INSERT INTO public.grado_tema_vocablo(grado_id, tema_id, vocablo_id)
      VALUES (6, 39, 797);
    

    INSERT INTO public.grado_tema_vocablo(grado_id, tema_id, vocablo_id)
      VALUES (6, 25, 798);
    

    INSERT INTO public.grado_tema_vocablo(grado_id, tema_id, vocablo_id)
      VALUES (6, 11, 607);
    

    INSERT INTO public.grado_tema_vocablo(grado_id, tema_id, vocablo_id)
      VALUES (6, 30, 799);
    

    INSERT INTO public.grado_tema_vocablo(grado_id, tema_id, vocablo_id)
      VALUES (6, 30, 800);
    

    INSERT INTO public.grado_tema_vocablo(grado_id, tema_id, vocablo_id)
      VALUES (6, 1, 801);
    

    INSERT INTO public.grado_tema_vocablo(grado_id, tema_id, vocablo_id)
      VALUES (6, 4, 802);
    

    INSERT INTO public.grado_tema_vocablo(grado_id, tema_id, vocablo_id)
      VALUES (6, 9, 803);
    

    INSERT INTO public.grado_tema_vocablo(grado_id, tema_id, vocablo_id)
      VALUES (6, 0, 804);
    

    INSERT INTO public.grado_tema_vocablo(grado_id, tema_id, vocablo_id)
      VALUES (6, 21, 805);
    

    INSERT INTO public.grado_tema_vocablo(grado_id, tema_id, vocablo_id)
      VALUES (6, 0, 806);
    

    INSERT INTO public.grado_tema_vocablo(grado_id, tema_id, vocablo_id)
      VALUES (6, 12, 250);
    

    INSERT INTO public.grado_tema_vocablo(grado_id, tema_id, vocablo_id)
      VALUES (6, 25, 807);
    

    INSERT INTO public.grado_tema_vocablo(grado_id, tema_id, vocablo_id)
      VALUES (6, 12, 808);
    

    INSERT INTO public.grado_tema_vocablo(grado_id, tema_id, vocablo_id)
      VALUES (6, 21, 809);
    

    INSERT INTO public.grado_tema_vocablo(grado_id, tema_id, vocablo_id)
      VALUES (6, 0, 810);
    

    INSERT INTO public.grado_tema_vocablo(grado_id, tema_id, vocablo_id)
      VALUES (6, 18, 811);
    

    INSERT INTO public.grado_tema_vocablo(grado_id, tema_id, vocablo_id)
      VALUES (6, 12, 812);
    

    INSERT INTO public.grado_tema_vocablo(grado_id, tema_id, vocablo_id)
      VALUES (6, 0, 813);
    

    INSERT INTO public.grado_tema_vocablo(grado_id, tema_id, vocablo_id)
      VALUES (6, 1, 814);
    

    INSERT INTO public.grado_tema_vocablo(grado_id, tema_id, vocablo_id)
      VALUES (6, 5, 815);
    

    INSERT INTO public.grado_tema_vocablo(grado_id, tema_id, vocablo_id)
      VALUES (6, 22, 816);
    

    INSERT INTO public.grado_tema_vocablo(grado_id, tema_id, vocablo_id)
      VALUES (6, 0, 817);
    

    INSERT INTO public.grado_tema_vocablo(grado_id, tema_id, vocablo_id)
      VALUES (6, 9, 818);
    

    INSERT INTO public.grado_tema_vocablo(grado_id, tema_id, vocablo_id)
      VALUES (6, 19, 819);
    

    INSERT INTO public.grado_tema_vocablo(grado_id, tema_id, vocablo_id)
      VALUES (6, 21, 820);
    

    INSERT INTO public.grado_tema_vocablo(grado_id, tema_id, vocablo_id)
      VALUES (6, 21, 821);
    

    INSERT INTO public.grado_tema_vocablo(grado_id, tema_id, vocablo_id)
      VALUES (6, 0, 822);
    

    INSERT INTO public.grado_tema_vocablo(grado_id, tema_id, vocablo_id)
      VALUES (6, 18, 823);
    

    INSERT INTO public.grado_tema_vocablo(grado_id, tema_id, vocablo_id)
      VALUES (6, 30, 824);
    

    INSERT INTO public.grado_tema_vocablo(grado_id, tema_id, vocablo_id)
      VALUES (6, 28, 825);
    

    INSERT INTO public.grado_tema_vocablo(grado_id, tema_id, vocablo_id)
      VALUES (6, 39, 826);
    

    INSERT INTO public.grado_tema_vocablo(grado_id, tema_id, vocablo_id)
      VALUES (6, 1, 827);
    

    INSERT INTO public.grado_tema_vocablo(grado_id, tema_id, vocablo_id)
      VALUES (6, 21, 828);
    

    INSERT INTO public.grado_tema_vocablo(grado_id, tema_id, vocablo_id)
      VALUES (6, 25, 829);
    

    INSERT INTO public.grado_tema_vocablo(grado_id, tema_id, vocablo_id)
      VALUES (6, 22, 830);
    

    INSERT INTO public.grado_tema_vocablo(grado_id, tema_id, vocablo_id)
      VALUES (6, 26, 831);
    

    INSERT INTO public.grado_tema_vocablo(grado_id, tema_id, vocablo_id)
      VALUES (6, 30, 832);
    

    INSERT INTO public.grado_tema_vocablo(grado_id, tema_id, vocablo_id)
      VALUES (6, 30, 833);
    

    INSERT INTO public.grado_tema_vocablo(grado_id, tema_id, vocablo_id)
      VALUES (6, 30, 834);
    

    INSERT INTO public.grado_tema_vocablo(grado_id, tema_id, vocablo_id)
      VALUES (6, 4, 835);
    

    INSERT INTO public.grado_tema_vocablo(grado_id, tema_id, vocablo_id)
      VALUES (6, 15, 836);
    

    INSERT INTO public.grado_tema_vocablo(grado_id, tema_id, vocablo_id)
      VALUES (6, 0, 837);
    

    INSERT INTO public.grado_tema_vocablo(grado_id, tema_id, vocablo_id)
      VALUES (6, 9, 838);
    

    INSERT INTO public.grado_tema_vocablo(grado_id, tema_id, vocablo_id)
      VALUES (6, 21, 839);
    

    INSERT INTO public.grado_tema_vocablo(grado_id, tema_id, vocablo_id)
      VALUES (6, 21, 840);
    

    INSERT INTO public.grado_tema_vocablo(grado_id, tema_id, vocablo_id)
      VALUES (6, 15, 841);
    

    INSERT INTO public.grado_tema_vocablo(grado_id, tema_id, vocablo_id)
      VALUES (6, 16, 842);
    

    INSERT INTO public.grado_tema_vocablo(grado_id, tema_id, vocablo_id)
      VALUES (6, 16, 843);
    

    INSERT INTO public.grado_tema_vocablo(grado_id, tema_id, vocablo_id)
      VALUES (6, 1, 844);
    

    INSERT INTO public.grado_tema_vocablo(grado_id, tema_id, vocablo_id)
      VALUES (6, 9, 845);
    

    INSERT INTO public.grado_tema_vocablo(grado_id, tema_id, vocablo_id)
      VALUES (6, 0, 846);
    

    INSERT INTO public.grado_tema_vocablo(grado_id, tema_id, vocablo_id)
      VALUES (6, 25, 847);
    

    INSERT INTO public.grado_tema_vocablo(grado_id, tema_id, vocablo_id)
      VALUES (6, 20, 848);
    

    INSERT INTO public.grado_tema_vocablo(grado_id, tema_id, vocablo_id)
      VALUES (6, 21, 849);
    

    INSERT INTO public.grado_tema_vocablo(grado_id, tema_id, vocablo_id)
      VALUES (6, 20, 850);
    

    INSERT INTO public.grado_tema(grado_id, tema_id)
      VALUES (6, 40);
    

    INSERT INTO public.grado_tema_vocablo(grado_id, tema_id, vocablo_id)
      VALUES (6, 40, 851);
    

    INSERT INTO public.grado_tema_vocablo(grado_id, tema_id, vocablo_id)
      VALUES (6, 25, 852);
    

    INSERT INTO public.grado_tema_vocablo(grado_id, tema_id, vocablo_id)
      VALUES (6, 0, 853);
    

    INSERT INTO public.grado_tema_vocablo(grado_id, tema_id, vocablo_id)
      VALUES (6, 21, 854);
    

    INSERT INTO public.grado_tema(grado_id, tema_id)
      VALUES (6, 23);
    

    INSERT INTO public.grado_tema_vocablo(grado_id, tema_id, vocablo_id)
      VALUES (6, 23, 855);
    

    INSERT INTO public.grado_tema_vocablo(grado_id, tema_id, vocablo_id)
      VALUES (6, 0, 856);
    

    INSERT INTO public.grado_tema_vocablo(grado_id, tema_id, vocablo_id)
      VALUES (6, 0, 857);
    

    INSERT INTO public.grado_tema_vocablo(grado_id, tema_id, vocablo_id)
      VALUES (6, 0, 858);
    

    INSERT INTO public.grado_tema_vocablo(grado_id, tema_id, vocablo_id)
      VALUES (6, 3, 859);
    

    INSERT INTO public.grado_tema_vocablo(grado_id, tema_id, vocablo_id)
      VALUES (6, 22, 860);
    

    INSERT INTO public.grado_tema_vocablo(grado_id, tema_id, vocablo_id)
      VALUES (6, 0, 546);
    

    INSERT INTO public.grado_tema_vocablo(grado_id, tema_id, vocablo_id)
      VALUES (6, 0, 861);
    

    INSERT INTO public.grado_tema_vocablo(grado_id, tema_id, vocablo_id)
      VALUES (6, 25, 862);
    

    INSERT INTO public.grado_tema_vocablo(grado_id, tema_id, vocablo_id)
      VALUES (6, 1, 863);
    

    INSERT INTO public.grado_tema_vocablo(grado_id, tema_id, vocablo_id)
      VALUES (6, 22, 864);
    

    INSERT INTO public.grado_tema_vocablo(grado_id, tema_id, vocablo_id)
      VALUES (6, 22, 865);
    

    INSERT INTO public.grado_tema_vocablo(grado_id, tema_id, vocablo_id)
      VALUES (6, 30, 866);
    

    INSERT INTO public.grado_tema_vocablo(grado_id, tema_id, vocablo_id)
      VALUES (6, 40, 867);
    

    INSERT INTO public.grado_tema_vocablo(grado_id, tema_id, vocablo_id)
      VALUES (6, 21, 868);
    

    INSERT INTO public.grado_tema_vocablo(grado_id, tema_id, vocablo_id)
      VALUES (6, 21, 869);
    

    INSERT INTO public.grado_tema_vocablo(grado_id, tema_id, vocablo_id)
      VALUES (6, 22, 870);
    

    INSERT INTO public.grado_tema_vocablo(grado_id, tema_id, vocablo_id)
      VALUES (6, 1, 871);
    

    INSERT INTO public.grado_tema_vocablo(grado_id, tema_id, vocablo_id)
      VALUES (6, 1, 872);
    

    INSERT INTO public.grado_tema_vocablo(grado_id, tema_id, vocablo_id)
      VALUES (6, 12, 873);
    

    INSERT INTO public.grado_tema_vocablo(grado_id, tema_id, vocablo_id)
      VALUES (6, 20, 874);
    

    INSERT INTO public.grado_tema_vocablo(grado_id, tema_id, vocablo_id)
      VALUES (6, 22, 875);
    

    INSERT INTO public.grado_tema_vocablo(grado_id, tema_id, vocablo_id)
      VALUES (6, 22, 876);
    

    INSERT INTO public.grado_tema_vocablo(grado_id, tema_id, vocablo_id)
      VALUES (6, 1, 877);
    

    INSERT INTO public.grado_tema_vocablo(grado_id, tema_id, vocablo_id)
      VALUES (6, 18, 878);
    

    INSERT INTO public.grado_tema_vocablo(grado_id, tema_id, vocablo_id)
      VALUES (6, 30, 879);
    

    INSERT INTO public.grado_tema_vocablo(grado_id, tema_id, vocablo_id)
      VALUES (6, 0, 880);
    

    INSERT INTO public.grado_tema_vocablo(grado_id, tema_id, vocablo_id)
      VALUES (6, 0, 881);
    

    INSERT INTO public.grado_tema_vocablo(grado_id, tema_id, vocablo_id)
      VALUES (6, 0, 882);
    

    INSERT INTO public.grado_tema_vocablo(grado_id, tema_id, vocablo_id)
      VALUES (6, 0, 883);
    

    INSERT INTO public.grado_tema_vocablo(grado_id, tema_id, vocablo_id)
      VALUES (6, 0, 884);
    

    INSERT INTO public.grado_tema_vocablo(grado_id, tema_id, vocablo_id)
      VALUES (6, 0, 885);
    

    INSERT INTO public.grado_tema_vocablo(grado_id, tema_id, vocablo_id)
      VALUES (6, 30, 886);
    

    INSERT INTO public.grado_tema_vocablo(grado_id, tema_id, vocablo_id)
      VALUES (6, 16, 887);
    

    INSERT INTO public.grado_tema_vocablo(grado_id, tema_id, vocablo_id)
      VALUES (6, 30, 888);
    

    INSERT INTO public.grado_tema_vocablo(grado_id, tema_id, vocablo_id)
      VALUES (6, 23, 889);
    

    INSERT INTO public.grado_tema_vocablo(grado_id, tema_id, vocablo_id)
      VALUES (6, 22, 890);
    

    INSERT INTO public.grado_tema_vocablo(grado_id, tema_id, vocablo_id)
      VALUES (6, 25, 891);
    

    INSERT INTO public.grado_tema_vocablo(grado_id, tema_id, vocablo_id)
      VALUES (6, 5, 892);
    

    INSERT INTO public.grado_tema_vocablo(grado_id, tema_id, vocablo_id)
      VALUES (6, 21, 893);
    

    INSERT INTO public.grado_tema_vocablo(grado_id, tema_id, vocablo_id)
      VALUES (6, 9, 894);
    

    INSERT INTO public.grado_tema_vocablo(grado_id, tema_id, vocablo_id)
      VALUES (6, 21, 895);
    

    INSERT INTO public.grado_tema_vocablo(grado_id, tema_id, vocablo_id)
      VALUES (6, 30, 896);
    

    INSERT INTO public.grado_tema_vocablo(grado_id, tema_id, vocablo_id)
      VALUES (6, 39, 897);
    

    INSERT INTO public.grado_tema_vocablo(grado_id, tema_id, vocablo_id)
      VALUES (6, 19, 898);
    

    INSERT INTO public.grado_tema_vocablo(grado_id, tema_id, vocablo_id)
      VALUES (6, 30, 899);
    

    INSERT INTO public.grado_tema_vocablo(grado_id, tema_id, vocablo_id)
      VALUES (6, 9, 900);
    

    INSERT INTO public.grado_tema_vocablo(grado_id, tema_id, vocablo_id)
      VALUES (6, 1, 901);
    

    INSERT INTO public.grado_tema_vocablo(grado_id, tema_id, vocablo_id)
      VALUES (6, 20, 902);
    

    INSERT INTO public.grado_tema_vocablo(grado_id, tema_id, vocablo_id)
      VALUES (6, 20, 903);
    

    INSERT INTO public.grado_tema_vocablo(grado_id, tema_id, vocablo_id)
      VALUES (6, 20, 904);
    

    INSERT INTO public.grado_tema_vocablo(grado_id, tema_id, vocablo_id)
      VALUES (6, 20, 905);
    

    INSERT INTO public.grado_tema_vocablo(grado_id, tema_id, vocablo_id)
      VALUES (6, 20, 906);
    

    INSERT INTO public.grado_tema_vocablo(grado_id, tema_id, vocablo_id)
      VALUES (6, 20, 907);
    

    INSERT INTO public.grado_tema_vocablo(grado_id, tema_id, vocablo_id)
      VALUES (6, 30, 908);
    

    INSERT INTO public.grado_tema_vocablo(grado_id, tema_id, vocablo_id)
      VALUES (6, 9, 909);
    

    INSERT INTO public.grado_tema_vocablo(grado_id, tema_id, vocablo_id)
      VALUES (6, 21, 910);
    

    INSERT INTO public.grado_tema_vocablo(grado_id, tema_id, vocablo_id)
      VALUES (6, 20, 911);
    

    INSERT INTO public.grado_tema_vocablo(grado_id, tema_id, vocablo_id)
      VALUES (6, 21, 912);
    

    INSERT INTO public.grado_tema_vocablo(grado_id, tema_id, vocablo_id)
      VALUES (6, 31, 913);
    

    INSERT INTO public.grado_tema_vocablo(grado_id, tema_id, vocablo_id)
      VALUES (6, 39, 914);
    

    INSERT INTO public.grado_tema_vocablo(grado_id, tema_id, vocablo_id)
      VALUES (6, 4, 915);
    

    INSERT INTO public.grado_tema_vocablo(grado_id, tema_id, vocablo_id)
      VALUES (6, 25, 916);
    

    INSERT INTO public.grado_tema_vocablo(grado_id, tema_id, vocablo_id)
      VALUES (6, 9, 917);
    

    INSERT INTO public.grado_tema(grado_id, tema_id)
      VALUES (6, 41);
    

    INSERT INTO public.grado_tema_vocablo(grado_id, tema_id, vocablo_id)
      VALUES (6, 41, 918);
    

    INSERT INTO public.grado_tema_vocablo(grado_id, tema_id, vocablo_id)
      VALUES (6, 41, 919);
    

    INSERT INTO public.grado_tema_vocablo(grado_id, tema_id, vocablo_id)
      VALUES (6, 41, 920);
    

    INSERT INTO public.grado_tema_vocablo(grado_id, tema_id, vocablo_id)
      VALUES (6, 4, 921);
    

    INSERT INTO public.grado_tema_vocablo(grado_id, tema_id, vocablo_id)
      VALUES (6, 41, 922);
    

    INSERT INTO public.grado_tema_vocablo(grado_id, tema_id, vocablo_id)
      VALUES (6, 41, 923);
    

    INSERT INTO public.grado_tema_vocablo(grado_id, tema_id, vocablo_id)
      VALUES (6, 41, 924);
    

    INSERT INTO public.grado_tema_vocablo(grado_id, tema_id, vocablo_id)
      VALUES (6, 41, 925);
    

    INSERT INTO public.grado_tema_vocablo(grado_id, tema_id, vocablo_id)
      VALUES (6, 41, 926);
    

    INSERT INTO public.grado_tema_vocablo(grado_id, tema_id, vocablo_id)
      VALUES (6, 41, 927);
    

    INSERT INTO public.grado_tema_vocablo(grado_id, tema_id, vocablo_id)
      VALUES (6, 41, 928);
    

    INSERT INTO public.grado_tema_vocablo(grado_id, tema_id, vocablo_id)
      VALUES (6, 41, 929);
    

    INSERT INTO public.grado_tema_vocablo(grado_id, tema_id, vocablo_id)
      VALUES (6, 41, 930);
    

    INSERT INTO public.grado_tema_vocablo(grado_id, tema_id, vocablo_id)
      VALUES (6, 41, 931);
    

    INSERT INTO public.grado_tema_vocablo(grado_id, tema_id, vocablo_id)
      VALUES (6, 28, 932);
    

    INSERT INTO public.grado_tema_vocablo(grado_id, tema_id, vocablo_id)
      VALUES (6, 41, 933);
    

    INSERT INTO public.grado_tema_vocablo(grado_id, tema_id, vocablo_id)
      VALUES (6, 19, 934);
    

    INSERT INTO public.grado_tema_vocablo(grado_id, tema_id, vocablo_id)
      VALUES (6, 41, 935);
    

    INSERT INTO public.grado_tema_vocablo(grado_id, tema_id, vocablo_id)
      VALUES (6, 4, 936);
    

    INSERT INTO public.grado_tema_vocablo(grado_id, tema_id, vocablo_id)
      VALUES (6, 41, 937);
    

    INSERT INTO public.grado_tema_vocablo(grado_id, tema_id, vocablo_id)
      VALUES (6, 41, 938);
    

    INSERT INTO public.grado_tema_vocablo(grado_id, tema_id, vocablo_id)
      VALUES (6, 41, 939);
    

    INSERT INTO public.grado_tema_vocablo(grado_id, tema_id, vocablo_id)
      VALUES (6, 30, 940);
    

    INSERT INTO public.grado_tema_vocablo(grado_id, tema_id, vocablo_id)
      VALUES (6, 41, 941);
    

    INSERT INTO public.grado_tema_vocablo(grado_id, tema_id, vocablo_id)
      VALUES (6, 41, 942);
    

    INSERT INTO public.grado_tema_vocablo(grado_id, tema_id, vocablo_id)
      VALUES (6, 41, 943);
    

    INSERT INTO public.grado_tema_vocablo(grado_id, tema_id, vocablo_id)
      VALUES (6, 41, 944);
    

    INSERT INTO public.grado_tema_vocablo(grado_id, tema_id, vocablo_id)
      VALUES (6, 41, 945);
    

    INSERT INTO public.grado_tema_vocablo(grado_id, tema_id, vocablo_id)
      VALUES (6, 41, 946);
    

    INSERT INTO public.grado_tema_vocablo(grado_id, tema_id, vocablo_id)
      VALUES (6, 41, 947);
    

    INSERT INTO public.grado_tema_vocablo(grado_id, tema_id, vocablo_id)
      VALUES (6, 41, 948);
    

    INSERT INTO public.grado_tema_vocablo(grado_id, tema_id, vocablo_id)
      VALUES (6, 41, 949);
    

    INSERT INTO public.grado_tema(grado_id, tema_id)
      VALUES (6, 42);
    

    INSERT INTO public.grado_tema_vocablo(grado_id, tema_id, vocablo_id)
      VALUES (6, 42, 950);
    

    INSERT INTO public.grado_tema_vocablo(grado_id, tema_id, vocablo_id)
      VALUES (6, 0, 951);
    

    INSERT INTO public.grado_tema_vocablo(grado_id, tema_id, vocablo_id)
      VALUES (6, 23, 952);
    

    INSERT INTO public.grado_tema_vocablo(grado_id, tema_id, vocablo_id)
      VALUES (6, 42, 953);
    

    INSERT INTO public.grado_tema_vocablo(grado_id, tema_id, vocablo_id)
      VALUES (6, 30, 954);
    

    INSERT INTO public.grado_tema_vocablo(grado_id, tema_id, vocablo_id)
      VALUES (6, 30, 955);
    

    INSERT INTO public.grado_tema_vocablo(grado_id, tema_id, vocablo_id)
      VALUES (6, 30, 956);
    

    INSERT INTO public.grado_tema_vocablo(grado_id, tema_id, vocablo_id)
      VALUES (6, 42, 957);
    

    INSERT INTO public.grado_tema_vocablo(grado_id, tema_id, vocablo_id)
      VALUES (6, 42, 958);
    

    INSERT INTO public.grado_tema_vocablo(grado_id, tema_id, vocablo_id)
      VALUES (6, 42, 959);
    

    INSERT INTO public.grado_tema_vocablo(grado_id, tema_id, vocablo_id)
      VALUES (6, 30, 960);
    

    INSERT INTO public.grado_tema_vocablo(grado_id, tema_id, vocablo_id)
      VALUES (6, 0, 961);
    

    INSERT INTO public.grado_tema_vocablo(grado_id, tema_id, vocablo_id)
      VALUES (6, 30, 962);
    

    INSERT INTO public.grado_tema_vocablo(grado_id, tema_id, vocablo_id)
      VALUES (6, 30, 963);
    

    INSERT INTO public.grado_tema_vocablo(grado_id, tema_id, vocablo_id)
      VALUES (6, 0, 307);
    

    INSERT INTO public.grado_tema_vocablo(grado_id, tema_id, vocablo_id)
      VALUES (6, 23, 964);
    

    INSERT INTO public.grado_tema_vocablo(grado_id, tema_id, vocablo_id)
      VALUES (6, 30, 965);
    

    INSERT INTO public.grado_tema_vocablo(grado_id, tema_id, vocablo_id)
      VALUES (6, 30, 966);
    

    INSERT INTO public.grado_tema_vocablo(grado_id, tema_id, vocablo_id)
      VALUES (6, 30, 967);
    

    INSERT INTO public.grado_tema_vocablo(grado_id, tema_id, vocablo_id)
      VALUES (6, 3, 968);
    

    INSERT INTO public.grado_tema_vocablo(grado_id, tema_id, vocablo_id)
      VALUES (6, 30, 969);
    

    INSERT INTO public.grado_tema_vocablo(grado_id, tema_id, vocablo_id)
      VALUES (6, 30, 970);
    

    INSERT INTO public.grado_tema_vocablo(grado_id, tema_id, vocablo_id)
      VALUES (6, 42, 971);
    

    INSERT INTO public.grado_tema_vocablo(grado_id, tema_id, vocablo_id)
      VALUES (6, 42, 972);
    

    INSERT INTO public.grado_tema_vocablo(grado_id, tema_id, vocablo_id)
      VALUES (6, 25, 973);
    

    INSERT INTO public.grado_tema_vocablo(grado_id, tema_id, vocablo_id)
      VALUES (6, 30, 974);
    

    INSERT INTO public.grado_tema_vocablo(grado_id, tema_id, vocablo_id)
      VALUES (6, 9, 975);
    

    INSERT INTO public.grado_tema_vocablo(grado_id, tema_id, vocablo_id)
      VALUES (6, 42, 976);
    

    INSERT INTO public.grado_tema_vocablo(grado_id, tema_id, vocablo_id)
      VALUES (6, 30, 977);
    

    INSERT INTO public.grado_tema_vocablo(grado_id, tema_id, vocablo_id)
      VALUES (6, 30, 978);
    

    INSERT INTO public.grado_tema_vocablo(grado_id, tema_id, vocablo_id)
      VALUES (6, 42, 979);
    

    INSERT INTO public.grado_tema_vocablo(grado_id, tema_id, vocablo_id)
      VALUES (6, 30, 980);
    

    INSERT INTO public.grado_tema_vocablo(grado_id, tema_id, vocablo_id)
      VALUES (6, 3, 73);
    

    INSERT INTO public.grado_tema_vocablo(grado_id, tema_id, vocablo_id)
      VALUES (6, 30, 981);
    

    INSERT INTO public.grado_tema_vocablo(grado_id, tema_id, vocablo_id)
      VALUES (6, 42, 982);
    

    INSERT INTO public.grado_tema_vocablo(grado_id, tema_id, vocablo_id)
      VALUES (6, 23, 983);
    

    INSERT INTO public.grado_tema_vocablo(grado_id, tema_id, vocablo_id)
      VALUES (6, 25, 984);
    

    INSERT INTO public.grado_tema_vocablo(grado_id, tema_id, vocablo_id)
      VALUES (6, 6, 985);
    

    INSERT INTO public.grado_tema_vocablo(grado_id, tema_id, vocablo_id)
      VALUES (6, 30, 986);
    

    INSERT INTO public.grado_tema_vocablo(grado_id, tema_id, vocablo_id)
      VALUES (6, 42, 987);
    

    INSERT INTO public.grado_tema_vocablo(grado_id, tema_id, vocablo_id)
      VALUES (6, 30, 988);
    

    INSERT INTO public.grado_tema_vocablo(grado_id, tema_id, vocablo_id)
      VALUES (6, 42, 989);
    

    INSERT INTO public.grado_tema_vocablo(grado_id, tema_id, vocablo_id)
      VALUES (6, 0, 990);
    

    INSERT INTO public.grado_tema_vocablo(grado_id, tema_id, vocablo_id)
      VALUES (6, 30, 991);
    

    INSERT INTO public.grado_tema_vocablo(grado_id, tema_id, vocablo_id)
      VALUES (6, 30, 992);
    

    INSERT INTO public.grado_tema_vocablo(grado_id, tema_id, vocablo_id)
      VALUES (6, 13, 993);
    

    INSERT INTO public.grado_tema_vocablo(grado_id, tema_id, vocablo_id)
      VALUES (6, 42, 994);
    

    INSERT INTO public.grado_tema_vocablo(grado_id, tema_id, vocablo_id)
      VALUES (6, 42, 995);
    

    INSERT INTO public.grado_tema_vocablo(grado_id, tema_id, vocablo_id)
      VALUES (6, 25, 996);
    

    INSERT INTO public.grado_tema_vocablo(grado_id, tema_id, vocablo_id)
      VALUES (6, 30, 997);
    

    INSERT INTO public.grado_tema_vocablo(grado_id, tema_id, vocablo_id)
      VALUES (6, 30, 998);
    

    INSERT INTO public.grado_tema_vocablo(grado_id, tema_id, vocablo_id)
      VALUES (6, 9, 999);
    